Class Index,Title,text
3,National Foods to look for protector,"29/10/2004 National Foods will hunt for a  quot;white knight quot; to protect it from Fonterras \$A1.62 billion (\$NZ1.76 billion) bid, raising the risk New Zealand dairy farmers will get dragged into an expensive bidding war."
2,Surrey poised to sign Harbhajan,Surrey are waiting for approval from the Board of Control for Cricket in India before announcing Harbhajan Singh as an overseas signing for 2005.
4,Cassini photos leaves some mysteries,Cassini #39;s latest sweep past Saturn #39;s moon Titan revealed more intriguing pictures of the surface but left many mysteries intact.
1,Rebel threat on the roads leaves Katmandu isolated,"KATMANDU, Nepal The Nepali capital was largely cut off from the rest of the country on Wednesday after Maoist rebels threatened to attack any vehicles traveling on main roads, in a virtual blockade of Katmandu to press their demands for the release of ..."
1,Russia: the losing battle against terrorism and insurgency,Terrorism in Russia took on horrifying proportions in August and early September when more than 400 people were killed in four separate incidents in a span of less than two weeks.
3,"Rivals Ocean Spray, Northland make peace",Cranberry juice rivals Ocean Spray and Northland have ended their legal battle and agreed to join forces. The companies said Friday that Ocean Spray will take over its smaller rival #39;s 
4,Apple's IPod Features U2 Collaboration (AP),AP - Apple Computer Inc. on Tuesday introduced a new larger-capacity iPod with a color display as well as a first-of-its-kind digital compendium of the rock band U2's songs.
4,Novell #39;s Microsoft attack completes Linux conversion,"Novell Inc. has completed its conversion to Linux by launching an attack on Microsoft Corp., claiming that the company has stifled software innovation and that the market will abandon Microsoft Windows at some point in the future."
2,Washington chooses a stadium site for Expos,"The DC Sports and Entertainment Commission outlined its plans Tuesday night in a meeting with city government officials. An official involved in the process, speaking on condition of anonymity, told The Associated "
2,"Shakhtar to beat Celtic twice, bets Marica","Donetsk, Ukraine, Oct. 20 -- Shakhtar Donetsks Romanian teenage forward Ciprian Marica believes his sides strong team spirit will see them beat Celtic twice in the UEFA Champions League."
4,Plus: Cendant reported to buy Ebookers,"SAN FRANCISCO (CBS.MW) -- Not only did the word  quot;blog quot; enter Merriam-Webster #39;s dictionary this year, but Microsoft is getting on the personalized e-journal bandwagon."
2,CASEY COMMENTS NOT  #39;SMART #39; - VERPLANK,The backlash to anti-American comments by Ryder Cup player Paul Casey has already started - and is likely only to get worse in the coming months.
2,Edwards Banned from Games - Source," ATHENS (Reuters) - World 100 meters champion Torri Edwards  will miss the Athens Olympics after her appeal against a  two-year drugs ban was dismissed on Tuesday, a source told  Reuters."
3,G7 fails to reach debt deal,Hopes of a deal to write off completely the debts of some of the world #39;s poorest countries were dashed after the Group of Seven rich nations club failed to reach agreement.
3,Goldman Sachs Enters Fray for Takefuji,Goldman Sachs Group Inc. may be in talks with the founding family of top Japanese consumer finance firm Takefuji Corp. for a stake of over \$2.
2,Brazilian victory lifts Williams,The Williams team breathed a sigh of relief after Juan Pablo Montoya #39;s victory in the Brazilian Grand Prix. The team finished fourth in the constructors standings but technical director Sam Michael was full of praise for the Colombian #39;s performance.
4,"Lacie announces external SATA harddrive, high-end LCD","Lacie today introduced a new series of external harddrives with SATA interface at the SMAU trade show in Milan, Italy. The drives are available in capacities up to 400 GByte."
4,AOL aims to boost IM on mobiles,"AOL has kicked off an initiative designed to make it easier for developers to engineer, test and distribute licensed AOL Instant Messenger (AIM) clients for mobile devices."
3,Share-deal ban signals MGM deal,"MOVIE studio Metro-Goldwyn Meyer has reportedly banned some of its staff from buying or selling its shares, stoking speculation that a multibillion-dollar takeover of the group could be days away, with Time Warner the favoured candidate."
4,"Chip power, times 10","IBM, Sony Corp. and Toshiba Corp. on Monday unveiled some key details on the powerful new  quot;Cell quot; processor the three are jointly producing to run next-generation computers, game consoles and TVs."
4,Nokia says Intel won't replace TI ... yet,"Nokia Corp. has no immediate plans to use Intel Corp.'s processors in its handsets, the Finnish phone maker said Thursday, tempering an announcement earlier this week that Intel is building a reference design for a Symbian OS (operating system) mobile phone based on Nokia's Series 60 user interface."
4,"IBM, partners roll out ID management suite","IBM Corp. and four partners on Wednesday announced what they call a ""major breakthrough"" in identity management designed to help business and government agencies protect assets, including IT systems and physical facilities, from unauthorized users."
4,Euro supercomputing initiative welcomes users,"European researchers can now turn to a new supercomputing network for help in their scientific endeavors.  quot;We have just completed testing, quot; said David Henty with the Edinburgh Parallel Computing Centre, a "
1,Stocks Climb on Strong Economic Data,"NEW YORK - Newly optimistic investors sent stocks sharply higher Friday, propelling the Dow Jones industrials up more than 100 points, after economic data showed strength in manufacturing and construction. Wall Street greeted the departure of PeopleSoft Inc.'s chief executive by buying up technology shares..."
1,Kerry Campaign Seeks Equal Time Over Film (AP),"AP - Sen. John Kerry's presidential campaign, contending that Sinclair Broadcast Group wants to help President Bush by airing an anti-Kerry documentary two weeks before the election, asked on Friday that each station carrying the program provide a similar amount of time to Kerry supporters."
4,Taiwan #39;s Acer picks a European as president,"TAIPEI Acer, the Taiwan computer company, named Gianfranco Lanci of Italy as its president on Wednesday, an appointment that signals the company #39;s ambitions to expand its global market share."
2,Conte turned athletes into towers of power,"HE IS THE face of sporting evil, this man who once was an accomplished bass player and now leers at us from a television screen describing the hell he hath wrought on the games people play and on the people who play them."
3,"Update 4: Tokyo Stocks Fall, US Dollar Climbs","Tokyo share prices fell steeply Friday, led by technology stocks after a disappointing report from US chip giant Intel. The US dollar was up against the Japanese yen."
3,SABMiller #39;s China JV in \$154m deal,"SABMiller, the world #39;s second largest brewer #39;s Chinese joint-venture, China Resources Breweries Limited (CRB) has acquired the Chinese brewing interests of Lion Nathan for an equity value of \$71-million and estimated assumed debt of \$83-million, CRM "
1,Ukraine awaits election-deal details,The Supreme Court is expected to rule Friday on rerunning the country's disputed presidential election.
4,Remote Control Could Save Soldiers' Lives (AP),"AP - Unmanned aerial vehicles and other so-called ""stand-off"" weapons, whether currently used or in secret testing, belong to a developing high-tech arsenal that the U.S. military says will help minimize casualties as it battles insurgents."
2,Not quite high Tech,"Virginia Tech just couldn't seem to get going. There were turnovers. There were botched plays. There were missed opportunities. Then, in the last 5 1/2 minutes, Bryan Randall and the Hokies turned it all around."
2,Steelers #39; Burress won #39;t return against Giants,"Thursday, he took himself out of consideration during a conversation with Pittsburgh Steelers trainer John Norwig.  quot;When I #39;m running full speed and make a little move, I still feel it a little bit, quot; Burress said of his hamstring."
2,Hearing held on Hamm medal,Paul Hamm said yesterday that he would give back his Olympic gold medal if sport #39;s highest court ordered him to. But lawyers for the American gymnast and the 
1,"Weakened Arafat Heads for France, Cancer Suspected"," RAMALLAH, West Bank (Reuters) - Palestinian leader Yasser  Arafat, weakened by what doctors think may be leukemia, flew  for treatment in France on Friday from the besieged West Bank  headquarters where he has been pinned for over 2-1/2 years."
1,Election chaos? (U.S. News   World Report),"U.S. News   World Report - Michael Cadigan's day job is practicing commercial law in Albuquerque. But over eggs at the trendy Gold Street Caffe in the heart of downtown, he and a dozen other lawyers are immersing themselves in the intricacies of election law. On Election Day, they plan to be out in force for Democrat John Kerry at polling places across New Mexico, where Al Gore won in 2000 by just 366 votes.  quot;We know there was a lot of monkey business with counting ballots before, quot; says Cadigan.  quot;We want to make sure that doesn't happen again. ..."
3,Beacon Shares Gain 22 Percent in Debut,Beacon Roofing Supply Inc. saw its shares jump nearly 22 percent in its first day of trading Thursday after the company priced its initial public offering at the midpoint of its expected \$12 to \$14 price range.
2,England sweeps Zims,England has swept its one-day series against Zimbabwe 4-0 with a 74-run win in Bulawayo. Veteran Darren Gough took 4-34 as Zimbabwe was bowled out for 187 chasing 262 for victory.
4,Sun To Refresh UltraSPARC Servers,"SAN FRANCISCOSun Microsystems Inc. next week will roll out two new servers featuring its UltraSPARC IV processors, a Sun executive said Friday."
2,Cabrera Leads Red Sox Past Blue Jays 5-4 (AP),"AP - Orlando Cabrera hit a run-scoring double off the Green Monster in the ninth inning on reliever Justin Speier's second pitch of the game, giving the Boston Red Sox a 5-4 win over the Toronto Blue Jays on Tuesday night."
2,Red Sox explode in the 8th for 12-5 win,"The New York Yankees are going to the playoffs, and they will probably go there as AL East champions, too. They just won #39;t be clinching the division in Fenway Park."
1,N Korea crisis talks set to resume,A top North Korean official has flagged the resumption of multilateral talks over the country #39;s efforts to develop nuclear weapons.
4,Playstation 3 to arrive spring 2006 In Japan,NVIDIA HAS MADE A big noise about Playstation 3 deal but unfortunately you won #39;t see this console any time soon. Nvidia stock holders definitely know about Sony and its Playstation 3 killer business and therefore Nvidia is recovering on the stock market.
3,Lockheed Martin led group wins 3 billion dollar US Postal Service &lt;b&gt;...&lt;/b&gt;,"OWEGO, United States : A group of technology and telecommunications heavyweights led by Lockheed Martin Corp has won a potential three billion dollar contract from the US Postal Service to revamp its vast data communication networks, Lockheed Martin said."
4,"Locusts Devastate Mauritania Crops, Others Escape (Reuters)","Reuters - Crop-devouring locusts have caused major\damage to cereals in Mauritania but other West and Central\African states have suffered much less than feared from the\worst infestation in over a decade, the U.N. said on Thursday."
1,US not involved in Afghan vigilante trial-official,"An Afghan court was following proper procedures in its trial of three US men accused of torture and kidnapping and the United States would exert no influence on next week #39;s verdict, a US official said on Tuesday."
2,Warriors lock up young veterans,"Staring at the possibility of watching two of his young standouts stage a walkout on opening night, Chris Mullin made one of the most important decisions in recent Golden State Warriors history Monday."
3,Yukos plans to fix itself before auction,"The Russian oil giant Yukos said yesterday that management was putting together an emergency plan to continue running the company for a few months, even after the auction of its prize asset in December."
4,REVIEW: New IMac G5 Short on Extras (AP),"AP - For six years, iMacs have set the standard for the PC industry with eye-popping designs, clever utilization of space and leaps forward in usability. Lately, though, Apple Computer Inc. seems to be making more waves with iPod music players than its venerable consumer PCs."
3,"With work, Dana-Farber learns from '94 mistakes","Nurse Teresa Mazeika has known the woman knitting in the blue reclining chair for months. But she asks Carolyn Harlow her name and birthday anyway, as she approaches with chemotherapy for Harlow's blood cancer. Mazeika, a 17-year nursing veteran at Dana-Farber Cancer Institute, isn't taking any chances that she is about to give the drug to the wrong patient."
2,A shot in the arm for all,"OLYMPIA, Greece -- A brilliant idea, taking the shot put back to the birthplace of the Olympic Games, proving, if nothing else, that everything old really can become new again. "
4,Intel Cancels Revamped Chip,The Intel Corporation said on Thursday that it was canceling its plans to market a faster version of its Pentium 4 chip for personal computers to focus on products with  quot;more bang for the buck.
2,Rocket wills Astros to win,"Houston - -- As if Roger Clemens did not have enough to chew on Saturday morning as he sat in the Astros #39; clubhouse, in walks owner Drayton McLane, not to say  quot;good luck quot; or  quot;go get  #39;em, quot; but to tell Clemens,  quot;This is what we got you for."
3,IP Proposal,Ameren is offering some union workers at Illinois Power the chance to walk away from new management. The Saint Louis based utility company announced a voluntary separation opportunity for certain Ameren IP employees.
1,Show lights up Paralympics,"The XII Paralympics begins in Athens, after a spectacular opening ceremony."
3,TV's Passport Stamp of Approval,The sixth season of a popular reality television show is ready to rock the world.
4,Science counts species on brink,"A list of 15,000 species threatened with extinction - many of them by human activity - is published."
2,"Three jockeys, one trainer arrested","LONDON -- British police arrested 16 people, including three jockeys and a trainer, Wednesday as part of a major crackdown on corruption in horse racing."
1,Insurgents hammer central Baghdad,"BAGHDAD - Insurgents hammered central Baghdad on Sunday with one of their most intense mortar and rocket barrages ever in the heart of the capital, heralding a day of violence that left nearly 60 dead nationwide as security appeared to spiral out of "
4,PalmSource Promises Linux OS,"PalmSource today promised a Linux version of its operating system, together with a cut-down offering for use in budget mobiles, after buying mobile phone developer China Mobilesoft."
3,Shopping surges ahead of Christmas,"Retail sales have risen sharply in the run-up to the key Christmas season, adding to data which suggests the economy is gathering pace and interest rates may rise next year."
2,Mumbai set for battle,"The battle lines are drawn on the third of the fourth and final test in Mumbai. After a miserable batting display, India fought back thanks to their bowlers to restrict Australia #39;s first innings lead to 99 runs."
2,Smith says Harmison is the weakest link,"The South Africa captain Graeme Smith has stirred things up before today #39;s first Test against England by claiming that Steve Harmison, the world #39;s leading bowler, is mentally vulnerable and can be disarmed for the rest of the five-Test series if the "
2,Athens coverage a winner for NBC,"NBC and its family of cable networks flooded American households with nearly nonstop coverage of the Athens Olympics, and the strategy - along with strong performances by the US teams in swimming and gymnastics -roduced not only a ratings increase "
3,Microsoft vs Sendo: It #39;s over,"The legal battle between UK phone manufacturer Sendo and Microsoft has been settled, the companies announced on Monday morning. Sendo had been suing Microsoft for the alleged theft of trade secrets, fraud "
1,Danish group #39;s gift criticized,A Danish group has caused controversy in Colombia by publicly donating money to the country #39;s largest Marxist guerrilla organization.
3,Fiat and General Motors to square up in Switzerland,MILAN (AFP) - Sharp differences between the Fiat Group and General Motors over an option by Fiat to sell its loss-making auto operations to GM will be the focus of a meeting between the two companies in Zurich on Tuesday.
2,Cocky Arsene,"Arsene Wenger is confident that Arsenal will make the knockout stages of the Champions League, despite needing to beat Rosenborg to make sure."
1,Ivory Coast Leader's Camp Criticizes Arms Ban, ABIDJAN (Reuters) - Supporters of Ivory Coast's President  Laurent Gbagbo criticized on Tuesday a United Nations decision  to impose an arms embargo on the world's top cocoa grower but  rebel leaders welcomed the move.
4,AOL Dumping Some Broadband,"unsupported writes  quot;Just days after news that AOL will be breaking up into 4 business units, AOL is telling existing broadband customers in 9 Southern states to find a new carrier."
1,Bush Urges Putin Uphold Russian Democracy (Reuters),"Reuters - President Bush on Wednesday urged\Russian President Vladimir Putin to ""uphold the principles of\democracy"" in a carefully worded message expressing concern\about Putin's proposed political reforms."
4,Nokia To Expand On-Device Storage Options,"&lt;a href=""http://news.com.com/NokiajoinsSecureDigitalindustrygroup/2100-1039_3-5365922.html""&gt;Nokia joins Secure Digital industry group&lt;/a&gt; &lt;font size=-1 color=#6f6f6f&gt;&lt;nobr&gt;CNET News.com&lt;/nobr&gt;"
1,Delegation Is Delayed Before Reaching Najaf,"AGHDAD, Iraq, Aug. 17  A delegation of Iraqis was delayed for security reasons today but still intended to visit Najaf to try to convince a rebellious Shiite cleric and his militia to evacuate a shrine in the holy city and end ..."
2,Starting for Cardinals Has Privileges,St. Louis is a collection of superstar position players and anonymous pitchers.
1,"Myanmar PM sacked, arrested for corruption (AFP)","AFP - Myanmar's Prime Minister General Khin Nyunt -- among the most reformist of the military regime's leaders -- has been sacked and placed under house arrest for alleged corruption, a Thai government spokesman said."
1,Panama pardons Castro 'plotters',Four men accused of planning to kill Cuba's Fidel Castro have been pardoned by Panama's president.
4,Oracle Overhauls Sales-Side Apps for CRM Suite (NewsFactor),"NewsFactor - Oracle (Nasdaq: ORCL) has revamped its sales-side CRM applications in version 11i.10 of its sales, marketing, partner relationship management and e-commerce application."
4,Nortel to file restated results next year,"Nortel Networks said today that after months of trying to untangle faulty financial results, it won't file its 2003 and first-half 2004 results until early next year."
2,Everton beats Liverpool 1-0 in Merseyside Derby,"Lee Carsley scored the winner in the 68th minute, giving Everton a 1-0 victory Saturday over Liverpool in the 200th Merseyside Derby."
2,Fleisher Surges Clear,Bruce Fleisher carded a seven-under-par 65 to take a three-shot lead after the second round of the Greater Hickory Classic in North Carolina.
3,Oil price down as Iraq fears ease,The price of oil has fallen as fears about interruptions to supplies being pumped out of Iraq eased slightly.
3,Airbus chief wins fight to take controls at Eads,The head of plane maker Airbus yesterday won a bitter battle to oust his boss from the helm of parent aerospace group Eads after winning the support of a key shareholder.
3,EU foreign ministers hope to break deadlock over ASEM summit,The European Union said Friday it  quot;hoped to reach a conclusion quot; at a meeting of foreign ministers on the participation of military-ruled Myanmar in an upcoming summit of Asian and European nations.
4,Siebel looks to midmarket to bolster revenues,CRM software giant Siebel Systems said yesterday that it is launching a new program that will cater to small and midsize businesses in a bid to help it boost flat revenues.
3,GM Protests Spread Across Europe,"Tens of thousands of General Motors workers across Europe were set to stop working on Tuesday in a sign of solidarity with their German colleagues, who face massive job cuts."
4,Disney takes sides in battle for next generation DVD,"Hollywood movie powerhouse Walt Disney has taken sides with Japans Sony Corp in a bitter battle between studios to define a technical standard for next generation DVDs, it said."
2,Camarillo #39;s Homer Lifts Mexico,"SOUTH WILLIAMSPORT, Pa., Aug. 26 -- Alan Camarillo #39;s first homer of the series came at a perfect time for Mexico. Camarillo hit a three-run homer in the 10th inning on Thursday to propel Guadalupe, Mexico, into "
4,U.S. Justice Department Cracks Down Internet Crime,"The FBI seized computers, software and equipment as part of an investigation into illegal sharing of copyrighted movies, music and games over an Internet ""peer-to-peer"" network, Attorney General John Ashcroft announced Wednesday."
1,Black Watch troops move into position,The first units of a Black Watch battlegroup are due to arrive today in their new positions south of Baghdad as Tony Blair indicated that more British troops may replace them in the American-controlled zone before the end of the year.
1,Ivorian unrest poses new test for France,"Two years after French forces arrived to restore order in turmoil-torn Ivory Coast, a peace agreement between Ivorian rebels and the government of President Laurent Gbagbo is in "
2,Spanish flyer: Markko Martin steers his Ford Focus during the &lt;b&gt;...&lt;/b&gt;,MARKKO MARTIN won his second event in succession as he held off a late charge from Marcus Gronholm to come out on top in the Rally of Catalunya.
2,Tenth-Ranked Ga. Gets Past Ark. 20-14 (AP),"AP - David Greene threw for a career-high 382 yards and two touchdowns, Thomas Brown rushed for 107 yards and No. 10 Georgia held off Arkansas 20-14."
1,'Wrong kind of fall' for Castro,The US declines to wish Fidel Castro a speedy recovery after he fractures bones in a fall at a public ceremony.
1,Ivory Coast Leader Urges End to Violence, ABIDJAN (Reuters) - Ivory Coast President Laurent Gbagbo  appealed for an end to the anti-French violence which erupted  after France destroyed most of the country's air force in  retaliation for the killing of nine French peacekeepers.
3,Bank sits tight on rates as house price inflation eases off,"By Malcolm Moore, Economics Correspondent (Filed: 10/09/2004). The Bank of England held interest rates at 4.75pc yesterday after a series of recent surveys showed the housing market was slowing down."
4,Dell cuts prices on many corporate products,"Dell on Monday said it had cut prices by as much as fifth for a range of products aimed at US corporate customers, as the computer maker passed along savings from cheaper components."
1,"Keep quiet on U.S. election, Martin tells loose-lipped cabinet (Canadian Press)",Canadian Press - OTTAWA (CP) - Prime Minister Paul Martin served notice to his Liberal cabinet Thursday to clam up with their personal opinions on the U.S. presidential election.
3,Stocks Higher on Drop in Jobless Claims,A sharp drop in initial unemployment claims and bullish forecasts from Nokia and Texas Instruments sent stocks higher in early trading Thursday.
1,EU Move on Cyprus Eases Way for Turkey Deal, BRUSSELS (Reuters) - The European Union and Turkey inched  toward a historic agreement on starting membership talks on  Friday as EU leaders softened their demands on the crucial  sticking point of Cyprus.
4,Bush Signs Internet Access Tax Ban,State and local governments will be barred from taxing connections that link people to the Internet for the next three years under legislation signed Friday by President Bush.
3,"Options expensing delay not enough,say US senators",A group of Republican senators vowed on Thursday to use the closing days of Congress this year to try and stop accounting rulemakers from requiring the expensing of stock options.
1,Hynix's 3Q Profit More Than Triples (AP),AP - South Korea's Hynix Semiconductor Inc. said Monday its third-quarter net profit more than tripled from same period last year thanks to steady global prices for memory chips.
2,Inzaghi fit for start of season,"AC Milan striker Filippo Inzaghi is fit for the start of the Serie A season after recovering from an ankle injury, the club said on Thursday."
4,Europeans hail latest data from Mars,"The European Space Agency says data collected by its probe, Mars Express, has provided new evidence in the search for life on Mars."
1,French Hostage Transfer Sparks Release Hopes," PARIS (Reuters) - Hopes of a swift end to the French  hostage crisis rose early Friday, after the Le Figaro newspaper  that employs one of the two captives said the men were now  being held by Iraqi guerrillas willing to negotiate their  release."
4,Chinese Mobile Phone Giant to Open Up to 3000 Internet Cafes,"China #39;s second-largest mobile phone company says it plans to open up to 3,000 Internet cafes by the end of this year. State-controlled China Unicom, which already operates 400 Internet cafes across the country "
1,Iran refutes allegation about collaboration with IAEA chief,"Iran on Sunday refuted a report made by some US media that UN nuclear watchdog chief Mohamed ElBaradei had collaborated with Iran by giving Tehran an advance look at his reports, the official IRNA news agency reported."
1,Afghanistan heads for vote count,"Afghans arrange votes in Kabul, capital of Afghanistan, Oct. 11, 2004. The Afghan Joint Electoral Management Body decided on Monday to suspend vote counting and start to investigate into the voting process."
1,Israeli Officer Arrested Over Killing of Gaza Girl (Reuters),Reuters - Israeli military police on Tuesday\arrested a commander accused by comrades of riddling the body\of a Palestinian schoolgirl with bullets after fellow soldiers\killed her.
4,US-European mission explores Saturn #39;s moon mysteries,This Nasa image shows Saturn #39;s lonely moon Mimas (R) seen against the blue-streaked backdrop of Saturn #39;s northern hemisphere.
2,"With Ban Pending, Hamilton Loses Ride","Tyler Hamilton, who won an Olympic gold medal for the United States in Athens, was fired last Thursday by Phonak, his Swiss cycling team, two months after testing positive for illegal blood transfusions."
1,Dive recovers Cromwell's sailor,"A sailor from a sunken ship belonging to Oliver Cromwell's navy had the upper body of a trapeze artist but bowed legs, his recovered skeleton shows."
4,London Times goes strictly tabloid,"After more than two centuries as a broadsheet newspaper, The Times of London has gone strictly tabloid. On Monday, The Times moved to a totally compact format after almost a year of dual publication."
3,Jones confirms deal to buy Barneys,"Jones Apparel Group said Thursday it struck a deal to acquire Barneys New York Inc., agreeing to pay \$400 million for the upscale clothing retailer #39;s outstanding stock and debt."
2,Showalter edges Twins #39; Gardenhire in AL,Texas #39; Buck Showalter and Atlanta #39;s Bobby Cox were named managers of the year Wednesday in balloting by the Baseball Writers #39; Association of America.
3,Probe Examining Fannie's Promises,Fannie Mae chief executive Franklin D. Raines invited reporters to his Wisconsin Avenue headquarters a year ago to complain good-naturedly that recent disclosures of accounting manipulations at smaller rival Freddie Mac had unjustly hurt his company.
4,Google Launches New Search Tool For Academics,"Google has rolled out a new search tool called, Google Scholar. Google Scholar enables you to search specifically for scholarly literature, including peer-reviewed papers, theses, books, preprints, abstracts "
4,Americans Have Dirty Paws,"New report gives them a 'C' for hand hygiene    HealthDayNews -- Americans are doing a crummy job of keeping their hands clean.    They got a ""C"" in hand hygiene in the 2004 Clean Hands Report Card produced by the Soap and Detergent Association..."
2,A new Golden Girl,It took only 49.41 seconds for Tonique Williams-Darling to etch her name in the annals of Bahamian history. Williams-Darling crossed the finish line 
2,Many NHL players head for Europe,"National Hockey League players began scattering across the globe yesterday in search of work on Day 1 of the lockout, with no negotiations scheduled between union and management."
1,US welcomes Sudan #39;s acceptance of expanded AU mission in Darfur,The United States welcomed on Friday Sudanese official #39;s announcement to accept a larger AfricanUnion (AU) mission in the western region of Darfur and urged the speedy deployment of AU troops.
1,Thailand to prosecute 300 Muslims detained in deadly riot,"BANGKOK : Thai Prime Minister Thaksin Shinawatra said the government would prosecute 300 Muslims detained at a riot this week that led to the deaths of 87 protesters, while another 900 would be released."
1,Zarqawi group claims attack on Australian soldiers in Baghdad (AFP),"AFP - The group loyal to Al-Qaeda-linked militant Abu Mussab al-Zarqawi claimed to have bombed an Australian convoy in Baghdad, in a statement posted on an Islamist website."
2,Bellhorn makes plenty of noise: Big,"Second baseman Mark Bellhorn stats, news issued the closing statement in the Red Sox stats, schedule #39; four-game sweep of the Detroit Tigers yesterday at Fenway Park."
2,"Spears, Stosur advance to quarterfinals","American Abigail Spears advanced to the quarterfinals of the Korea Open on Wednesday with a 6-3, 1-6, 6-3 win over second-seeded Shinobu Asagoe of Japan."
4,Barbarians at the Digital Gate,"How spyware, a program that creeps onto a computers hard drive unannounced, is wrecking the Internet."
1,Iran Warns Its Missiles Can Hit Anywhere in Israel," TEHRAN (Reuters) - A senior Iranian military official said  Sunday Israel and the United States would not dare attack Iran  since it could strike back anywhere in Israel with its latest  missiles, news agencies reported."
1,Iceland Offers Shelter to Fugitive Chess Player,"Fugitive chess master Bobby Fischer has been offered a new home in Iceland, where he won a classic victory in 1972, but it is unclear whether he will be able to make the move from his detention in Japan."
2,Police use stun gun to subdue T-Wolves #39; Olowokandi,Minnesota Timberwolves center Michael Olowokandi was arrested early yesterday after police used a stun gun to subdue him when he refused to leave an Indianapolis club.
1,Israelis force down Lufthansa jet,Israeli jets force a flight to Tel Aviv to land in Cyprus after a bomb alert  German officials did not consider serious.
2,Chiefs #39; offense too much for Rams in 24-7 victory,"The NFL #39;s highest-scoring offense is averaging two touchdowns every three possessions during the preseason. If Kansas City #39;s woeful defense can get its act together, too, the Chiefs could be in for big things."
1,Iran Suspends Key Nuclear Work to Avoid Sanctions,Iran on Monday froze sensitive nuclear work including uranium enrichment in a move likely to thwart US efforts to report the Islamic state to the UN Security Council for possible sanctions.
3,Manpower survey forecasts slow hiring in early 2005,Those planning to look for a job in the Kalamazoo area during the first quarter of 2005 might find the going slow. The pace of hiring among area employers is expected to be slow during the first quarter of 
4,Apple Recalls Flaming 15-inch PowerBook G4 Battery,"The affected batteries could overheat, posing a fire hazard. Apple received four reports of these batteries overheating. No injuries have been reported."
2,Tigers are right on target,"AUBURN, Ala. -- Jason Campbell passed for a career-high 297 yards and three touchdowns to lead No. 4 Auburn to a 38-20 rout of Arkansas yesterday."
1,Batman visits Buckingham Palace,"A security officer stands by as father #39;s rights campaigner Jason Hatch (R), dressed as Batman, protests on a balcony at Buckingham Palace in London, September 13, 2004."
1,Protests in Canada over Ukraine crisis (AFP),"AFP - Hundreds of Canadians, many of Ukrainian descent, braved freezing temperatures to protest what they consider to be the fixed outcome of the Ukrainian presidential election."
2,Japan #39;s baseball players avert another strike,Japan #39;s baseball players averted a second strike this weekend after agreeing that a new team will be allowed to join Japanese professional baseball next season.
2,"Giants 27, Browns 10",Kurt Warner and Michael Strahan made sure the New York Giants didn #39;t have a letdown against the injury-ravaged Cleveland Browns.
4,Piracy crackdown yields \$2.2 million,The Business Software Alliance collects out-of-court settlements from companies that violated copyright rules.
3,London oil drops to \$40 a barrel,The cost of a barrel of oil in London has dipped below \$40 as energy prices have continued to slide. The price of Brent crude in London fell to a three-week low of \$39.
2,CRICKET: Kaspa has selectors in a bind,MICHAEL Kasprowicz has put national selectors into a difficult situation with a five-wicket burst that has enhanced Australia #39;s hopes of snatching a maiden Champions Trophy in London this month.
3,Motorists Submitting to High Gas Prices (AP),"AP - Americans appear to be getting used to paying more to drive  #151; even if it means they have less money to buy other things. For example, Wal-Mart Stores Inc., the world's largest retailer, blamed disappointing sales in August on the fact that shoppers spent more just getting to and from its stores."
3,Johnson  amp; Johnson Facing Single-Digit Growth,Credit Suisse First Boston said it was  quot;still cautious quot; regarding Johnson  amp; Johnson (nyse: JNJ - news - people ) after the company reported quarterly results above Wall Street estimates.
1,Violent Protests Erupt Again in Haiti,"PORT-AU-PRINCE, Haiti Oct. 2, 2004 - Supporters of ousted President Jean-Bertrand Aristide took to the streets of Haiti #39;s capital for a second day, shooting wildly, smashing cars and blocking roads with burning tires."
1,Arafat Said to Have Liver Failure; PM to Visit," PARIS (Reuters) - Yasser Arafat, critically ill in a Paris  hospital, has suffered liver failure, a Palestinian official  said on Sunday as Arafat's subordinates decided in his absence  to enforce a law and order plan in Palestinian areas."
4,Firefox Turns Up The Browser War Heat,"Firefox, the Mozilla-based open-source browser has grown by more than a third over the past month, according to WebSideStory, an independent Web metrics firm."
2,Sherman remains confident after Packers #39; flop in Philly,"They were, in theory, the NFC #39;s second-best team. Now they #39;re not and no one else is, either. The NFC has the Philadelphia Eagles at the top, the San Francisco 49ers at the bottom and everyone else in the middle."
4,Genesis Set for Return to Earth,"Meteors are unpredictable. You never know, not exactly, when one will streak across the sky. Not so on Wednesday, September 8th. At precisely 8:52:46 a.m. Pacific Daylight Time (PDT), northwest of Bend, Oregon, a fireball will appear: a white-hot dot of light, brighter than the planet Venus, gliding across the blue morning sky."
3,Oil Prices Edge Below  #36;49 a Barrel (Reuters),Reuters - Oil prices edged below  #36;49 a barrel\on Wednesday as traders looked ahead to an expected build in\weekly U.S. inventory data that would help bolster the thin\supply cushion ahead of peak northern winter demand.
3,Symantec Said to Be in Talks for Veritas,"Symantec, which produces the Norton line of computer products, is in talks to acquire Veritas Software, a maker of data backup programs."
4,Can't Hide Your Lying ... Face?,"In search of the ultimate lie detector, researchers turn to thermal facial scans, brain wiring and eyeball tracking. But deception still, well, deceives. By Randy Dotinga."
3,"Less Turbulence Ahead for Airbus, Boeing","EU Trade Commissioner Peter Mandelson and his US counterpart, Robert Zoellick, aim for a truce in the latest transatlantic row over government aid for aviation rivals Boeing and Airbus."
2,Moya Upset in First Round of China Open (AP),"AP - Top-seeded Carlos Moya was upset by French qualifier Jo-Wilfried Tsonga 6-3, 6-3, in the first round of the China Open on Wednesday."
2,Dolphins owner Huizenga stayed with likeable Wannstedt a little &lt;b&gt;...&lt;/b&gt;,This bit of coaching euthanasia -- Dave Wannstedt getting whacked (or whatever they called it) by the Dolphins -- had to happen. I #39;m  quot;stepping aside for the good of the team #39; #39; is what he told me just after noon today.
2,A different ball game,"Two interesting stories this week. One - Manchester United #39;s signing of Wayne Rooney - exciting if rather predictable; another - Southampton #39;s apparent intent to hire England rugby union coach Sir Clive Woodward - surprising and, to many, baffling."
3,Reports: China Will See More Shortages,"Shortages of coal and electricity are expected to fail to keep up with demand this winter, state media reported Monday. The National Power Regulatory Commission reported high demand for virtually every region "
3,Fannie Mae agrees to accounting changes,"Fannie Mae, facing questions about its accounting similar to those that shook up Freddie Mac last year, has agreed to changes that will bring it in compliance with accounting standards."
2,"Caminiti, 41, dies of heart attack","SAN DIEGO - Ken Caminiti was never short of fearless on a baseball field. He made incredible stops at third base, swatted home runs from both sides of the plate and played through pain that would wither most men."
1,Gurkhas win citizenship fight,The Gurkhas who have served in the British Army have won an historic fight to be allowed to apply for British citizenship. The decision comes after a lengthy fight by the Nepalese soldiers for the right to 
1,Harry Flies Home after  #39;Kidnap Plot #39; Claims,Prince Harry flew back to the UK from Argentina today amid reports of a plot to kidnap him. Local media said that gunshots had been heard at a polo ranch where he was working.
4,Supreme Court Hears Wine Sales Case,"Winemakers who want to ship directly to consumers across state lines got a sympathetic hearing at the Supreme Court today, as the justices heard oral arguments in a case that could have a dramatic effect on Internet commerce and states' power to regulate the alcohol trade."
3,"Dollar Near Recent Lows, Awaits ZEW/CPI", LONDON (Reuters) - The dollar held steady near this week's  four-week low against the euro on Tuesday with investors  awaiting a German investor confidence survey and U.S. consumer  inflation numbers to shed light on the direction.
2,Hard-running Dillon #39;s difference in making champs even tougher,It wasn #39;t just to resuscitate one of the league #39;s worst rushing games. It was to make Dillon and that dreadful rushing attack allies when the weather and/or the opponent demanded it -- which they did Sunday 
2,Brett Favre Shines as Green Bay Mauls St. Louis, NEW YORK (Reuters) - Brett Favre celebrated his 200th  consecutive start by throwing three touchdown passes as the  Green Bay Packers destroyed the St. Louis Rams 45-17 at Lambeau  Field Monday.
1,Blair Flies to Stand by Bush in Post-Arafat Plans (Reuters),"Reuters - As George W. Bush formulates his plans\for a Middle East without Yasser Arafat, British Prime Minister\Tony Blair will be standing where he says he belongs: right by\the U.S. president's side."
2,Bonds Takes Stock,"The distraction of another milestone is gone, and Bonds is preparing himself to play every game for the rest of the season."
3,Flu Shot Shortage Highlights U.S. Crisis," WASHINGTON (Reuters) - Concerned health officials began  investigating on Friday what went wrong at a British vaccine  plant where half the U.S. flu shots were made, and called on  more companies to get into the vaccine business."
3,Manpower forecasts positive 4Q hiring pattern,Fourth quarter hiring in the Buffalo Niagara Falls market is expected to be on the rise according to the latest Manpower Employment Outlook Survey.
1,Bambang unveils plans for his first 100 days,"JAKARTA - Mr Susilo Bambang Yudhoyono, who is almost certain to emerge the winner of the country #39;s first direct presidential polls, has begun to unveil plans for his first 100 days in power."
3,Alaska #39;s summer tourism pegged at 1.4 million visitors,"The number of summer visitors to Alaska rose from the year before, prompting the president of the Alaska Travel Industry Association to say tourism appeared to be back on track since leveling off after the 2001 terrorist attacks."
2,Victory so sweet after Athens collapse,BRITAIN #39;S world record holder Paula Radcliffe ran away with the closest women #39;s winning margin in the history of the New York City marathon yesterday.
3,WTO Sanctions on US Exports Widens Gap in Congress,"Angry over unfair subsidies paid to US companies from tariffs collected on goods imported here, the WTO has widened the gap with Congress by imposing sanctions of their own."
3,Keeping Mad Cow Out of Cosmetics,"Since mad cow disease turned up in the United States late last year, traced to a cow imported from Canada, federal regulators have issued rules to prevent the spread of the fatal disease, focusing on limiting beef imports, testing and other measures to protect the domestic herd."
3,Bush Pledges Strong-Dollar Policy,"President Bush meets with Italian Prime Minister Silvio Berlusconi in the Oval Office of the White House, Wednesday, Dec. 15, 2004, in Washington."
1,Sharon faces Netanyahu challenge,"Israeli Prime Minister Ariel Sharon has received a surprise challenge to his plan to expedite a pullout from Gaza after Benjamin Netanyahu, his main rival in the Likud party, called for a referendum on the issue."
1,'Sherlock' Is Bicycling Across Australia,"PERTH, Australia - A former British soccer player raising money for a leukemia charity set off Wednesday on a coast-to-coast ride across Australia on a Victorian-era bicycle that is older than the country.    Leukemia survivor Lloyd Scott dressed up as fictional British supersleuth Sherlock Holmes, complete with tweed coat, deerstalker hat and a fake mustache for the 2,700-mile trip from Perth to Sydney..."
2,"** For the latest news, please refresh this page regularly **",What #39;s up? I see the whole world has their eyes on the Oscar vs. Bernard fight. My thought is Oscar is coming off with an upset.
2,"Redskins Trail, 14-10","The Ravens have pulled in front of the Redskins, 14-10, when B.J. Sams returns a punt 78 yards for a touchdown."
3,"TSA Deal Overpaid Boeing, Report Says","Boeing Co. received at least \$49 million in excessive profits on a \$1.2 billion contract to supply explosives-detection systems to hundreds of the nation #39;s airports, the Department of Homeland "
2,O's Still Fishing,"With big fish like Richie Sexson still looking for work and prizes like Tim Hudson being dangled in the market, the Orioles remain hopeful that they can bag a big catch."
1,"ASEAN to push Australia, New Zealand to sign non-aggression pact (AFP)",AFP - Southeast Asian foreign ministers said they would encourage Australia and New Zealand to accede to a non-aggression pact with their 10-nation ASEAN group that South Korea signed.
4,"Microsoft, Cisco partner on network-access security",Microsoft and Cisco Systems will collaborate to make their emerging products for network security compatible. The vendors had been working independently in the area of PC access to networks but say customers 
4,Bounties For Spammers Win  Limited FTC Backing,"The FTC gave limited endorsement to the notion of cash rewards for people who help track down e-mail spammers, but suggested that the measure might work in fewer circumstances than had been pushed by some anti-spam activists. &lt;br&gt;&lt;FONT face=""verdana,MS Sans Serif,arial,helvetica"" size=""-2"" color=""#666666""&gt;&lt;B&gt;-The Washington Post&lt;/B&gt;&lt;/FONT&gt;"
3,ADV: Try Currency Trading Risk-Free 30 Days,"24-hour commission-free trading, 100-to-1 leverage of your capital, and Dealbook Fx 2 - our free advanced trading software. Sign up for our free 30-day trial and receive one-on-one training."
2,Myskina caps magnificent year for Russia,Anastasia Myskina capped a magnificent year for Russian tennis by leading her country to their first Fed Cup title with a dramatic win over holders France.
3,"Nortel Cuts Fewer Jobs, Exits Real Estate"," OTTAWA (Reuters) - Nortel Networks Corp. &lt;A HREF=""http://www.investor.reuters.com/FullQuote.aspx?ticker=NT.TO target=/stocks/quickinfo/fullquote""&gt;NT.TO&lt;/A&gt; on  Thursday said it would eliminate about 10 percent of its work  force, slightly less than previously estimated, and consolidate  real estate in a cost-cutting plan that will save \$500 million  in 2005."
2,Pacers Activate Foster From Injured List (AP),AP - The Indiana Pacers activated center Jeff Foster from the injured list Tuesday.
1,EU Clears Flextronics Purchase of Units (AP),"AP - European Union regulators Friday cleared Singapore's Flextronics International Ltd., the world's largest contract electronics manufacturer, to acquire factories from Canada's Nortel Networks Corp."
3,China at G-7 Meeting for First Time,"China made its debut last night in the club of the world's leading economic powers, asinternational pressure mounts to change a decade-old currency peg that critics accuse of giving Chinese products an unfair competitive edge."
3,"Douglas, Fraser, and blue await you","Jim McLeod has a great day job, but a seasonal sideline is his  #39; #39;tree #39; #39; calling. Throughout the year, he #39;s president and owner of a software company called InfoCode Corp."
4,Avis blames IT for multimillion-dollar loss,"The car rental company takes a major hit because of problems with IT, including high costs associated with an ERP project."
3,Congress Asks SEC for Mutual Fund Study (Reuters),Reuters - The U.S. Congress asked the\Securities and Exchange Commission on Saturday to send\lawmakers a report justifying a new rule forcing mutual fund\boards to have independent chairmen.
4,Technical Hitch Delays Russia Space Station Launch (Reuters),"Reuters - The launch of a Russian rocket scheduled\to blast off to the International Space Station next month has\been postponed because of problems with the docking system,\Russia's space agency said on Wednesday."
3,US Airways Said to Plan to Ask Court for Pay Cuts,"S Airways plans to ask a federal bankruptcy judge on Oct. 7 to impose temporary pay cuts on its workers unless it can reach agreement with its unions before then, people who have been briefed on the company #39;s strategy said yesterday."
1,September Retail Sales Up by 1.5 Percent,"WASHINGTON - Shoppers got their buying groove back last month, propelling sales at the nation's retailers by a strong 1.5 percent. It was the best showing since March..."
3,"Update 1: UAL Posts \$274M Loss, Capping Bad Quarter","Record fuel costs and low air fares contributed to a \$274 million third-quarter loss for United Airlines #39; parent company, which warned again that labor costs must be slashed again soon in order for it to emerge from bankruptcy."
2,Maradona finalmente le dice  quot;adis quot; a la Argentina,"Argentine soccer legend Diego Maradona finally departed for Cuba Monday where he will resume his treatment for cocaine addiction. Maradona boarded a plane bound for Havana, telling fans he would return in a month #39;s time."
4,"Study: Apple, Dell lead PC customer satisfaction index","The PC industry is doing a better job this year of satisfying its U.S. customers, and better technical support and easier-to-use hardware seem to have made a difference, according to the American Customer Satisfaction Index."
1,Indonesian police release video tape of embassy blast,Indonesian police have released video footage of the explosion outside the Australian embassy in Jakarta. At the same time they say there is no evidence to support the Australian Foreign Minister #39;s claim that 
2,UPDATE 1-Rookie Johnson shares Buick lead with Funk,"Rookie Zach Johnson produced the day #39;s joint best score, a five-under-par 65, to join Fred Funk at the top of the leaderboard after the second round of the \$4."
1,Blair is  #39;Using Our Troops to Boost Bush #39;,Tony Blair last night stood accused of conspiring to use British troops in Iraq as a  quot;political gesture quot; to help George W Bush in the US presidential election.
3,US may help to ease cost of Boeing terror insurance,"Boeing soon may be eligible to buy US terrorism insurance at below-market rates, adding fuel to a debate with Europe over aircraft-maker subsidies."
2,Subplots abound in rich ALCS,"the two Eastern Division rivals as consumed with each other as Ahab was with his whale, now and forever. Tonight, it #39;s Mike Mussina vs."
1,Georgian Troops Leave South Ossetia,"The soldiers withdrew from the heights above the Ossetian of capital of Tskhinvali Thursday, turning the area over to peacekeepers. Georgia says three of its soldiers were killed in earlier fighting, while Ossetian authorities say three civilians died ..."
2,"For Dempsey, soccer impasse qualifies as a concern","US national team candidates expected to begin training in Los Angeles this week for the start of the final round of World Cup qualifying. Instead, the training camp has been postponed because of a contract dispute between the US Soccer Federation and the US National Soccer Team Players Association."
1,Millionaire Candidates List (AP),"AP - Candidates who spent more than  #36;1 million of their own money trying to win election to Congress in 2004 struck out in nearly every case. Eight made it to the Nov. 2 election, but only one was victorious. The spenders, how much they spent and how they fared:"
3,"UPDATE 1-TXU raises dividend, profit forecast; shares jump","Texas power company TXU Corp. (TXU.N: Quote, Profile, Research) on Monday raised its dividend by 350 percent, boosted its earnings forecast and increased its share buyback program "
2,Stuttgart Closing on Qualification,VfB Stuttgart went clear at the top of UEFA Group G with a convincing 3-0 win over Portuguese giants Benfica. Brazilian striker Cacau put Matthias Sammers side ahead and further 
3,"Lego, Carrefour in French Price-Fix Probe (AP)",AP - French competition authorities are investigating Danish toy maker Lego Systems AS and supermarket retailer Carrefour SA as part of a probe into alleged price fixing in the French toy market in 2002 and early 2003.
1,3 UN staff kidnapped in Afghan capital,"Unknown armed men in military uniform kidnapped three staff of the United Nations in the Afghan capital city at broad daylight Thursday, Afghan officials confirmed."
4,"Intel Posts Higher Profit, Sales",Computer-chip maker Intel Corp. said yesterday that earnings for its third quarter were \$1.9 billion -- up 15 percent from the same quarter a year ago -- but the company cautioned that computer-processor demand in the United States is likely to remain low.
3,Halliburton Says It May Separate KBR Unit," NEW YORK (Reuters) - Halliburton Co. &lt;A HREF=""http://www.investor.reuters.com/FullQuote.aspx?ticker=HAL.N target=/stocks/quickinfo/fullquote""&gt;HAL.N&lt;/A&gt; said on  Thursday it would restructure its KBR unit and may shed the  business if the company's stock performance continues to lag  behind peers."
4,"AMD's Q3 led by strong Opteron, Athlon 64 sales","SAN FRANCISCO - As expected, Advanced Micro Devices Inc.'s (AMD's) third-quarter revenue came in a little under the company's earlier predictions, but strong increases in sales of its 64-bit desktop and server processors led to the company's fourth straight profitable quarter."
4,News: WLANs go feral in corporate undergrowth,"Frustrated employees are taking IT into their own hands by installing DIY Wi-Fi access points (APs) in their offices while their IT departments don't even notice, according to Gartner.\"
2,GAME DAY PREVIEW Game time: 7:30 PM,"NEW YORK (Ticker) -- After a season in which they fired their coach, the New York Liberty are hosting the top-seeded Connecticut Sun Friday in Game One of the best-of-three Eastern Conference finals."
3,PeopleSoft Raises Revenue Forecasts," NEW YORK (Reuters) - PeopleSoft Inc. &lt;A HREF=""http://www.investor.reuters.com/FullQuote.aspx?ticker=PSFT.O target=/stocks/quickinfo/fullquote""&gt;PSFT.O&lt;/A&gt;, fresh from  firing its chief executive amid a hostile takeover bid from  Oracle Corp. &lt;A HREF=""http://www.investor.reuters.com/FullQuote.aspx?ticker=ORCL.O, target=/stocks/quickinfo/fullquote""&gt;ORCL.O,&lt;/A&gt; on Monday said quarterly revenue would  exceed Wall Street's expectations, helped by an increase in  customers making larger orders for its business software."
3,Bedding Blip? Go Back to Sleep,"This is getting old. Every time Hidden Gems selection Select Comfort (Nasdaq: SCSS) gets settled in and ready for a long night #39;s rest full of dreams of two-times-in-three-years capital gains, along "
4, #39;Marathon mouse #39; doubles stamina,Scientists in the United States have genetically engineered mice which can run twice as far as normal before becoming exhausted. The researchers say their finding could lead to drugs or gene 
1,US not to free female scientists,": With time running out to save a British hostage in Iraq, US officials said today they were not about to free female Iraqi prisoners as demanded by an al Qaida ally whose group has already beheaded two Americans."
4,Teenager Charged With Creating Sasser,"Informants, seeking a reward from Microsoft, led police to the German student."
2,Ailton Weighs Rising Sun Offer,"Schalke 04 striker Ailton has revealed that he has a big bucks contract waiting for him in Japan. (My agent) put a concrete offer from Japan in front of me, quot; the reigning German Footballer of the Year told SportBild."
2,Chance to Measure Up,"During his 14 seasons as an NFL assistant and head coach, Virginia Coach Al Groh was often involved in the evaluation of college prospects."
1,Ex-envoys: Mideast peace breakthrough possible,"JERUSALEM -- Former US envoys say that the passing of Yasser Arafat would open up new opportunities for Mideast peace, especially if new, pragmatic Palestinian leaders emerge."
4,U.S. Broadband Penetration Tops 51,By ANICK JESDANUN    NEW YORK (AP) -- The number of Americans who get on the Internet via high-speed lines has now equaled the number using dial-up connections.    July measurements from Nielsen/NetRatings placed the broadband audience at 51 percent of the U.S...
2,Schumacher in uncharted territory,MICHAEL Schumacher doesn #39;t need to win the Belgian Grand Prix on Sunday to nail his unprecedented seventh Formula One drivers title.
1,China's inflation rate slows sharply but problems remain (AFP),"AFP - China's inflation rate eased sharply in October as government efforts to cool the economy began to really bite, with food prices, one of the main culprits, showing some signs of slowing, official data showed."
4,PalmOne Treo 650 Arrives,"The PalmOne Treo 650 Smartphone with high-resolution screen, Bluetooth, swappable battery and extended multimedia capabilities was officially announced today."
3,Premier swallows Bird #39;s custard,"Bird #39;s custard and Angel Delight are back in British hands after a 70m deal announced yesterday. The famous brands have been bought by Premier Foods, owner of Ambrosia custard and Rowntrees jelly, from the US food group Kraft."
3,Judge blocks record libel claim against Financial Times,"LONDON (AFP) - A judge at the London High Court struck out the bulk of a record libel damages claim of 240 million pounds (345 million euros, 434 million dollars) against the Financial Times by stockbroker Collins Stewart Tullet."
4,Halo 2 for Xbox Leaked Online,Microsoft confirms that a pirated copy of Halo 2 for Xbox in the PAL video format and French language started circulating on the Internet this week over newsgroups and piracy sites.
2,Button Must Stay With BAR!,The FIA #39;s Contract Recognition Board (CRB) finally got around to deciding whether or not Jenson Button is contractually allowed to go drive for Williams next season.
2,"Kansas State 76, Arkansas-Pine Bluff 42",Clent Stewart scored a career-high 15 points and Kansas State used stifling defense for a 76-42 victory over Arkansas-Pine Bluff on Monday.
2,USC #39;s Orgeron shows interest in Ole Miss job,"While the list has dwindled in the search to replace David Cutcliffe as the Ole Miss football coach, one name has risen to the top."
4,"Judge Weighs Evidence in IBM, SCO Case",IBM attorneys argued that Utah-based SCO Group has failed to provide any evidence that IBM allowed proprietary Unix code to enter the freely distributed Linux operating system and its \$5 billion suit making that claim should be dismissed.
2,(5) California 42 Washington 12,SEATTLE Fifth-ranked California ran past Washington 42-to-12. JJ Arrington rushed for 121 yards and Marshawn Lynch matched that. Lynch had TD runs of 32 and 70 yards along with a 29-yard scoring reception.
3,China Pledges to Move Toward Flexible Exchange Rate,"China says it will move toward a flexible exchange rate for its currency, but there is no word on how long such a transition will take."
1,Flick Collection Opens in Berlin,"Friedrich Flick, who made his fortune as an arms supplier to the Nazis during World War II, once presented old master paintings to Luftwaffe Commander-in-Chief Hermann Gring as a birthday gift."
2,Football Association charges Bolton striker over spitting incident,Bolton striker El-Hadji Diouf was cited for improper conduct by the Football Association on Monday after spitting in the face of an opponent.
4,NASA expert says Bush stifles evidence on global warming,"IOWA CITY, Iowa A NASA scientist has charged that the Bush administration is subverting science and misleading the public by trying to suppress or alter evidence on the dangers of global warming."
1,Fallujah Violence Leaves 10 Troops Dead (AP),"AP - U.S. troops powered their way into the center of the insurgent stronghold of Fallujah on Tuesday, overwhelming small bands of guerrillas with massive force, searching homes along the city's deserted, narrow passageways and using loudspeakers to try to goad militants onto the streets."
4,Strangers in Life Join Hands in Death as the Web Becomes a Tool for Suicide in Japan,"About once a month since January 2002, Japan has recorded a group suicide, successful or attempted, where participants met on the Internet."
2,NFL Suspends Seattle Receiver Four Games (AP),AP - Seattle receiver Koren Robinson was suspended without pay Monday for the next four games for violating the NFL's substance-abuse policy.
4,Netopia to Restate Results (Reuters),"Reuters - Netopia Inc.  a maker of\networking gear, on Thursday said its auditor KPMG LLP\resigned, and said it will restate two years of results and\revise the results in its most recent fiscal quarter."
4,"BTG hits Amazon, Netflix and others with patent suit","BTG, a London-based firm that focuses on intellectual property and technology commercialization, filed suit against Amazon.com, Barnesandnoble.com and two other Internet companies for infringing on patents related to the tracking of users online."
1,"In Wake of Attacks, State of Emergency Declared in Iraq",The Iraqi government declared a state of emergency for 60 days as U.S. and Iraqi forces prepared for an expected assault on rebels in Fallujah.
4,Microsoft Issues IE Patch,"(Article Central) Microsoft released its October batch of security advisories this week, with a number of  quot;critical quot; patches, including a significant fix for the Internet Explorer browser."
1,Politics an Afterthought Amid Hurricane (AP),"AP - If Hurricane Charley had struck three years ago, President Bush's tour through the wreckage of this coastal city would have been just the sort of post-disaster visit that other presidents have made to the scenes of storms, earthquakes, floods and fires."
3,Cazenove faces scrutiny over merger talks,"Cazenove, the Queen #39;s broker, will tomorrow be under pressure to divulge the state of merger talks at its annual shareholder meeting, with US giants circling the firm."
4,Orange tells customers to Talk Now,European carrier Orange is rolling out its own Push To Talk service ahead of efforts to create a standardized PTT system. European mobile carrier Orange has announced 
1,Mars water tops science honours,"The discovery that salty, acidic water once flowed across the surface of Mars has topped a list of the 10 key scientific advances of 2004."
1,Gunfire Erupts in Pro-Aristide Haiti Slum,"PORT-AU-PRINCE, Haiti Oct. 3, 2004 - Gunfire erupted in a slum teeming with loyalists of ousted President Jean-Bertrand Aristide on Sunday, sending people scattering through trash-strewn streets following "
3,Stocks in Motion: Claire #39;s,"Shares of Claire #39;s Stores (CLE:NYSE - news - research) were among the NYSE #39;s losers Thursday, falling 15 after the company posted third-quarter results that missed analysts #39; expectations and warning about the fourth quarter."
2,Upsets Shake Up College Football Poll (AP),"AP - The upsets have begun and the little guys are moving into The Associated Press poll. After ranked teams started the season 21-0, five fell to unranked opponents this weekend, shaking up media poll released Sunday."
4,Video game pioneer shoots for next level with cell phones (USATODAY.com),"USATODAY.com - Video game pioneer Trip Hawkins is going mobile. His latest act, a Silicon Valley company called Digital Chocolate, is developing games and ""lifestyle"" applications for portable phones. He hopes the new venture will turn out like the first he founded, Electronic Arts, the leading video game maker. His most recent gaming company, 3D0, went out of business after a decade. Hawkins spoke with USA TODAY's Edward C. Baigat last week's DemoMobile conference in La Jolla, Calif."
4,SAP Gets \$35 Million Post Office Pact,"SAP has landed a \$35 million deal to help the US Postal Service overhaul its human resources systems. According to sources close to the deal, the agreement includes a \$21 million consulting component, and "
4,HP moves network scanning software into beta,"CHICAGO - Hewlett-Packard(HP) has moved its Active Counter Measures network security software into beta tests with a select group of European and North American customers in hopes of readying the product for a 2005 release, an HP executive said at the HP World conference here in Chicago Wednesday."
2,"Ryder-You can bank on Tiger, says Sutton",Tiger Woods has not won a major in two years and lost his world number one ranking but US Ryder Cup captain Hal Sutton says reports of his demise will prove badly exaggerated this week.
2,"Ken Caminiti, Former NL MVP, Dies of Heart Attack at Age 41","Ken Caminiti, the 1996 National League Most Valuable Player who admitted to using steroids during his Major League Baseball career, died yesterday of a heart attack, his agent said."
2,Pro Hockey Notebook: 10/19/04,"Courtney Prince, 25, of Manhattan, a former captain of the New York Rangers #39; skating cheerleading squad sued the owner of Madison Square Garden, saying she was fired after she told "
1,Explosions in Refugee Camp in South Gaza Strip," GAZA (Reuters) - Several explosions rocked the house of an  Islamic Jihad militant leader in a Palestinian refugee camp in  the southern Gaza Strip on Monday, witnesses said."
3,UPDATE 3-Alliance Capital profit rises in third quarter,"Alliance Capital Management Holdings LP (AC.N: Quote, Profile, Research) , one of the biggest US money managers, on Thursday said its profit rose in the third quarter "
3,Cost Cuts Boost Southwest Air Profit,Southwest Airlines (LUV) on Thursday said third-quarter earnings rose 12 percent due to higher revenue and better cost performance even though record-high fuel prices stung the low-cost carrier.
1,U.S. Brokers Cease-fire in Western Afghanistan," KABUL (Reuters) - The United States has brokered a  cease-fire between a renegade Afghan militia leader and the  embattled governor of the western province of Herat,  Washington's envoy to Kabul said Tuesday."
3,Nike CEO Philip Knight resigned,"The co-founder of Nike Inc. Philip Knight has resigned from his position as chief executive officer, the company said on Thursday."
4,NASA space capsule crashes into desert,"The Genesis space capsule, which had orbited the sun for more than three years in an attempt to find clues to the origin of the solar system, crashed to Earth on Wednesday after its parachute failed to deploy."
2,ICC probe clears Zimbabwe of racism in cricket,"LAHORE, Pakistan (AFP) - The International Cricket Council said yesterday a probe had found no evidence of racism in Zimbabwe cricket and that the Test status of the country #39;s team was never in question."
3,Housing Starts Surge 6.4 Pct. in October," WASHINGTON (Reuters) - U.S. housing starts jumped a  larger-than-expected 6.4 percent in October to the busiest pace  since December as buyers took advantage of low mortgage rates,  a government report showed on Wednesday."
3,Treasuries Benefit on Spike in Crude Oil, NEW YORK (Reuters) - Treasury debt prices climbed on Monday  as investors bet oil prices near record highs might dent U.S.  consumption and force the Federal Reserve to slow the pace of  interest rate hikes.
1,More dead in fresh Iraq violence,At least nine Iraqis and four US soldiers are reported to have been killed in renewed violence in Iraq.
3,Service Sector Hit By High Oil Costs,"Confidence in service firms has been hit by rising oil prices and interest rates but manufacturers have seen the best rate of orders for nine years, two surveys show."
1,"AP Poll: Bush, Kerry in Dead Heat (AP)","AP - President Bush and Sen. John Kerry are locked in a tie for the popular vote, according to an Associated Press poll. Voters seem open to change in the White House  #151; most disapprove of the president's performance at home and in Iraq  #151; but still harbor doubts about making the switch."
1,Parliament Invasion Spurs Security Concern (AP),"AP - Silver buckled shoes, stockings and a ceremonial sword? Time, some say, for Parliament's archaic security measures to be dragged into the 21st century after what was called the worst security breach at the House of Commons since 1642."
3,Lawyer says we #39;re good guys,Drug giant Merck pulled its painkiller Vioxx because it increased the risk of heart attacks and strokes. Now the company may face thousands of lawsuits.
4,Security report: Windows vs Linux,"Much ado has been made about whether or not Linux is truly more secure than Windows. The results were not unexpected. Even by Microsoft #39;s subjective and flawed standards, fully 38 of the most recent patches address flaws that Microsoft ranks as Critical."
3,Optimism raises markets,Stocks bounded higher Wednesday as investors shrugged off a fresh indicator of rising inflation and welcomed postitive economic reports and the merger of Kmart Holding Corp.
2,Kiwis trample USrookies,LONDON -Nathan Astle #39;s 145 helped give New Zealand a record-setting 210-run victory over cricket rookie United States in the ICC Champions Trophy Pool A match at the Oval yesterday.
4,Alienware tames its prices for home PC users,"With its lowest-priced home PC to date, company shows desire to move beyond pricier game machines."
3,"DATA VIEW: HK Exports Slow In July, But Momentum Intact","HONG KONG (Dow Jones)--Hong Kong #39;s export expansion slowed a touch in July, as expected, but still continued at double-digit rates thanks to high trade volume with mainland China."
2,Garcia's Girlfriend Charged With Assault (AP),"AP - Jeff Garcia's girlfriend, Playboy magazine's Playmate of the Year, was charged with assault in a bar fight last month with a woman the Cleveland Browns quarterback once dated."
3,US may draw on oil in reserve,WASHINGTON Oil prices climbed toward \$49 per barrel Thursday even as the Bush administration considered drawing crude from the US emergency stockpile and lending it to refiners whose supplies were disrupted by Hurricane Ivan.
4,"Sony, Matsushita, Sharp to launch Blu-ray Disc camcorders in 2005 &lt;b&gt;...&lt;/b&gt;","TOKYO (AFX) - Firms that are supporting one of the next-generation optical DVD formats, the Blu-ray Disc, plan to release camcorders that record on smaller versions of the discs as early as 2005, the Nihon Keizai Shimbun reported, without citing sources."
3,Four Hurricanes Hurting Florida Economy (AP),"AP - Normally at this time of the year, labor contractor Jose Luis Avalos would be assembling a crew of workers who could each earn  #36;1,500 to  #36;2,000 a week in the area's abundant citrus groves."
1,"Blair, Bush to Meet as Middle East Issues Loom","British Prime Minister Tony Blair, who has pushed for progress on Middle East peace talks and is one of the United States #39; closest allies, will meet with President Bush next week, the White House said on Saturday."
4,Toyota reports a silicon carbide breakthrough,"Move over silicon chips, there is a new semiconductor king on the horizon. Silicon carbide #39;s (SiC) potential has been known since the 1950 #39;s, but the properties that make is attractive also make it hard to work with."
1,Turkey cautiously optimistic of EU bid ahead of crunch summit,"ANKARA, Dec 13 (AFP) - Turkey was cautiously optimistic Monday that it would obtain a favorable result from this week #39;s crunch summit of European Union leaders who will decide on Ankara #39;s membership bid, but warned the 25-nation bloc not to cross Ankara #39;s "
1,Dodge denies Copps charge that Martin wanted to scrap Canada Health Act (Canadian Press),Canadian Press - OTTAWA (CP) - Add the governor of the Bank of Canada to the list of people who say Sheila Copps has a faulty memory.
3,"Post-Olympic Greece tightens purse, sells family silver to fill budget holes (AFP)","AFP - Squeezed by a swelling public deficit and debt following last month's costly Athens Olympics, the Greek government said it would cut defence spending and boost revenue by 1.5 billion euros (1.84 billion dollars) in privatisation receipts."
3,The Hunt for a Hybrid,The Aug. 23 front-page article on the Toyota Prius vs. the Honda Civic implied that the main reason people prefer the Prius was its  quot;geek-chic look quot; and the image buyers want.
1,Kidnappers In Iraq Seize Lebanese-American Contractor,An Iraqi security official said gunmen abducted a Lebanese-American contractor who worked with the US Army in Iraq. Officials said gunmen snatched him when he answered the door at his Baghdad home overnight.
3,Congressman Spratt wants Fed to,US Representative John Spratt of South Carolina said the Federal Reserve should go lightly #39; #39; on raising the benchmark interest rate because of the economy.
2,Rossi:  #39;I #39;m fairly happy #39;,"Valentino Rossi, who on Thursday pledged his future to Yamaha, entered the final qualifying session with the fastest time to date, but with the morning rain having washed the circuit clean, the Italian was unable to challenge Makoto Tamada for the pole."
3,Montie Brewer appointed CEO of Air Canada,"MONTREAL - Montie Brewer has been appointed president and CEO of Air Canada, the airline announced Wednesday. Robert Milton remains CEO of Air Canada #39;s parent company, ACE Aviation Holdings."
3,Putin Says State Companies May Buy Yukos Oil Assets (Update3),"Russian President Vladimir Putin said state-run companies may bid for OAO Yukos Oil Co. assets in any sale to collect back taxes, raising the prospect of further government control over the nation #39;s oil and gas industry."
2,Manning Throws 3 TDs to Lead Colts Past Titans," INDIANAPOLIS (Sports Network) - Peyton Manning threw for  425 yards with three touchdowns and Edgerrin James ran for 105  yards with a pair of scores, as the Indianapolis Colts shook  off a sluggish start and rolled to a 51-24 victory over the  Tennessee Titans at the RCA Dome."
4,Cassini Spies Two Little Saturn Moons (AP),"AP - NASA's Cassini spacecraft has spied two new little moons around satellite-rich Saturn, the space agency said Monday."
3,Oil Eases on Profit-Taking, SINGAPORE (Reuters) - Oil prices slipped further from  record highs on Wednesday as traders locked in profits after  the market's \$10 surge since mid-August.
4,King Pong Draws Fans,Spike TV's Video Game Awards Show attracts big-name celebrities and bands but gives the fans the votes.
3,Treasuries Mount Rally Despite Inflation," NEW YORK (Reuters) - U.S. Treasury prices rallied on  Wednesday as inflation excluding food and energy, one of the  Federal Reserve's preferred price measures, proved less  dramatic than bond bulls had feared."
4,"Dream TV Screen, Now in Size Large","The most desired electronic gift item for this holiday season is a plasma TV. You might, however, want to consider something that wasn't even in the running: L.C.D."
4,Bullies move online,"Singapore - More complaints of cyberbullying are emerging from youngsters in Singapore than any other country except the United States, an international safety group said in a report on Monday."
4,Noah's Ark Quest Dead in Water -- Was It a Stunt?,"In April a Christian activist announced a summer 2004 expedition to search for Noah's ark. The quest didn't happen, and now critics are questioning the project's credibility."
3,"Samsung plans to invest Won25,000bn in chips","Samsung Electronics, the world #39;s second largest computer chip manufacturer, yesterday said that it would invest Won25,000bn (\$24bn) in its semiconductor business by 2010 to generate "
4,Hubble Sees Rare Triple Jupiter Eclipse,"Nov. 4, 2004 - A rare alignment of Jupiter #39;s three largest moons across the planet #39;s face was captured on film by the Hubble Space Telescope."
4,Solar spacecraft set to launch next year,"The \$4 million Cosmos 1 project is backed by The Planetary Society, co-founded by Carl Sagan. By The Associated Press. A solar sail spacecraft designed to be propelled by the pressure of sunlight will be launched "
2,NFL Notebook: Jets #39; Pennington to start vs. Texans,Jets quarterback Chad Pennington will start tomorrow against the Houston Texans after sitting out the past three games with a strained right rotator cuff.
4,Dell and Microsoft Launch Joint Software (AP),AP - Dell Inc. and Microsoft Corp. promised big savings on the billions of dollars companies spend on system maintenance as they unveiled jointly developed software Monday that manages and upgrades servers in one mouse-click.
1,"Mbeki calls for arms embargo, rebels vow to fight","President Thabo Mbeki has urged all countries, including Ivory Coast #39;s neighbours, to immediately enforce a United Nations arms embargo on government and rebel forces in Ivory Coast."
4,Bono at Apple promo,"p2pnet.net News:-  quot;Select quot; members of the press on Monday have received an invitation to a special Apple iTunes / iPod promo slated for October 16, says MacCentral."
2,Radcliffe withdrawal not due to injury,"World record holder Paula Radcliffe #39;s tearful withdrawal from the women #39;s Olympic marathon yesterday was not due to injury, the British team says."
1,Hong Kong #39;s LegCo Elections: Overcoming the System,The 1.784 million voters that participated in Hong Kong #39;s 2004 Legislative Council Election gave a clear signal that they want democracy sooner rather than later.
1,Nursery rhymes more violent than TV (Reuters),"Reuters - Children's nursery rhymes contain 10 times more violence than television shows broadcast before the\9 p.m. ""watershed"" after which more adult content can be shown, research has said."
3,HP Profit Tops Lowered Forecast (Reuters),Reuters - Hewlett-Packard Co.  on\Tuesday said quarterly profit topped its own lowered\expectations as the computer and printer maker saw record\revenues in every business and every region.
4,Music industry group sues 750 for file sharing,"Los Angeles, October 29: A trade group representing the US music industry said on Thursday it has filed lawsuits against 750 people it claims used online file-sharing networks to illegally trade in copyrighted songs."
4,"Storage, servers bruise HP earnings","update Earnings per share rise compared with a year ago, but company misses analysts' expectations by a long shot."
3,Investors weigh effect of oil prices,"NEW YORK Another rise in oil prices is putting some pressure on stocks, which are mixed. The Dow Jones industrial average is down 12 points at ten-thousand-165."
4,Harvard Seeks Permission to Clone Human Embryos (Reuters),Reuters - Harvard University researchers said\on Wednesday they were seeking permission to use cloning\technology to make human stem cells.
3,"First Albany cuts target for Intel, keeps  #39;buy #39; rating",NEW YORK (CBS.MW) -- First Albany lowered its stock price target for Intel (INTC) to \$24 from \$30 following the chip sector bellwether #39;s lowered third-quarter revenue and margin outlook.
1,Man Sets Himself on Fire Near White House (AP),"AP - A man set himself afire Monday just outside a White House gate and repeatedly yelled ""Allah Allah"" as a Secret Service officer held him facedown on the sidewalk."
4,Safety First With Latest AOL 9.0,"America Online (Quote, Chart) is bundling existing security features along with new ones for the Thursday launch of its AOL 9.0 software client, security edition."
4,Most US homes have broadband connections,"While the total number of home internet users has reached a plateau in the US, those who do use the internet are adopting broadband at a rapid pace, according to Marc Ryan, senior director of analysis at the audience measurement company. "
4,"Mexico's 'Fire Volcano' Erupts, No Evacuations Yet (Reuters)","Reuters - Mexico's so-called ""Fire\Volcano"" spewed lava, glowing rocks and flames on Friday in an\eruption that authorities said was not yet serious enough to\evacuate nearby villages."
1,US Cautious On Progress Toward Enriching Uranium,"The United States is responding carefully to Iran #39;s announcement that it has taken a major step toward enriching uranium, a key ingredient in nuclear weapons."
1,"LIBERIA: Religious riots erupt in Monrovia, curfew imposed","MONROVIA, 29 October (IRIN) - Religious riots between Christians and Muslims erupted in the Liberian capital Monrovia on Thursday night and continued on Friday morning until UN peacekeeping troops restored order and the government imposed an indefinite "
3,VIACOM MAY PAY SIRIUS \$: HOWARD,Howard Stern hinted broadly yesterday that he might continue his involvement with Viacom after he switches to censor-free satellite radio in 15 months.
1,Yasser Arafat dies,"Yasser Arafat, who triumphantly forced his peoples plight into the world spotlight but failed to achieve his lifelong quest for Palestinian statehood, died today, aged 75, Palestinian Cabinet minister Saeb Erekat confirmed."
1,Bush Confronts New Challenge on Issue of Iran,"While assembling a new national security team, President Bush is confronting what could become the biggest challenge of his second term: how to contain Iran #39;s "
2,MOTOR RACING: FERRARI IN TALK FURY,FERRARI are to snub crucial talks at Heathrow today aimed at revolutionising Grand Prix racing. The Italian giants are the only team blocking radical changes that could save the leading outfits 
2,Bode Miller picks up fourth win of World Cup season,Bode Miller won for the fourth time this season Friday and Daron Rahlves was second -- the first 1-2 finish for US men in a World Cup downhill.
1,Crude Price Spike May Send Gas Higher (AP),"AP - Amid soaring crude oil prices, gasoline costs have been dropping. But don't expect that to last, economists say."
3,Crude Oil Prices Hit \$55 a Barrel,The steady decline in distillate fuel inventories comes as traders remain jittery about the world's strong demand and limited crude oil supply cushion.
1,Protesters Denounce APEC Summit in Chile,"Thousands of protesters marched peacefully through downtown Santiago on Friday, expressing anger at a weekend summit of Pacific Rim leaders, particularly President Bush. But violence later erupted at a rock concert."
2,Yao Rested and Ready for Kings Again (AP),"AP - Yao Ming is refreshed. After a demanding few days in his hometown for the first NBA game in China, the Houston Rockets center has had some time to unwind since arriving in Beijing."
4,Panasonic unleashes new DVD recorder line,"Matsushita Electric Industrial Co., better known for its Panasonic brand, will soon start international sales of a high-end DVD recorder that offers network connectivity, the company said Wednesday."
4,Will Firefox Ignite Enterprises?,"Many users are celebrating Mozilla #39;s release of Firefox 1.0, its open-source Web browser. The beta version was downloaded some 8 million times."
1,ERA Congratulates Nobel Peace Prize Winner,"The Environmental Rights Action/Friends of the Earth Nigeria (ERA/FoEN) has congratulated Kenya born Nobel Peace Prize winner, Dr."
2,Media speculate on successor as England coach prepares to step &lt;b&gt;...&lt;/b&gt;,"With Sir Clive Woodward seemingly on his way to soccer, England #39;s rugby team is looking for a new coach to follow up last year #39;s World Cup triumph."
3,Erdogan Believes European Council #39;s Decision Will Be A Milestone,PARIS - Turkish PM Recep Tayyip Erdogan expressed belief on Thursday that the decision that the European Council would make on December 17th (on whether and when to open negotiations with Turkey) would be a milestone for not only Turkey-(EU) relations 
3,ANZ increases IT spend,"A new \$100 million retail telling platform, which was completed in the first half of this year, and the growing cost of compliance were the key drivers for the rise according to the bank #39;s 2004 Annual Roadshow presentation."
1,Afghans rocky road to historic elections,"KALAKAN, Afghanistan There were toothless old men, turbaned and gray-bearded, and young men not yet old enough to shave. There were mullahs and mujahedeen, and the presidential candidate #39;s 3-year-old son."
4,Cassini to Look at Saturn's Giant Moon (AP),AP - The theory that Saturn's giant moon Titan has oceans or seas of liquid methane and ethane faced its best test yet Tuesday.
4,TheStreet.com May Be Up for Sale -- Report (Reuters),"Reuters - TheStreet.com Inc. , the\financial news and commentary Web site, may be up for sale,\according to a report in Business Week, sparking a 7 percent\rise in its shares."
1,Sharon to meet with settlement group as referendum idea gains &lt;b&gt;...&lt;/b&gt;,Prime Minister Ariel Sharon is to meet formally with a group of settlement leaders from Judea and Samaria Sunday for the first time in a year and half.
4,NASA Space Station Status Report 10 December 2004,International Space Station crewmembers this week continued research and maintenance activities and prepared for arrival of the next Progress cargo craft.
4,Intel sees big changes to the net,"The internet will have to be changed to stop it reaching breaking point, according to chip giant Intel.."
1,Karzai Camp Scents Victory Early in Afghan Poll, KABUL (Reuters) - Afghan President Hamid Karzai was on  course on Tuesday for an outright victory in the country's  historic presidential election with almost a quarter of the  votes counted from the poll 10 days ago.
2,Man Utd calls for emergency Glazer meeting,"THE directors of Manchester United will this week demand an emergency meeting with Malcolm Glazer, head of the Florida family that is stalking the world-famous football club."
4,Study: Posture found able to communicate fear,"A fight breaks out, and even though people at the far side of the crowd can #39;t see what #39;s going on, they are immediately on edge."
2,Kuznetsova Beats Sharapova to Make China Open Final," BEIJING (Reuters) - U.S. Open champion Svetlana Kuznetsova  beat compatriot and Wimbledon champion Maria Sharapova 6-2, 6-2  for a place in the final of the \$585,000 China Open WTA  tournament on Saturday."
1,U.S. Weighs More Sanctions Vs. Belarus (AP),"AP - The Bush administration may impose sanctions against leaders of the former Soviet republic of Belarus as part of a broader range of punitive measures, the State Department said Thursday."
2,Ravens #39; Ogden could miss Week 8,"Baltimore, MD (Sports Network) - Baltimore Ravens All-Pro offensive tackle Jonathan Ogden could miss this week #39;s game at Philadelphia against the undefeated Eagles because of a left hamstring injury."
2,Pedro: Yanks? No Thanks: Bombers psyche out ace #39;,"Pedro Martinez last night uttered the absolute last words any Boston fan wants to hear from their ace - now, or ever: Call the Yankees my daddy."
1,16 killed in Algeria rebel attack,"Suspected Algerian Islamic militants killed 16 people in the first attack on civilians since the start of the holy month of Ramadan, officials said on Saturday."
3,Demand For Oil Exceeds Forecasts,"Oil demand is rising faster than predicted this year as OPEC pumps more low-quality oil in a failed bid to reduce record prices, according to International Energy Agency, an adviser to 26 industrialized nations."
3,Employees from 10 hotels locked out,The San Francisco Multi-Employer Group announced this morning that it has locked out UNITE HERE Local 2 employees from 10 hotels and staffed the vacated positions with replacement workers.
2,Real eager to silence doubting supporters,"NO SPECTATORS will be watching in the ground, but the eyes of Europe will be trained on Romes Olympic Stadium tonight as Real Madrid seek the win they probably need to avoid a humiliating, early exit from the Champions League."
4,Dell blades cut deeper to data centers (InfoWorld),"InfoWorld - Dell Computer re-energized its enterprise-class blade server strategy on Monday, rolling out a new architecture that supports as many as 10 servers in a seven-unit chassis that can fit into a standard-size rack."
3,Insurer lowers hurricane estimate,"Hurricane Charley, the worst storm to hit the US in over a decade, will cost insurers just \$7.4bn, one insurance expert estimates."
2,Han earns a hand with playoff triumph,"Hee-Won Han made a 4-foot birdie putt on the first playoff hole to beat Lorie Kane and win the Safeway Classic on Sunday at Portland, Ore."
3,British industry at best in 10 years,"Manufacturing industry is enjoying its strongest performance for almost 10 years, according to a survey by the Engineering Employers Federation."
1,India hospital injections fears,India's health minister tells parliament that nearly 70 of injections at government hospitals are unsafe.
4,Tech Firms Keep Riding Chinese Tiger,"Microsoft watched a software deal with China go bust less than two weeks into the contract. And Beijing is pushing its government IT officials to buy local. But China remains a vibrant market where tech firms have to stay in play. &lt;FONT face=""verdana,MS Sans Serif,arial,helvetica"" size=""-2"" color=""#666666""&gt;&lt;B&gt;-washingtonpost.com&lt;/B&gt;&lt;/FONT&gt;"
1,Nigerian army kills 24 Islamic militants near Cameroon border (AFP),"AFP - The Nigerian army killed 24 Islamic militants who had taken refuge in the mountainous northeastern region bordering Cameroon, the spokesman for the northeastern state of Borno said."
1,Iran pledges to halt nuclear work,The head of Iran #39;s nuclear energy organisation said work would stop at two nuclear facilities in the central cities of Isfahan and Natanz.
3,After Being Bounced Around Florida Is Bouncing Back,"Although the three hurricanes that have hit Florida led to a broad economic slowdown, the glimmerings of a miniboom are already apparent."
4,Research predicts iceless Arctic,"Global warming is causing the Arctic ice-cap to melt at such an unprecedented rate that by the summer of 2070 it may have no ice at all, according to the most comprehensive study carried out on global climate change in the region."
3,US panel to back oil inventories rethink,A US government advisory panel is to recommend a revision to the minimum level of crude inventories required to ensure adequate supplies of crude oil to the nation #39;s refiners to produce gasoline 
3,Senator Criticizes Europe #39;s Boeing Stance,"European leaders have been making false claims in a commercial-aircraft trade dispute pitting Boeing Co. (BA.N: Quote, Profile, Research) against its Europe-based rival Airbus, a US senator close to Boeing said on Thursday."
2,Gregg: I will help to close deal,EVERTON chairman Bill Kenwright #39;s plans for a Russian revolution at Goodison Park may have thawed the cold war with director Paul Gregg.
1,Iran Announces Uranium Conversion Tests,"Defying a key demand set by 35 nations, Iran announced Tuesday that it has started converting raw uranium into the gas needed for enrichment, a process that can be used to make nuclear weapons."
1,The East-West stakes over Ukraine,Russian and Western leaders are sharply at odds over the country's election crisis.
3,Qwest to pay \$250 million to end probe,WASHINGTON (CBS.MW) -- Qwest Communications on Thursday said it #39;s agreed to pay \$250 million to end a federal probe of allegedly fraudulent accounting practices used by former executives.
2,"Notes: Kahne, Harvick have verbal confrontation","AVONDALE, Ariz. - Some sparks flew between rookie Kasey Kahne and Kevin Harvick at the conclusion of Sunday #39;s Checker Auto Parts 500."
1,Multiple Bombings Kill At Least 37 In Capital,"_ At least three bombs exploded near a US convoy in western Baghdad on Thursday, killing 37 people and wounding more than 50, officials said."
1,US jets hammer Iraqi insurgents as deadly bombings rock Baghdad,BAGHDAD : At least six people were killed in two suicide car bombings in Baghdad while another 47 people died in a series of US air strikes around the Iraqi insurgent bastion of Fallujah.
1,Philippines not relieved from nature #39;s curse,"With the death toll mounting to 1,000 after a deadly storm Typhoon Nanmadol that hit the nation three days before, the nature #39;s curse is still haunting Philippines when an earthquake with a preliminary magnitude of 4.2 rocked the northern Philippines on "
1,Report: Iraq Govt. Cancels Falluja Negotiations (Reuters),Reuters - The chief negotiator in the rebel-held\Iraqi town of Falluja said Monday the government had canceled\indefinitely talks to avert a military assault on the town.
1,Car bombs strike Baghdad,At least 10 people were killed and 76 injured when one exploded near an army recruitment centre outside the top-security Green Zone housing Iraq #39;s interim government and the US Embassy.
4,Nasa to resume shuttle missions,The American space agency Nasa says the first space shuttle mission since the Columbia disaster of 2003 is to be launched next May or early June.
1,Pinochet questioned by investigative judge,An investigative judge has questioned former Chilean dictator Augusto Pinochet for half an hour to decide whether to indict him in one of hundreds of human rights cases stemming from his 1973-1990 rule.
4,Dell Offers SUSE on Servers,"Dell (Quote, Chart) officials announced Wednesday an agreement with Linux distributor Novell (Quote, Chart) to distribute and support SUSE Enterprise Server 9 on its single- and dual-processor line of servers."
1,Ivory Coast violence deals economic blow,"Burned, looted shops dot the commercial capital. European airlines have suspended flights. And only a few ships remain in what was one of West Africa #39;s busiest ports."
4,Top exec shares business lessons,Jeff Raikes was working at Apple Computer in the early 1980s when a guy named Steve Ballmer called and asked him to interview for a product-management job at a small software outfit in the Seattle area.
2,McCain Optimistic About Steroid Test Deal (AP),"AP - Sen. John McCain is ""guardedly optimistic"" that major league baseball and its players could reach an agreement on tougher testing for steroids."
4,Supreme Court Asked To Hear File-Sharing Arguments,"The file-sharing legal battle has moved to the Supreme Court, with a group composed of labor unions, sports leagues and state attorneys general asking for a hearing on a claim brought "
3,Trade Gap Swells More Than Expected,"The US trade deficit widened nearly 9 percent in October to a record \$55.5 billion as sky-high oil prices helped propel imports into uncharted territory, the government said on Tuesday."
3,Emi profits fall but online music market improving,"LONDON: EMI, the world #39;s third-largest music group, reported a drop in first-half profits on Friday but said the beleaguered industry was rebounding as online music sales start to take off."
3,"Nikkei briefly regains 11,000 level","TOKYO - Japan #39;s benchmark Nikkei stock index briefly recovered to the 11,000 level Monday morning on widespread buying prompted by advances in US shares last Friday."
2,Kiwis heading for big win,DANIEL VETTORI spun New Zealand to the brink of a crushing victory over Bangladesh in the second and final Test at the MA Aziz Stadium in Chittagong today.
1,Gunfire Erupts During Powell Visit to Haiti," PORT-AU-PRINCE, Haiti (Reuters) - Shooting erupted on  Wednesday outside Haiti's presidential palace while Secretary  of State Colin Powell was inside talking with the interim  leaders of the violence-plagued country."
2,Vieira slams Spain #39;s stance on racism,Patrick Vieira has fiercely criticised Spain #39;s record in combating racism in football and paid tribute to England #39;s record in acting against it.
2,Grizzlies make Swift move,"Memphis, TN (Sports Network) - The Memphis Grizzlies Friday re-signed forward Stromile Swift to a one-year contract. Terms of the deal were not released."
3,New \$50 bill designed to counter counterfeits,"WASHINGTON - The green is still there, but with touches of blue, red and yellow. A stylized image of the Stars and Stripes now waves in the background."
2,"Walter Smith named manager of Scottish soccer team, succeeding &lt;b&gt;...&lt;/b&gt;","After the German #39;s failure to revive the ailing national team, the Scottish Football Association has opted for a rare Rangers-Celtic linkup at the top with former Rangers manager Smith working with assistant Tommy Burns, his old rival at Celtic."
2,"As hockey clock strikes 12, Canada reclaims World Cup","The message board in Canada #39;s dressing room spoke volumes:  quot;Practice canceled tomorrow, quot; it read.  quot;No one else to beat."
2,Dickens Departs,Tony Dickens resigns as head coach at Northwestern six months after leading the Wildcats to the Maryland 4A boys basketball title.
4,Before-the-Bell: GenCorp Falls 5.6 Pct. (Reuters),Reuters - Shares of GenCorp Inc.  fell 5.6\percent before the opening bell on Monday after investment fund\Steel Partners withdrew its proposal to acquire the aerospace\and real estate company.
4,Oracle 1Q Earnings Rise 16 Percent (AP),AP - Business software giant Oracle Corp. said Tuesday that first-quarter earnings rose 16 percent driven by new database license sales that rose 19 percent.
3,Techs Hit Asian Shares Lower; Oil Down (Reuters),"Reuters - Technology stocks led Asian share\markets lower Friday after a retreat by their U.S. peers, with\investors cautious amid record-breaking oil prices and ahead of\U.S. jobs data later in the day."
1,Israeli Tanks Surge Into Gaza Refugee Camp -Witnesses, GAZA (Reuters) - A column of Israeli tanks surged into the  heart of the Jabalya refugee camp in the northern Gaza Strip on  Thursday as the army broadened its sweep for militants behind a  deadly rocket attack on an Israeli town.
1,12 nations agree to locust battle plan,"DAKAR, Senegal -- Residents burned tires and children took to the streets with sticks in Senegal's capital yesterday to fight an invasion of locusts, as 12 West African nations agreed on a battle plan."
1,Israelis kill five Palestinans in Gaza Strip,Israeli troops killed five armed Palestinians in the Gaza Strip today as it pressed on with a massive offensive aimed at stopping militants firing rockets into Israel.
1,"France Mulls Hostage Crisis, Confusion Over Ransom", DUBAI/PARIS (Reuters) - The French government held crisis  talks on the fate of two French journalists held hostage in  Iraq Wednesday amid growing uncertainty over whether their  kidnappers had demanded a ransom and two-day deadline.
2,No miracle this time,"That miracle, of course, took place in Lake Placid, NY, during the 1980 Winter Olympics. Thanks to the likes of Jim Craig, Mike Eruzione, Ken Morrow and the rest of the US hockey team, the mighty Soviet Union "
3,Bush quietly signs corporate tax-cut bill,"WASHINGTON - With no fanfare, President Bush Friday signed the most sweeping rewrite of corporate tax law in nearly two decades, showering \$136 billion in new tax breaks on businesses, farmers and other groups."
2,Johnson Back to His Best as D-Backs End Streak, NEW YORK (Reuters) - Randy Johnson struck out 14 batters in  8 1/3 innings to help the Arizona Diamondbacks end a nine-game  losing streak with a 2-0 win over the host New York Mets in the  National League Sunday.
3,SEC Delays Reviews for Some Firms,"Securities regulators gave more than 2,000 public companies a brief reprieve from new rules requiring them to assess the strength of their financial safeguards."
2,Carpentier regains focus for win,"MONTEREY, Calif. -- As Patrick Carpentier cruised toward his second straight dominating victory at Mazda Raceway Laguna Seca, he let his mind wander."
3,Oil Hits New High Over \$48 as Iraq Violence Flares," LONDON (Reuters) - Oil prices struck a fresh record above  \$48 a barrel on Thursday, spurred higher by renewed violence in  Iraq and fresh evidence that strong demand growth in China and  India has not been slowed yet by higher energy costs."
4,EC presses for safer internet,"The EU Telecommunications Council today today launched Safer Internet Plus, a scheme to help parents and teachers control what children view online."
2,Giants' Stoutmire Tears ACL; Lost for Season," EAST RUTHERFORD, N.J. (Sports Network) - The New York  Giants placed defensive back Omar Stoutmire on injured reserve  Wednesday after he tore his anterior cruciate ligament in  Sunday's season-opening 31-17 loss in Philadelphia."
1,"Nova Scotia becomes sixth province, territory to allow same-sex marriages (Canadian Press)",Canadian Press - HALIFAX (CP) - Nova Scotia became the sixth province or territory to allow same-sex marriages when the province's Supreme Court ruled Friday that banning such unions is unconstitutional.
1,Sudan Says U.N. Sanctions Would Destroy Society," KHARTOUM (Reuters) - Sudan said Saturday that U.N.  sanctions, threatened over atrocities in the Darfur region,  would lead ""this society to a complete destruction."""
2,A great catch? Lobsters,"How does he like lobster? Boiled, steamed, broiled, baked, grilled? Newburg? Bahar Uttam prefers his with a capital L -- Lobsters -- and sees them frolicking on a tennis court rather than laid out on a plate. In Uttam's mind lurks a tasty dish for the town's sporting crowd, one that could satisfy the five-year hunger of tennis junkies, a ..."
4,IBM puts grids to work at U.S. Open,"IBM will put a collection of its On Demand-related products and technologies to this test next week at the U.S. Open tennis championships, implementing a grid-based infrastructure capable of running multiple workloads including two not associated with the tournament."
1,Iraq #39;s Sunni-Shiite tension rising,"The killing of two Sunni clerics earlier this week could be part of a slide toward sectarian civil war, analysts say. By Howard LaFranchi  Staff writer of The Christian Science Monitor."
2,Is King Kahn #39;s reign coming to an end?,"He is first choice for his club Bayern Munich and used to be an automatic selection for the national team too. But when Germany meets Iran in a friendly this weekend, Kahn is not going to be between the posts."
2,"Russell moving on, away from Lakers","Bryon Russell doesn #39;t plan to read Phil Jackson #39;s book on the Lakers #39; tumultuous 2003-04 season. Russell doesn #39;t need to; he saw it all himself, as part of the not-quite Team of the Century."
1,"China, ASEAN Agree to End Tariffs (AP)","AP - China has reached agreement with the Association of Southeast Asian Nations, or ASEAN, on completely removing tariffs on merchandise goods by 2010 as part of a proposed free trade agreement, the Chinese Ministry of Commerce says."
3,"For Craigslist, city was just the ticket","Hadley Weinzierl used Craigslist to furnish her Jamaica Plain apartment, and when she bought a Maltese puppy, she sought advice from fellow Craigslisters on a good vet, a cheap dog-walker, and a park where she could let the dog run without a leash."
4,Wireless sensors ready to go global?,"Soon millions of the data-collection devices will be scattered around the world, but there are still many obstacles to the networks."
4,Adobe Launching New Version of Acrobat by Year #39;s End,"Adobe Systems Inc. will release version 7.0 of its digital document product Acrobat by the end of the year, including a new free Acrobat Reader with added reviewing capabilities, the company announced Monday."
1,EPA May Conduct Human Tests for Chemicals (AP),"AP - In setting limits on chemicals in food and water, the Environmental Protection Agency may rely on industry tests that expose people to poisons and raise ethical questions."
1,New Poll Shows Bush and Kerry in Dead Heat (Reuters),"Reuters - President Bush is now in a\statistical dead heat with Democratic challenger Sen. John\Kerry for the Nov. 2 election, in a tightening of the race\after the first debate last week, a poll on Monday showed."
2,More gold for Britain as Wiggins strikes,"Bradley Wiggins has given Britain their second Olympic cycling gold medal in two days, winning the men #39;s 4-km individual pursuit."
4,HP brand to inject new life into ink,The company splashes a new name on the inks to be used in its photo printers.
4,Approval Expected for Big Cellphone Deal,"Federal regulators will formally approve Cingular Wireless #39;s \$41 billion purchase of AT amp;T Wireless today, company officials briefed on the matter said over the weekend."
3,Attorney general is on target with aim at insurance industry ills,State Attorney General Eliot Spitzer has embarked on another crusade against an industry whose wealth-fueled influence makes most politicians cower.
3,UPDATE 1-S amp;P revises Poland outlook to stable from negative,Standard  amp; Poor #39;s Ratings Services on Thursday revised its credit ratings outlook on Poland to stable from negative supported by strength in export growth and an improvement in the country #39;s fiscal performance.
1,Wreckage of Navy helicopter found,"The wreckage of a Royal Navy helicopter, which disappeared with four crew members on board, has been found off the coast of Cornwall, the Ministry of Defence says."
1,Indonesia May Prosecute Newmont Mining (AP),"AP - Indonesia is proceeding with plans to prosecute U.S.-based Newmont Mining for allegedly polluting a bay in central Indonesia, accusing the company Wednesday of giving investigators incomplete information about its waste disposal method."
1,Voters Flock to Register by Deadline,"In a glimpse of what the nation might see a month from now, people lined up at election offices and caused parking lot traffic jams as voter registration deadlines fell Monday in more than a dozen states.    Many officials reported record numbers of new voters, some said they were overwhelmed, and allegations were already flying about fraud and the disqualification of some voters' applications..."
3,230m claim against FT struck out,The High Court in London has struck out the bulk of a record 240m libel damages claim brought against the Financial Times by investment bank Collins Stewart Tullet.
1,Bryant Prosecutors Say Some Data Tainted,"DENVER - Crucial DNA evidence tested by defense experts in the Kobe Bryant sexual assault case might have been contaminated, prosecutors said in a court filing released Wednesday, just two days before jury selection is to begin.    Prosecutors said they had found contamination in DNA ""control"" samples intended to ensure testing was accurate..."
4,SAP Launches Security Service,"SAP has launched SAP Security Optimization, a service that evaluates a customer #39;s SAP system to identify and eliminate potential vulnerabilities and minimize the risk of intrusions."
3,Atlas Copco to Sell Electric Tool Business,Swedish engineering company Atlas Copco said Monday it will sell its electric tool business to Hong Kong-based Techtronic Industries Co.
1,Ex-Bush Official on Cybersecurity Returns (AP),"AP - Howard Schmidt, a highly regarded technology executive who was former special adviser to President Bush for cybersecurity, is returning to work with the Homeland Security Department on efforts to protect the nation's computer networks."
3,Nike Profit Up 25 Pct. on Converse Boost,"Nike Inc. (NKE.N: Quote, Profile, Research) on Monday reported a 25 percent rise in quarterly profit, topping Wall Street estimates, on strong sales of Converse sneakers "
2,Hughes allowed to speak to Rovers,The Football Association of Wales have given national boss Mark Hughes permission to speak to Blackburn over their vacant managerial post.
2,Bucks Edge Pistons 96-90 (AP),"AP - Michael Redd scored 20 of his 29 points in the second half, Keith Van Horn added 20 points and the Milwaukee Bucks ended a six-game losing streak with a 96-90 victory over the Detroit Pistons on Saturday night."
2,Premier League charges Villa manager with illegal approach for &lt;b&gt;...&lt;/b&gt;,The Premier League has charged Aston Villa manager David O #39;Leary with making an illegal approach for Southampton striker James Beattie.
4,Longhorn to put squeeze on gadgets,SAN FRANCISCO--Windows makes it easy to quickly download files to iPods and other portable storage devices--a little too easy in the minds of many IT managers.
4,Bill Clinton Helps Launch Search Engine,Former president Bill Clinton on Monday helped launch a new Internet search company backed by the Chinese government which says its technology uses artificial intelligence to produce better results than Google Inc.
2,Bobcats Trade Drobnjak to Hawks for Pick (AP),AP - The Charlotte Bobcats traded center Predrag Drobnjak to the Atlanta Hawks on Monday for a second round pick in the 2005 NBA draft.
1,Afghanistan Official Bashardost Resigns (AP),AP - An Afghan Cabinet minister resigned Monday after President Hamid Karzai rejected his drive to shut down relief groups he accused of wasting money on expensive cars and houses.
2,Fan Death,Family members of a college student killed by Boston police during a Red Sox celebration will wait for an internal investigation before deciding if they will sue the department.
1,Plant a tree at Easter urges Nobel laureate,"world to plant trees at Easter as a symbol of renewal and to protect the planet. planted, quot; Maathai told Reuters Television in Oslo, where she received the 2004 Nobel Peace Prize."
1,Hungary's Parliament Elects Prime Minister (AP),"AP - Parliament on Wednesday elected one of Hungary's wealthiest businessmen as prime minister, ending two months of political uncertainty."
2,Phelps faces possible jail term,"Olympic swimming champion Michael Phelps may face a jail term after being arrested on drink-driving charges last week in Salisbury, Maryland."
3,Tax-Free Bonuses Tagged Out,Some taxpayers have been dusting off an old Internal Revenue Service ruling about signing bonuses in baseball contracts and using it to justify skipping payroll taxes and income-tax withholding on signing bonuses generally.
1,Bishop Indicted on Child Rape Charges,"SPRINGFIELD, Mass. - Bishop Thomas Dupre, the former head of the Springfield Diocese, was indicted Monday on child rape charges, accused of molesting two boys in the 1970s, the county prosecutor said..."
1,"Afghan-Coalition Soldiers Kill 3, Wound 2 at Checkpoint",Coalition forces in Afghanistan say that three people were killed and two others critically wounded when their pickup truck tried to run a checkpoint in the province of Ghazni.
2,Aussie quartet put India on back foot,"The second day of the third Test at Nagpur belonged to Australia #39;s bowlers, with their attritional approach wearing down India #39;s batsmen."
2,US MNT Streaking Into Final Round,The US mens national team will look to extend their record unbeaten streak to 13 matches when the take on Jamaica at Columbus Crew Stadium in its final match of semifinal-round qualifying for the 2006 FIFA World Cup.
2,Can Alabama pass? Can South Carolina run?,Both have some reason for optimism. Guillon should benefit from his first start at Arkansas and from the more friendly environment of Bryant-Denny Stadium.
3,Lawsuit alleges Wal-Mart biased against black truckers,"LITTLE ROCK, Ark. A Mississippi man is suing Wal-Mart, claiming the world #39;s largest retailer discriminates against blacks from seeking truck-driving jobs in 12 Southern states, including Virginia."
3,Quick end to US election crucial,"US President George W. Bush is on the verge of a re-election victory, but Democratic challenger John Kerry is not conceding defeat, at least not now."
2,Brazil beats Haiti in goodwill soccer game,"The boys from Brazil beat Haiti #39;s national soccer team Wednesday in a friendly goodwill game 6-0. The game was the brainchild of Brazilian President Luiz Inacio Lula da Silva, who was on hand in the Haitian capital for the historical match. "
2,Germany to kick off 2006 World Cup,"FRANKFURT, Germany -- Hosts Germany will play in the opening match of the 2006 World Cup, the organizing committee of the governing body FIFA announced on Wednesday."
1,Shaukat Aziz gets vote of confidence,ISLAMABAD: Newly-elected known as finance wizard Prime Minister Shaukat Aziz has secured vote of confidence form the national assembly.
4,Qualcomm: A  quot;Wireless Intel quot;?,"Qualcomm began life in 1985 in a very unremarkable way -- in founder Irwin Jacobs #39; den. The space was small and crowded. The founding crew consisted of seven people, who were enthusiastic but low key."
1,Russias strange bedfellows,Ministers from the Commonwealth of Independent States (CIS) gathered in the Ukrainian capital Kiev on September 29 to formulate a common anti-terrorism strategy.
2,Huskies blank Buffalo,"Dan Orlovsky threw for 283 yards and a touchdown in his final home game yesterday to lead Connecticut to a 29-0 victory over Buffalo, assuring the Huskies of a winning record and making them eligible for a bowl bid."
3,NTL sells broadcast unit for 1.27bn to Macquarie,"NTL, the UKs largest cable company, has agreed to sell its radio and television broadcasting business for 1.27bn to a fund managed by Australias Macquarie Bank."
3,"Sprint, Nextel to Combine","Sprint Corp. and Nextel Communications Inc. on Wednesday announced plans to merge, creating a more formidable rival to the two largest US mobile operators, and a large wireline communications company supporting "
4,Study: Wild Monkeys Resort to Use of Tools (AP),"AP - Wild South American monkeys routinely use fist-sized rocks to crack open seeds and to dig in dry Brazilian soil for grubs and edible tubers, researchers report in the journal Science."
1,Taiwan FM apologises for  #39;rude words #39; against Singapore,TAIPEI (dpa) - Taiwan Foreign Minister Mark Chen apologised to Singapore on Tuesday over the words he used in describing the Southeast Asian city-state.
4,Google Unveils Service for Academics,"Google has launched Google Scholar, a search service aimed specifically at the academic community. The search tool will help scientists and academic researchers locate papers, theses and "
3,Botswana miners 'face dismissal',Botswana's giant Debswana diamond mining firm says it will sack workers who carry on with an illegal stoppage.
3,Ruling delayed in Peoplesoft case,A crucial legal ruling in Oracle's takeover bid for Peoplesoft is delayed after a judge says he needs to hear more evidence.
3,Saks announces store closings,Saks says shutting down weaker stores will allow the company to focus on its more  quot;productive quot; locations and further strengthen its brand.
4,Music file-sharing case heads to high court,"eeding the pleas of the entertainment industry, the US Supreme Court has agreed to consider calling a halt to Internet file-sharing that allows millions of computer users to obtain free copies of movies and music."
1,Gujarat riot murder retrial opens,The retrial of 16 Hindus charged with the murder of 12 Muslims in the Gujarat riots of 2002 opens in Mumbai.
2,"Houston Isn #39;t Ready, but the Knicks Will Have to Be","There is no simple way to replace one of the most accurate outside shooters in the game, but starting next week, barring a miraculous turn in Allan Houston #39;s health, the Knicks will try."
2,"Mauresmo retires, Davenport wins Porsche Tennis Grand Prix",This was not the way that American Lindsay Davenport wanted to claim her second career title at the Porsche Tennis Grand Prix. In a match between the top two 
1,Polls Open for Indonesia #39;s First Direct Presidential Elections,"Polls have opened for Indonesia #39;s first direct presidential election. Election observers say they are impressed with the six-month electoral process, which also chose members of the national assembly and local councils."
4,Dinosaurs May Have Been Doting Parents -Report (Reuters),"Reuters - Dinosaurs may not all have been the\terrifying creatures portrayed in blockbuster films but could\have had a more caring, loving nature."
3,Putin the power broker,"Last Wednesday, at the stroke of noon, one of the most lucrative prizes in Russia #39;s oil industry went under the hammer. Russia #39;s Federal Property Fund, which controls sales of state assets, auctioned a 7.6 "
3,Deficit at US Pension Agency Soars to \$23.3 Billion,"The deficit at the federal agency that rescues failed US pension funds more than doubled to \$23.3 billion in fiscal 2004, officials said on Monday, as the safety net was hit by losses from pension plans that have failed or are "
4,Attacks disrupt some credit card transactions,"Flood of data interrupts Authorize.net's credit card processing for Internet merchants, leaving the company scrambling."
2,Game 5 marathon rated highly with viewers,"Monday's Game 5 of the Red Sox-Yankees series showed an interesting ratings pattern. The window from 5:15-8 p.m., the time allotted for the telecast, did a 42.2 rating and 66 audience share in Boston. Those are terrific numbers for any market. The better news for Fox was that the game was only half-over at that point."
1,India watches in awe as two grand families feud in public (Canadian Press),"Canadian Press - NEW DELHI (AP) - On one side is the dynasty that has dominated Indian politics for half a century. On the other is the family of India's most popular actor, a man so revered that his fans have been known to commit suicide out of loyalty to him."
1,Russian army bullying 'horrific',"The ritual of organised bullying in the Russian army is getting worse, an international rights group warns."
2,Berra Says He Wouldn't Take Giambi Back (AP),"AP - While manager Joe Torre repeatedly dodged questions Thursday on whether he thinks Jason Giambi will return to the New York Yankees, Hall of Famer Yogi Berra readily voiced his opinion."
2,Hewitt advances to Round 3 at Paris Masters,"Second seed Lleyton Hewitt beat Gael Monfils 6-3, 7-6 (3) on Tuesday, turning back the French teenager #39;s bid for a second upset at the ?"
4,Researchers Study Plastics From Feathers (AP),"AP - Researchers at Iowa State University are pecking away at ways of making environmentally friendly plastic. From golf tees to a biodegradable flower pot that can be planted directly in the ground, scientists are studying ways of making plastics from things such as chicken feathers and soy protein."
3,EU increases pressure for rights in Myanmar,"EU foreign ministers agreed Monday to tighten sanctions against Myanmar if it does not improve its human rights record by Oct. 8, when an EU meeting with Asian countries starts in Vietnam."
2,Wharf marks debut with wickets,In-form Alex Wharf made an impressive start to his international career this morning with wickets in his first two overs against India at Trent Bridge.
3,"Fed Raises Interest Rate A 4th Time, To 2 Percent",The Federal Reserve suggested that it would continue to raise interest rates gradually through much of next year.
1,Japan to Deport Ex-Chess Champion Bobby Fischer (Reuters),"Reuters - Japan issued a deportation order on\Tuesday against former world chess champion Bobby Fischer, who\is wanted in the United States for defying sanctions on\Yugoslavia, an immigration official said."
4,Microsoft adds to Visual Studio tools line,2005 Standard Edition targets developers working in small organizations.
1,New EU Executive Chief Announces Revamped Team,The incoming head of the European Union #39;s executive body has announced changes to his group of commissioners and says he is ready to go to the European Parliament to seek its approval of his team.
1,Iran Says EU Nuke Negotiations in Final Stages," TEHRAN (Reuters) - Iran's negotiations with the European  Union over a deal which would spare Tehran from possible U.N.  sanctions over its nuclear program are in their final stages,  Iran said Saturday."
1,Anglican claims he was misquoted over attack on Archbishop of Canterbury (AFP),"AFP - Anglican Dean of Sydney Phillip Jensen, whose reported attacks on the Archbishop of Canterbury and Prince Charles sparked a storm of protest last week, claims he never made the comments attributed to him by the media."
2,GOLF: CLARKE #39;S 11-SHOT TORMENT,and then crashed out of it with a sextuple-bogey 11. The nightmare came on the infamous 536-yard 17th at Valderrama where 
1,Journalist purportedly kidnapped by militants,"A group calling itself  quot;The Islamic Army in Iraq quot; said Italy must withdraw its 3,000 troops -- or the safety of a missing Italian journalist can #39;t be guaranteed."
2,NBA Wrap: O'Neal and Wade Help Heat Beat Raptors, NEW YORK (Reuters) - Shaquille O'Neal and Dwyane Wade each  scored 20 points and added nine rebounds as the Miami Heat  notched their fourth consecutive win dumping the struggling  Toronto Raptors 106-98 Sunday.
4,Red Hat Buys Netscape Enterprise Suite Technologies,Red Hat chairman and chief executive Matthew Szulik said in a statement:  quot;Directory Server and Certificate Management System have already been widely deployed in the enterprise and are mature 
3,"European Stocks Open Flat, Havas Falls (Reuters)","Reuters - European shares opened steady on\Thursday, with French advertising group Havas falling after\news of a capital increase along with its first-half results\but Richemont rallied after reporting strong luxury goods\sales."
3,Allied Waste shares fall as company again lowers outlook,AUSTIN - The stock of Allied Waste Industries Inc. fell Tuesday after the waste hauler cut its 2004 profit outlook for the second time in as many months.
3,South Korea planning huge spending to revive economy: report (AFP),"AFP - The South Korean government is preparing a huge  quot;New Deal quot; spending package in the next few years to revive the country's sagging economy, Yonhap news agency said."
1,Sri Lanka army blames Tamil Tigers of failing to keep pledge,Sri Lanka #39;s army Sunday blamed theTamil Tigers for failing to attend a meeting Saturday which they had agreed to attend during a meeting with the international trucemonitors and the government troops.
4,"PalmOne, Microsoft set software pact","PalmOne Inc., the leading maker of handheld computers, said Tuesday it licensed Microsoft Corp. software that enables secure delivery of corporate e-mail to portable devices."
4,"China Closes 1,600 Internet Cafes in Crackdown","China shut 1,600 Internet cafes between February and August and imposed \$12.1 million worth of fines for allowing children to play violent or adult-only games and other violations, state media said."
1,IRA says it reopened disarmament talks,"BELFAST -- The Irish Republican Army has reopened negotiations with Northern Ireland's disarmament chief, the outlawed group said yesterday, signaling its readiness to put more weapons out of commission for the first time in over a year. The move came ahead of the planned unveiling by the leaders of Britain and Ireland of a joint peace package that has taken ..."
2,"Notebook: USC, Sooners in control of BCS",USC vs. Oklahoma in the Orange Bowl appears to be three victories away - two by USC and one by the Sooners. USC and Oklahoma held the top two spots in the Bowl Championship 
4,AOL To Add Free Anti-Virus Service For Members,America Online on Thursday said it would give away a formerly for-fee virus scanning service when it releases a special security-focused edition of its software next month.
3,IRS Demands FICA from Chili's Owner," NEW YORK (Reuters) - Brinker International Inc. which  operates the Chili's restaurant chain, on Monday said it  received a demand from the U.S. Internal Revenue Service  regarding the company's share of FICA taxes on unreported tips  of \$31.4 million during 2000 to 2002."
1,England's Lawyers Try to Get Photos Thrown Out,Lawyers for Pfc. Lynndie R. England sought Wednesday to throw out evidence at the heart of the Abu Ghraib prison scandal -- the now-infamous photos showing her smiling and pointing at naked Iraqi detainees.
2,Ferrero advances; Moya stunned in rainy Beijing,"Beijing, China (Sports Network) - For the second time in as many days, rain was a major factor at the inaugural \$500,000 China Open."
2,Woods joins Haas in TOUR Championship lead,"Tiger Woods was 2 years old when Jay Haas won his first golf tournament and 17 when he won his last. On Sunday, though, the two men will play together in the final group in the "
4,Google Woos Froogle UK Shoppers," quot;We developed Froogle UK so that online shoppers could quickly and easily locate the products they are looking for, from the most obscure to the most popular, quot; Google Engineering Director Cosmos Nicolaou said in a statement."
3,Cingular Sees Merger Savings Above Plan,"Cingular Wireless, the nation #39;s largest wireless carrier following the company #39;s merger with AT amp;T Wireless, said Wednesday that it has completed integration activities ahead of schedule and now expects merger-related cost savings to exceed prior estimates "
4,Pirates named,"PROSECUTORS HAVE named those charged in one of the biggest pirate software seizures in US history. The two-year investigation, dubbed Operation Digital Marauder, resulted in  quot;one of the largest seizures of "
2,Another Major Non-Factor,"Another major, another disappointment for Tiger Woods, the No. 1 ranked player in the world who has not won a major championship since his triumph at the 2002 U.S. Open."
2,Expanding West,"Major League Soccer's two expansion teams, Real Salt Lake and Club Deportivo Chivas USA, will join the Western Conference for the 2005 season."
4,Will your phone become your credit card?,"Motorola is working with MasterCard to introduce a ""lifestyle changing"" credit card phone by year's end."
1,Rwandan  #39;motivated by riches #39;,"Ouagadougou - Rwanda #39;s threat to launch military strikes in Democratic Republic of Congo would be motivated by the abundant mineral wealth in its giant western neighbour not by the desire to attack Hutu fighters based there, a Congolese diplomat said here "
1,Costa Rica quake,A powerful early-morning earthquake in Costa Rica shook presidents and prime ministers from their beds while damaging houses and frightening several people into heart attacks.
2,Butt facing ban,Newcastle midfielder Nicky Butt is facing up to the possibility of a three-match European ban for his moment of UEFA Cup madness. The 29-year-old England international lost his cool with Hapoel Bnei Sakhnin 
3,U.S. Stocks Headed for Flat Open," NEW YORK (Reuters) - U.S. stocks appeared set for a modest  rebound at the open on Thursday, as oil prices retreated a day  after spiking to more than \$48 a barrel, a rise that fueled a  sharp slide in stocks on concern that energy prices would hurt  corporate profits and consumer spending."
4,Report: Global warming now inevitable,"The Arctic Council, an international group of northern nations, says global warming will be both a blessing and a curse. The group #39;s report, four years in the making and set for a Nov."
2,Kederis proclaims innocence,Olympic champion Kostas Kederis today left hospital ahead of his date with IOC inquisitors claiming his innocence and vowing:  quot;After the crucifixion comes the resurrection. quot; ...
1,Freed trio get warm Delhi welcome,"Three Indian truck drivers held hostage in Iraq arrive back in Delhi, where large crowds greet them."
1,Accusations of Fraud Mar Afghan Election,"KABUL, Afghanistan - Afghans packed polling stations on Saturday for a historic presidential election that was blemished when all 15 candidates opposing U.S.-backed interim President Hamid Karzai withdrew, charging the government and the U.N. with fraud and incompetence..."
3,Corporate Failures Hurt Pension Guaranty Group,Description: A flurry of corporate bankruptcies in the past few years leaves a public agency strapped for cash: the Pension Benefit Guaranty Corporation.
3,"First Howard, Now Mel: Karmazin Joins Sirius As CEO","Hours after his close associate Howard Stern addressed a teeming crowd about the benefits of Sirius Satellite Radio, former Viacom Chief Operating Officer and President Mel Karmazin announced that he has signed onto the fledgling company as CEO."
2,Hamm not looking back,"Controversial Olympic gold medalist Paul Hamm is back in the United States and ready to move on. Hamm, in Worcester for the Rock  amp; Roll "
1,What Do Women Want in a Presidential Candidate? (Reuters),"Reuters - Tammy Hough is a life-long\Republican, a socially conservative stay-at-home mother and a\woman who puts American security as a top priority, so many\pundits see her vote as an easy one for President Bush. But\she's not so sure."
2,Report: Glazer soccer bid near,"Malcolm Glazer, tycoon owner of the Tampa Bay Buccaneers, reportedly plans to bid more than \$1.2-billion to take control of British icon Manchester United, the world #39;s richest soccer team."
3,Yahoo! Ups Ante for Small Businesses,Web giant Yahoo! is gambling that price cuts on its domain name registration and Web hosting products will make it more competitive with discounters in the space -- which means that small businesses looking to move online get a sweeter deal through ...
4,IBM Releasing New Power5-Based Servers,RESEARCH TRIANGLE PARK - IBM is rolling out a new line of Power5-processor based servers that it says outperform rivals from Sun and HP.
3,Shares surge to all-time high as results exceed forecasts,NEW YORK (CBS.MW) -- Toll Brothers reported fiscal fourth-quarter earnings that nearly doubled over year-earlier results as demand continued to outstrip supply in the homebuilder #39;s affluent markets.
4,Digital home entertainment hits the road,Theater-quality entertainment systems are coming to the car. Is rush hour ready for wireless file swapping?\&lt;br /&gt; Photo gallery: Consumer gear takes a test drive
1,Bosnian Serb PM resigns after war crimes criticism (AFP),"AFP - Bosnian Serb Prime Minister Dragan Mikerevic resigned, a day after the international community imposed fresh sanctions against Serb police and officials for allegedly protecting war crimes fugitives."
2,Bovina ends two-year wait,Seventh-seeded Russian Elena Bovina won her first title in two years by beating France #39;s Nathalie Dechy 6-2 2-6 7-5 in the final of the Pilot Pen tournament.
3,EA Reports Higher Quarterly Profits," LOS ANGELES (Reuters) - No. 1 video game maker Electronic  Arts Inc on Tuesday reported higher quarterly profits on strong  demand for titles like Madden NFL 2005, but its stock price  fell after a holiday forecast fell short of Wall Street  expectations."
4,Bond game fails to shake or stir,GoldenEye: Rogue Action fails to deliver on the promise of its name and struggles to generate the original's massive sense of fun.
1,Davenport Advances at U.S. Open,"NEW YORK - Lindsay Davenport's summer of success stayed on course Thursday when the fifth-seeded former U.S. Open champion defeated Arantxa Parra Santonja 6-4, 6-2 and advanced to the third round of the season's final Grand Slam event..."
3,Argentina Views China As Market Economy,"Argentina recognized China as a market economy on Thursday, granting the Asian country a status it has been seeking worldwide to keep countries from imposing penalties on the dumping of Chinese exports."
1,Bush Signs Into Law Debt Ceiling Increase,"&lt;p&gt;&lt;/p&gt;&lt;p&gt; WASHINGTON (Reuters) - President Bush on Friday signed intolaw a measure authorizing an \$800 billion increase in thecredit limit of the United States, the White House said.&lt;/p&gt;"
4,R.I.P. Gary Webb -- Unembedded Reporter,"The finest journalist ever to get fired for telling the truth is dead at age 49. The official cause of death on the death certificate will be suicide. But, as we shall see, he had much help getting to that point. The story of the life and death of Gary Webb says much about the state of American politics and what passes as ""journalism"" in today's America. "
1,Bush won #39;t take Iran #39;s word for it,"CRAWFORD, Texas As President Bush sees it,  quot;the only good deal is one that #39;s verifiable. quot;. He #39;s applauding the efforts of some European countries to get Iran to honor its commitment to refrain from developing nuclear weapons."
1,Pakistan bombs suspected al-Qaida camp,"Ayman al- Zawahiri, second in command of al-Qaida, said last night that the US faced defeat in Iraq and Afghanistan. In a videotape broadcast by the Arab satellite television station al-Jazeera, he said:  quot;The "
1,Arafat #39;s body arrives in Cairo for funeral,The body of late Palestinian President Yasser Arafat has arrived in Cairo from Paris for a military funeral which presidents and other dignitaries from around the world are due to attend.
3,US stocks: Markets rally on Bush win; oil surge limits gains,"US stocks rallied Wednesday, boosted by shares of health and defence companies that are seen benefiting from the re-election of President George W. Bush, but higher oil prices checked advances."
3,Ross Stores Profit Plummets 40 Percent (AP),AP - Discount retailer Ross Stores Inc. Wednesday said its profit fell about 40 percent in the latest quarter due to problems with a new computer system that limited the company's ability to respond to changes in customer demand.
2,Sheffield day to day with sprained left ankle,New York Yankees right fielder Gary Sheffield missed Sunday #39;s against the Toronto Blue Jays with a sprained left ankle. Sheffield is listed as day to day.
4,Mutant book wins Guardian prize,A book about the evolution of mutants and the science of abnormality has won the Guardian First Book Award 2004.
3,Boeing CEO says market slower than Airbus suggests,BERLIN: Boeing Co. Chief Executive Harry Stonecipher has said the US aircraft makers archrival Airbus was exaggerating the speed of recovery in the commercial airplane market.
4,#NAME?,"In what seems to be one of the more bizarre and confusing aspects of the unholy alliance between Sun and Microsoft, Sun #39;s recent 10k filingincludes previously unseen legalese from the settlement agreement."
3,American Airlines revenue weakens,"American Airlines holding company AMR Corp. (AMR: Research, Estimates) on Wednesday said the airline #39;s August revenue was weaker than expected after hurricanes and high fuel prices "
2,Petherick delighted over Franklin hat trick,"Peter Petherick welcomed James Franklin into the test hat trick club with open arms last night. The former offspinner, who took his hat-trick on debut against Pakistan in Lahore 28 years "
2,Everton goes second with derby win,"Liverpool, England (Sports Network) - Everton moved up to second place in the Premiership Saturday with a 1-0 win over arch-rival Liverpool at Goodison Park."
3,Coke opens its coolers to rival products,Coca Cola is to allow other companies #39; products in its shop coolers for the first time. It has agreed the move in a deal with the European Commission to settle a five year competition case.
2,Redskins Underway,"The Redskins and Cowboys are underway from FedEx Field, a game that marks the first time legends Joe Gibbs and Bill Parcells have faced each other since 1990."
4,PalmSource Embraces Linux with China MobileSoft Acquisition (NewsFactor),"NewsFactor - Mobile software provider PalmSource is leaping into a market with a\potentially huge upside with the acquisition of China MobileSoft (CMS),\and at the same time is giving a big boost to the open source developer\commmunity."
4,Skype releases Pocket PC software,Software allows users of personal digital assistants to make free calls using Wi-Fi networks.
2,Inter Milan #39;s Adriano apologises for dismissal,Inter Milan striker Adriano has asked fans to forgive him after he was sent-off in the 0-0 draw against Valencia on Tuesday night.
2,Hewitt Advances at Japan Open (AP),"AP - Top seeded Lleyton Hewitt rallied to a 6-0, 3-6, 6-1 win over Japan's Gouichi Motomura on Wednesday in the second round of the Japan Open."
3,Disney Foes Want Eisner Out Now,Disgruntled former Disney directors Roy Disney and Stanley Gold told Disney #39;s board Monday that CEO Michael Eisner should hit the road by early 2005 at the latest.
1,US security official killed in Iraq attack,"A US security official, assigned to the US Embassy in Baghdad, was killed on Sunday by a mortar attack on a US Army base near Baghdad International Airport, US Secretary of State Colin Powell said."
2,Florida deaths blamed on Hurricane Frances,State and local officials Tuesday said nine people have died in Florida because of Hurricane Frances. The following describes those deaths: - A 15-year-old grandson and a former son 
4,"Game Daze:  #39;Grand Theft Auto: San Andreas, #39;  #39;Midway Arcade &lt;b&gt;...&lt;/b&gt;",It #39;s violent. It #39;s profane and politically incorrect. It #39;s packed wall to wall with tough thugs doing terrible things.
2,Tennis: Agassi makes short work of Vliegen,"STOCKHOLM - Andre Agassi made short work of Kristof Vliegen in his opening Stockholm Open tennis match today, beating the Belgian 6-2 6-4 in just over an hour."
3,Oil prices send US stocks lower,INVESTORS sent stocks sharply lower today as oil prices continued their climb higher and new questions about the safety of arthritis drugs pressured pharmaceutical stocks.
3,Allianz to fight US court ruling on WTC attacks,MUNICH - German insurance concern Allianz said on Tuesday it would fight a US jury decision in New York which doubled the amount of insurance which the leaseholder of the destroyed World Trade Center towers could collect from nine insurance firms.
3,Sparks fly in Gold Fields bid battle,The bitterly fought \$8.1bn (4.5bn) bid battle for control of Gold Fields is set to become even more acrimonious this week when Harmony Gold Mining launches a fresh attack on its target #39;s track record.
3,Start of Ebbers Trial Delayed,NEW YORK -- A federal judge has delayed the trial of former WorldCom chief Bernard Ebbers until January 17th. The trial had been set to start November Ninth.
2,LIPPI LAMENTS LACK OF FIXTURES,Italy coach Marcello Lippi claimed he was frustrated that the Azzurri had no more World Cup qualifiers before the new year after the 4-3 win over Belarus saw the Italians claim top spot in Group Five.
4,Cisco to acquire P-Cube for \$200M,"SAN JOSE, Calif.Cisco Systems Inc. said it has agreed to acquire P-Cube for \$200 million in stock and cash to enable service providers to further control and manage such advanced Internet Protocol services "
1,Kerry Win Would Trigger Fierce Senate Race (AP),"AP - If John Kerry is elected president, Massachusetts would end up with its first Senate vacancy in 20 years, triggering a springtime special election that could determine the balance of power in Congress' upper chamber."
1,French Trial Watches Bomb Plot Surveillance Tape (Reuters),"Reuters - A Paris court watched on Friday a\surveillance video shot by Islamic militants plotting to bomb a\Strasbourg market, in which a commentator brands the French\city a modern-day Babylon whose residents would go to hell."
4,Google partners with libraries,"Google #39;s plan to digitally scan books so that users can access them from its Internet search engine is being greeted with delight at the tiny library in my hometown of Half Moon Bay, Calif."
2,The Russians are back,"St. Paul, Minn.Outclassed and completely humiliated by the Russians here last night, the reeling and desperate Americans are planning wholesale lineup changes to get back on track in the World Cup."
4,Shareholders Approve Aether Changeover,"Shareholders approved Aether Systems Inc.'s sale of one of its two remaining operating divisions Wednesday, a deal that will take the Owings Mills company out of the wireless business and nearly complete its transformation into a mortgage investment fund.&lt;BR&gt;\&lt;FONT face=""verdana,MS Sans Serif,arial,helvetica"" size=""-2""\ color=""#666666""&gt;&lt;B&gt;-The Washington Post&lt;/B&gt;&lt;/FONT&gt;"
4,Next gen games prove a challenge,"Making games for the future consoles is going to take a lot of time and money, a games conference is told."
3,Nikkei Hits 2-Week Closing Low," TOKYO (Reuters) - The Nikkei average fell for a third  straight session to hit a two-week closing low on Friday as  renewed earnings concerns prompted selling in Tokyo Electron  Ltd., Sony Corp. and other high-tech stocks."
4,Violent video games slammed,p2pnet.net News:-The launch of the now much-maligned Kill Jack Kennedy Again game has achieved at least one thing: Its woken the mainstream media up to the fact that video games based on giving players a way to take part in virtual murder aren #39;ta 
3,US Treasuries cut early gains on jobless drop,US Treasury debt prices cut early gains but remained narrowly higher after the government said that new claims for jobless insurance fell in the latest week.
4,CA offers usage-based pricing for mainframe tools,"OCTOBER 07, 2004 (IDG NEWS SERVICE) - Computer Associates International Inc. introduced a usage-based pricing and licensing option for its mainframe management products today, aligning its offerings with IBM #39;s on-demand model."
4,Apple releases Security Update 2004-09-30 (MacCentral),"MacCentral - Apple on Monday released Security Update 2004-09-30, which fixes two AFP Server and CUPS issues as well as problems with NetInfoManager, postfix and the ServerAdmin component in Mac OS X Server v10.2.8 and v10.3.5. In addition, a QuickTime heap buffer overflow problem that could allow someone to execute code hidden in a BMP has been repaired. The CUPS and QuickTime fixes apply to Mac OS X v10.3.5 and v10.2.8 as well as the Server versions of each while the others apply only to the user and Server editions of v10.3.5."
2,"Italian GP, Race",Fernando spun out of third position while Jarno finished tenth in this afternoon's Italian Grand Prix
3,Reliance battle seen getting messier in days ahead:,"Business India: Mumbai, Nov 26 : The much talked about family feud over the control of Reliance Industries, India #39;s largest industrial house, is set to turn into a full-fledged boardroom battle that may entail a revamp of the company #39;s management."
3,Now It's Official: Economy Shrunk," WASHINGTON (Reuters) - The U.S. economy slowed more sharply  in the second quarter than first thought as oil prices rose and  the trade gap swelled, the government said on Friday in a  report that confirmed momentum faltered in the spring."
3,Danaher to Make Offer for Linx Printing,"Danaher Corp., a maker of Sears Craftsman tools and environmental testing products, said Wednesday that it plans to make a cash tender offer to purchase Linx Printing Technologies PLC for \$158 million, including transaction costs."
2,Aussies ponder pace quartet,AUSTRALIA could again use a four-strong pace attack in tomorrow #39;s Champions Trophy semifinal as it bids to stretch its winning streak against England in one-day internationals to 15 matches.
1,"Putin Seeks More Control Over Regions, Governors",In an address to the countrys top officials on Monday Russian President Vladimir Putin announced initiatives that would further strengthen the federal centers control over political life.
1,India test-fires missile,"NEW DELHI, Nov 26: India on Friday test fired Akash, the indigenously developed surface-to-air missile from the Integrated Test Range at Chandipur-on-sea, about 14km from Balasore (Orissa)."
3,ATA to temporarily lay off 156 employees,INDIANAPOLIS - ATA Airlines announced temporary layoffs Thursday throughout its system amid speculation that the struggling airline was in merger talks.
1,"North Korea Talks Still On, China Tells Downer (Reuters)","Reuters - China has said no date has been set for\working-level talks on the North Korean nuclear crisis and gave\no indication that the meeting has been canceled, Australian\Foreign Minister Alexander Downer said on Tuesday."
1,Pakistan Test-Fires Nuclear Missile,"Pakistan has successfully test fired a medium-range, nuclear-capable missile that could hit most cities in neighbouring India. Defence officials said the exercise was not intended as a message to the South Asian rival."
1,"Nigerian Islamist rebels attack police, take officers hostage (AFP)","AFP - Islamist rebels have attacked a major police patrol and taken a number of hostages in a remote area of northeastern Nigeria near the Cameroon border, the missing officers' commander told AFP."
4,Intel silent on Jayhawk replacement,"SAN FRANCISCO -- Intel Corp. on Tuesday provided a few more details about future plans for its enterprise server processors, but the company maintained its silence on its plans for an upcoming dual-core Xeon processor, which it has promised as the next major follow-up to the Nocona chip it launched in August."
1,Highlights of What Congress Has Done (AP),AP - Highlights of what Congress has done  #151; and has not done  #151; this year.
1,Fresh bid to dismiss Jackson case,Lawyers for Michael Jackson say the singer's child molestation case should be dropped.
1,"23 Palestinians, 3 Israelis Die in Gaza Fighting"," JABALYA, Gaza (Reuters) - Twenty-three Palestinians and  three Israelis were killed Thursday, Gaza's bloodiest day for  more than two years, as Israel's army struck back after a  rocket attack killed two Israeli children in a border town."
2,Glazer raises stake in United to close on buy-out trigger point,Malcolm Glazer edged closer to triggering a mandatory bid for Manchester United last night by increasing his stake in the club to 27.
1,Armed Athens Bus Hijackers Release Five Hostages (Update2),"Hijackers who took as many as 26 people hostage on a commuter bus on the outskirts of Athens released five of the captives. Police are in negotiations to free the remaining hostages, a spokeswoman said."
1,"Sudan to attract most ICRC funds in 2005, 30-percent drop in cash for Iraq (AFP)","AFP - Strife-torn Sudan will become the largest focus of aid work for the International Committee of the Red Cross in 2005, while money earmarked for Iraq will fall by almost one third, the agency said."
3,Airlines Agree to Cut Flights at Chicago O'Hare," CHICAGO (Reuters) - U.S. airlines have agreed to limit  flights into Chicago's O'Hare International Airport to 88  arrivals per hour between 7 a.m. and 8 p.m. in an effort to cut  congestion that has slowed the whole U.S. aviation system,  federal officials said on Wednesday."
2,Tigers Clip Indians 6-4 (AP),"AP - Eric Munson and Omar Infante each hit two-run homers and Detroit's bullpen stayed busy all night Thursday, leading the Tigers to a 6-4 win over the Cleveland Indians."
4,Ask Jeeves Search Engine Gets Slim and Personal,"Ask Jeeves Search Engine Gets Slim and Personal\\Ask Jeeves has introduced new changes which have totally made over the search engine which hopes to give Yahoo, MSN and Google a run for their money. The new changes at Ask.com include MyJeeves personal search, a revamped local search, and an update ..."
3,Yen Rises Vs Dollar Despite Japan Data," TOKYO (Reuters) - The yen advanced against the dollar on  Friday, shrugging off weak third-quarter growth figures for  Japan as market worries persisted about the huge U.S. deficits."
1,U.S.: Korea Cloud Not From Nuclear Blast,"SEOUL, South Korea - A huge mushroom cloud that reportedly billowed up from North Korea was not caused by a nuclear explosion, South Korean and U.S. officials said Sunday, but they said the cause was a mystery..."
2,Super Bowl Advertisers Still in the Game After Scandal," NEW YORK (Reuters) - Advertisers may have been bitten once  by an indecency scandal at the 2004 Super Bowl, but they are  not shy about getting back into the game for the next U.S.  football championship."
3,Jury Orders Medtronic to Pay \$109 Mln to Inventor,A jury in federal court in Tennessee has ordered Medtronic Inc. to pay at least \$109 million to an inventor in a dispute over rights to spinal fusion technology.
1,Sister of man who died in Vancouver police custody slams chief (Canadian Press),Canadian Press - VANCOUVER (CP) - The sister of a man who died after a violent confrontation with police has demanded the city's chief constable resign for defending the officer involved.
1,"Japan earthquakes kill 23, leave thousands in shelters (AFP)","AFP - Thousands of people were spending the night in emergency shelters after the deadliest quakes to hit Japan in nearly a decade killed 23 people and injured more than 900, police and reports said."
2,Lowe's road to glory,"For Derek Lowe, two roads diverged not in a yellow wood, as New England's poet laureate Robert Frost had it, but on the greenswards of Fenway Park, Yankee Stadium, and Busch Stadium."
3,Interpublic Posts Wider 3Q Loss,"Interpublic Group of Cos., the world #39;s third-largest ad conglomerate, said Wednesday that third-quarter losses widened significantly on increased charges as well as greater salary and severance costs."
4,"Small computers can have multiple personalities, too","BOSTON The jury is still out on whether a computer can ever truly be intelligent, but there is no question that it can have multiple personalities. It #39;s just a matter of software. We usually think of the processor chip as the brains of a computer. The ..."
4,Spam on the menu at annual virus conference,BOSTON - Computer viruses and worms will have to share the stage with a new challenger for the attention of attendees at a conference of antivirus researchers: spam e-mail.
2,Jug half full: Gophers hope to hit ground running at Michigan,"If Minnesota wants to walk out of Michigan Stadium with the Little Brown Jug for the first time since 1986, it had better hope its offense is its old self and its defense isnt."
3,Scaffold collapse survivors improving,"One of the men who survived Friday #39;s fatal scaffold collapse is in guarded condition at Detroit Receiving Hospital and the two other survivors were released on Sunday, a hospital spokeswoman said."
4,UN 'must ignore cloning ban call',The UK's Royal Society urges the UN to ignore a call by President Bush to ban all forms of human cloning.
3,"Multiplex, Westfield in UK bid",SHOPPING centre giant Westfield Group has drafted rival Multiplex and the billionaire Reuben brothers into its pound stg. 585 million (\$1.
1,US Supreme Court asked to rule on homosexuals' right to adopt children (AFP),"AFP - The American Civil Liberties Union, the leading US civil rights group, petitioned the US Supreme Court to rule on the right of homosexuals to adopt children."
3,Ryanair names Liverpool airport as 12th base,Ryanair is making Liverpool #39;s John Lennon Airport its 12th European base. The low fares airline is investing \$240m in four new Boeing 737-800 aircraft and will launch nine new European routes from the airport.
3,Brazil Embraer says suspends US Airways deliveries,"Brazilian aircraft manufacturer Embraer (EMBR4.SA: Quote, Profile, Research) (ERJ.N: Quote, Profile, Research) on Wednesday said it had suspended aircraft deliveries to US Airways (UAIR."
4, #39;Kind of a creepy thing #39;: Clues to human origins turn up in head &lt;b&gt;...&lt;/b&gt;,Lice genes have been a head-scratcher for experts in human origins who now suspect that we humans picked up some parasites from our more primitive ancestors.
1,US diplomat among 7 injured in Islamabad hotel explosion,ISLAMABAD: Seven people including foreigners were injured in a powerful explosion at the entrance to the Marriott Hotel lobby on Thursday.
2,Browns' Lee Suggs Ready for Return (AP),"AP - Browns running back Lee Suggs, inactive for Cleveland's first three games with a neck stinger, has been granted medical clearance to practice at full speed this week."
2,Schumacher Clinches Seventh Season Title (AP),"AP - Michael Schumacher clinched an unprecedented seventh Formula One drivers' title at the Belgian Grand Prix on Sunday, despite not winning for just the second time in 14 races this season."
4,IBM: Blue Gene Supercomputer For Sale,"Fresh after taking the performance crown and capping a five-year, \$100 million R amp;D effort, IBM today announced that Blue Gene is officially going on sale with a starting price of \$1."
1,A threat to the West Bank pullout,"The expected withdrawal from the Gaza Strip is substantively different from that which Israel will carry out in the northern West Bank, in the area of Jenin."
3,Coca-Cola will not sell low-carb C2 in UK,"Coca-Cola has decided not to sell its C2 brand in the UK, one of the company #39;s biggest markets, raising doubts about the future of the mid- calorie soft drink just six months after its launch in North America and Japan."
2,Badgers ride early surge,"MADISON, Wis. -- Anthony Davis ran for 124 yards and two touchdowns, and quarterback John Stocco threw for a career-high 297 yards and a touchdown as No. 5 Wisconsin remained unbeaten with a 38-14 rout of archrival Minnesota. Stocco also ran for two touchdowns as the Badgers, 9-0 for the third time in school history, moved into a first-place tie ..."
4,Novell reshuffles biz for Linux focus,Novell is reorganising its business to focus on two key areas - Linux and identity management. The networking software firm #39;s Nterprise and Linux operations will be folded into a Platform and Application Services group CRN reports.
3,"DaimlerChrysler, Mitsubishi in venture",Automaker DaimlerChrysler AG said Wednesday it has signed a contract with Japan #39;s Mitsubishi Motors Corp. in which the two companies renewed their commitment to joint production and development projects.
4,Training is the Key to Defibrillator Success,"By DANIEL YEE     ALPHARETTA, Ga. (AP) -- Because defibrillators are more affordable than ever, they are quickly becoming commonplace in schools, businesses and other public places such as airports..."
4,Aether Declines Higher Bid for Unit (washingtonpost.com),"washingtonpost.com - Aether Systems Inc., a Maryland wireless data company that is selling off its operating units, said yesterday it received a  #36;30 million offer for a division it had already agreed to sell to another buyer for  #36;25 million."
4,Porn Processor Settles Deceptive-Billing Charges," WASHINGTON (Reuters) - A pornography bill-processing  company has agreed to forego \$17 million that it billed  computer users in order to settle deceptive-business charges,  the U.S. Federal Trade Commission said on Monday."
2,Hidden value for Wakefield,"When we look back on this improbable postseason turnaround by the Red Sox, one of the turning points will be hard to find unless we recall the words of Red Sox manager Terry Francona in the aftermath of the humiliating 19-8 loss to the Yankees in Game 3 of the American League Championship Series."
2,Ronaldo a doubt for Real,"Madrid, Spain (Sports Network) - Star striker Ronaldo could miss Real Madrid #39;s La Liga contest Sunday against Deportivo La Coruna due to injury."
2,"Jags Cut Compton, Maddox (AP)",AP - Veteran offensive lineman Mike Compton and rookie defensive tackle Anthony Maddox were among the 12 players cut by the Jacksonville Jaguars on Sunday.
2,Two Michigan State receivers arrested on bomb-making charges,"Two Michigan State football players have been charged with planting homemade bombs outside apartments. Terry Love and Irving Campbell, both 19-year-old redshirt freshmen wide receivers "
2,"Upstarts Guatemala, Panama Face Crunch Qualifiers", RIO DE JANEIRO (Reuters) - Upstarts Guatemala and Panama  face crunch matches against more experienced CONCACAF opponents  Saturday as they continue their quest to qualify for a first  World Cup.
3,Still no beef resolution after latest talks,"NEW YORK, (Aug. 30, 2004) - Cattle farmers and haulers finally looking for a quick end to a 15-month ban on live cattle exports to the US are out of luck after Canadian Agriculture Minister Andy Mitchell "
3,Indian inflation peaks on imports,"Indian inflation hits its highest level in more than three years, boosted by increasing energy and food costs."
4,California group sues Albertson's over privacy concerns,A California-based privacy advocacy group is suing supermarket giant Albertson's over alleged privacy violations involving its pharmacy customers.
1,Iran leader reasserts arms views,"NEW YORK Iran #39;s foreign minister has said that his country will never give up its right to develop nuclear technology for peaceful use, though he denied any intent to produce nuclear weapons."
1,Pro-pot groups says federal policies out of step with Canadians (Canadian Press),Canadian Press - OTTAWA (CP) - A group which advocates legalized marijuana says a new poll shows federal pot policies are out of touch with public opinion.
3,Japan #39;s SMFG in \$29B bid for UFJ,"Sumitomo Mitsui Financial Group Inc. laid out a \$29 billion bid for UFJ Holdings on Tuesday, challenging a rival offer by Mitsubishi Tokyo Financial Group to form the world #39;s biggest bank."
1,Congo Ex-Rebel Group Pulls Out of Government (Reuters),"Reuters - The former main rebel group during\Congo's civil war pulled out of a power-sharing transitional\government on Monday, dealing a major blow to the country's\already fragile peace process."
4,Warning over rapid Arctic warming,"With temperatures in the Arctic rising at twice the rate of elsewhere, the ice cover there will within the next 100 years completely disappear in summer and the biodiversity will change dramatically, according to a scientific study published this week."
2,FERGUSON ATTACKED IN TUNNEL BUST-UP,SIR ALEX FERGUSON was pelted with food and pea soup by an Arsenal player in an extraordinary tunnel bust-up at Old Trafford yesterday.
1,Burundi: Hold Rebels Responsible for Attack,"A Burundian rebel movement was responsible for the August 13 slaughter of more than 150 civilians at Gatumba refugee camp in Burundi, and not the combined forces of Hutu and Mai-Mai fighters who have been blamed for the attack, Human Rights Watch said in "
4,Conservationists Meet to Plan Global Green Agenda (Reuters),"Reuters - More than 5,000 scientists,\conservationists and politicians meet in Thailand over the next\week to hammer out a blueprint for saving some of the world's\most endangered species and fragile ecosystems."
3,Intel to delay product aimed for high-definition TVs,"SAN FRANCISCO -- In the latest of a series of product delays, Intel Corp. has postponed the launch of a video display chip it had previously planned to introduce by year end, putting off a showdown with Texas Instruments Inc. in the fast-growing market for high-definition television displays."
4,Baby for ovary transplant woman,A Belgian cancer patient made infertile by chemotherapy has given birth following revolutionary treatment.
2,Bauman: Lapse cost Twins game,It is easy to look at the final game of a postseason series as the game that meant everything. But this particular series took a decisive turn two games before the end arrived Saturday.
3,"Dreams of perfect market are fine, as long as they don't come true","In these times of financial wrongdoing and subsequent systemic changes, it's only natural to wonder what a perfect investment world would look like."
2,Cricket-Sri Lanka #39;s wicketkeeper calls it quits,COLOMBO (AFP) - Sri Lanka #39;s wicketkeeper Romesh Kaluwitharana has announced his retirement from international cricket after being left out of the squad for next month #39;s tour to New Zealand.
2,Anniversary remembered on game day,"When the attacks came on Sept. 11, 2001, Tom O'Brien, if only for a moment, stopped being Boston College's coach. On that day, as the World Trade Center and Pentagon smoldered and the world stood still, O'Brien was a Navy man."
4,New Grand Theft Auto Video Game Heads to Xbox (Reuters),"Reuters - Video game hit ""Grand Theft Auto:\San Andreas"" is coming to the Xbox and personal computer\platforms next June, publisher Take-Two Interactive Software\Inc. said on Thursday."
1,Same-sex divorce rules still hazy,"Now that an Ontario couple has been given Canada #39;s first same-sex divorce, experts are divided over just how easy it will be for gays and lesbians in other provinces to end their marriages."
4,Music lovers can download entire track on their Mobile Phone,Here is good news for music lovers! Now you can download the entire track on your mobile phone. This is made possible as two giants US-based Melodeo and Warner Music Group has signed an agreement whereby consumers 
2,GAME NOTES: The 24th-ranked Memphis Tigers and the fifth-ranked &lt;b&gt;...&lt;/b&gt;,Orange are set to square off in the title game of the Coaches vs. Cancer. Classic. The Orange posted an impressive 71-58 victory over 12th-ranked.
3,SEC considering civil action over 3 AIG press releases,"American International Group Inc. said it has been informed by the Securities and Exchange Commission that it could face a civil action over three of the company's press releases, two of which came out in recent weeks."
1,South Korean court blocks relocation of capital,"Yun Young-Chul (C-back), president of the Constitutional Court, speaks as the court ruled against President Roh Moo-Hyun #39;s plan to relocate the country #39;s capital at the court, in Seoul, October 21."
1,Presidential campaign turns even nastier (AFP),AFP - The US presidential race hit a new low in nastiness with images of Osama bin Laden and epithets such as  quot;despicable quot; and  quot;un-American quot; bombarding voters before a crucial series of televised debates.
2,Arsenal loses again in Premier League,Arsenal dropped five points behind Chelsea in the English Premier League on Sunday after losing 2-1 to Liverpool on an injury-time goal by Neil Mellor.
4,AOL Upgrades Multimedia Search Site,"com. America Online Inc. on Wednesday launched new features in its Singingfish search site for audio and video on the Web. AOL, a division of Time Warner Inc."
4,Internosis Will Relocate To Greenbelt in October," Internosis Inc., an information technology company in Arlington, plans to move its headquarters to Greenbelt in October. The relocation will bring 170 jobs to Prince George's County."
3,Poor nations seek WTO textile aid,"With 40 years of textile quotas about to be abolished in a move to help developing nations, a group of the world #39;s poorest countries are asking for a different approach: special trade deals to protect them from a free-for-all."
4,Broadband Providers Monitor Philly's Plans To Offer Citywide Wi-Fi (Investor's Business Daily),"Investor's Business Daily - With Philadelphia's recent proposal to install a citywide broadband wireless network, will there be brotherly love between the city and its broadband service providers?"
1,Lawyer for Bush Quits Over Links to Kerry's Foes,"The quick resignation suggests that the Bush campaign, which has repeatedly said it has no ties to the Swift boat veterans group, is eager to put the issue behind it."
2,Report: Gretzky pondering a move to coaching,"Mesa, AZ (Sports Network) - Phoenix Coyotes managing partner Wayne Gretzky is considering a move into the coaching ranks, according to a published report."
1,HAYLEY MICK:,"Hayley Mick is a journalist currently based in Vancouver. She has broadcast experience with CBC Radio #39;s Quirks and Quarks and has reported for the Vancouver Sun, CBC Online, and the Canadian Press #39;s Ontario and Vancouver bureaus."
1,UN Nuclear Agency Confirms Tons Of Explosives Missing,"Vienna, Austria -- The UN nuclear watchdog agency says it #39;s concerned tons of missing explosives in Iraq  quot;could have fallen into the wrong hands."
3,CHUCK JAFFE,BOSTON (CBS.MW) -- A lot of people got excited when Fidelity Investments announced recently that it was cutting fees on five index mutual funds.
4,Web Gaming Changes Social Interactions (AP),"AP - Not so long ago, in a galaxy not so far away, Chip Collier was on a mission. ""I really gotta stop bleeding and dying,"" the 24-year old said as he slouched in front of his computer in his ninth-floor Chicago apartment. ""I'm really horrible about not paying attention to my battle fatigue."""
4,VeriSign sues ICANN in state court,VeriSign is asking a California court to order the Internet Corporation for Assigned Names and Numbers to butt out of its business.
4,Singingfish Floats New Multimedia Search,"With broadband and desktop media fueling consumer interest in digital media content, video and audio search provider Singingfish has launched an improved search portal to help the world find more multi-media online."
3,First credit rating for Serbia  19:50 November 01  Dow Jones,"LONDON -- Monday -- Serbia reached a milestone on the road to economic stability Monday, as its first-ever credit rating opened the way for a return to international credit markets."
3,US Insurance Stocks Plunge on Concern About Spitzer (Update3),The plunge in US insurance stocks widened to include companies such as Aetna Inc. and Humana Inc. on concern New York Attorney General Eliot Spitzer #39;s probe of the industry will drag down profits.
2,Louisiana Tech Bulldogs,"RUSTON, Louisiana (Ticker) -- No. 17 Fresno State could not overcome a dominant performance by Ryan Moats or a poor one by Paul Pinegar."
3,Kiwi hits eight-year high against struggling greenback,"The New Zealand dollar has hit its highest level this year, propelled by a dramatic dip in the US dollar. As the greenback slumped against most global currencies, the kiwi rose to 71.02USc, its highest level for eight years."
3,Martha Stewart Living posts bigger loss,"Martha Stewart Living Omnimedia Inc., still reeling from the personal legal woes of its imprisoned founder, former chairwoman and CEO, posted a wider loss in the third quarter "
3,"Update 4: Tokyo Stocks Shed 1 Percent, Dollar Up","Tokyo stocks shed more than 1 percent Friday, extending declines to a sixth straight session driven by Wall Street #39;s weakness and worries that higher oil prices may crimp corporate profits."
1,US Forces Move Deeper Into Fallujah; Clashes in Mosul,US and Iraqi forces are pushing deeper south into the city of Fallujah on the fifth day of a joint offensive to drive out insurgents.
4,Astronaut #39;s kudos to Rutan,"I applaud Burt Rutan and the SpaceShipOne team for their miraculous achievement of winning the Ansari X Prize. As an astronaut, I understand well the challenges they faced in reaching suborbital space."
4,Mobile phone  #39;deafness #39; risk,"p2pnet.net News:- Defects in Siemens 65 series mobile phones could cause deafness, says the company.  quot;In extreme cases, this volume could lead to hearing damage."
3,Residents Protest Nation #39;s First Hydrogen Refueling Station,"Two dozen protesters greeted Mayor Tony Williams and top executives of Shell, who came to open North America #39;s first hydrogen refueling station."
3,This week in the state Legislature,"The Senate is expected to vote on the overall \$3.3 billion spending plan for the state Department of Transportation, which supports state and local highway programs, public transportation programs and department administration (House Bill 5528)."
1,Hamas official killed in blast,"JERUSALEM -- A Hamas official was killed Sunday when his sport utility vehicle exploded in a neighborhood of Damascus, Syria, seconds after he started the engine, according to witnesses and the Palestinian militant group #39;s leaders, who accused Israel of "
4,Midtier ERP Vendors Can Capitalize On Oracle Antitrust Verdict,"The door is open for Oracle to win its bid for PeopleSoft, and for midmarket ERP vendors to increase their business. By Elena Malykhina."
1,Peru Launches Offensive to Retake Siege Town," LIMA, Peru (Reuters) - Peruvian authorities on Monday  launched an offensive to retake a police station and end a  three-day siege by former soldiers in a southern Andean town."
4,BearingPoint CFO Out; Error Found,"McLean technology consulting company BearingPoint Inc. said yesterday that its chief financial officer, Robert S. Falcone, would retire on Nov. 30."
4,Update: PeopleSoft board won't negotiate Oracle takeover,PeopleSoft executives said over the weekend that they won't discuss a sale to Oracle at a price of \$24 per share but would consider an offer at a higher price.
2,Red Sox Stumble and Fumble Their Way to Series Lead," ST LOUIS (Reuters) - So much for the ""Curse of the  Bambino."""
1,Downer dismisses  #39;sexed up #39; Iraq warning claims,SYDNEY : Foreign Minister Alexander Downer dismissed newspaper claims the Australian government was repeatedly warned its support for the Iraq war would impede the fight against terrorism.
4,"iPod, DVD Players Lead Aug. Electronics Prices Lower"," NEW YORK (Reuters) - Price declines for U.S. consumer  electronics accelerated in August, fueled by discounted price  cuts for the popular iPod digital music player and traditional  DVD players, according to an industry study prepared for  Reuters."
4,Real targets iPod with download price cut,"RealNetworks has kicked off what it claims is the biggest online music sale in history. For a limited time, every song in the firm #39;s RealPlayer Music Store can be downloaded for 49 cents, with most albums available for \$4.99. "
4,Climax to show off Avalon to US publishers, #39;Project Avalon #39; becomes just plain Avalon; developer will show playable prototype of next-generation shooter to American execs.
1,"US Forces Bomb Iraq's Falluja, Seize Zarqawi Aide (Reuters)","Reuters - U.S. planes bombed targets in\Iraq's rebel-held city of Falluja, killing two people, and the\U.S. military said it had captured a lieutenant of its\deadliest Islamist enemy in Iraq in a raid early on Saturday."
3,Cisco #39;s Q1 Profit Leaps 29 Percent,"Cisco Systems has reported first-quarter profits of \$1.4 on sales of \$6 billion. Despite cautious spending by its corporate customers, softness in the global economy and a lingering uncertainty over whether "
4,Judge Challenges EU Position on Microsoft (Reuters),"Reuters - A top European Union judge\challenged the EU executive's reasoning in its antitrust court\battle with Microsoft Corp. Friday, questioning why it opposed\the U.S. software giant's setting industry standards."
1,Yemeni Ambassador to United Nations Dies (AP),"AP - Abdullah Saleh al-Ashtal, who served as Yemen's ambassador to the United Nations for nearly 30 years, died in New York on Thursday after a long illness, Yemen's Foreign Ministry and its U.N. Mission said Friday. He was 66."
3,"Top Court Upholds Visa, MasterCard Ruling"," WASHINGTON (Reuters) - The Supreme Court on Monday let  stand a ruling that the Visa and MasterCard credit card  associations violated federal antitrust law by barring their  member banks from issuing credit and charge cards on the rival  networks of American Express Co. &lt;A HREF=""http://www.investor.reuters.com/FullQuote.aspx?ticker=AXP.N target=/stocks/quickinfo/fullquote""&gt;AXP.N&lt;/A&gt; and Morgan Stanley.  &lt;A HREF=""http://www.investor.reuters.com/FullQuote.aspx?ticker=MWD.N target=/stocks/quickinfo/fullquote""&gt;MWD.N&lt;/A&gt;."
1,Ivory Coast's Army Bombs Rebel Towns (Reuters),"Reuters - Government warplanes and helicopter\gunships pounded rebel-held towns in northern Ivory Coast for a\second day on Friday, fueling fears of a slide into all-out war\in the world's top cocoa grower."
3,UPDATE 4-New York #39;s Spitzer charges Universal Life with fraud,"New York Attorney General Eliot Spitzer on Friday filed suit against Universal Life Resources (ULR), charging the life and disability insurance broker with taking fraudulent kick-backs for steering business to certain insurers "
4,Cloud rat arrives at London Zoo,"London zoo celebrates the birth of a Panay cloud rat, a very rare tree-living rodent from the Philippines."
1,DEBKAfile Special Analysis,"Before deporting him to Lebanon in 1991, the late Yitzhak Rabin called Ezz-Eldin Sheikh al-Khalil the snakes head, singling him out as the terror master who raised and handled Hamas most accomplished terror operatives, Adnan al Hool and "
2,Plane of NASCAR Team Hendrick Missing,"Race fans wave American flags in the stands during the singing of the National Anthem prior to the start of the NASCAR Subway 500 stock car race at Martinsville Speedway in Martinsville, Va."
4,MmO2 Announces 3G Mobile Data Network Launch,"Customers will be able to download film clips, audio and video, interactive multiplayer games, multimedia music tracks,  quot;push-to-watch quot; services, as well as access large e-mail attachments."
1,"Bush and Kerry Trade Barbs in Fla., Ohio","DAYTONA BEACH, Fla. - The presidential candidates found new ways to go negative Saturday, President Bush accusing his Democratic challenger of putting politics ahead of the war on terror and Sen..."
2,USC Releases Stewart From Scholarship (AP),AP - Southern California point guard Rodrick Stewart was granted a release from his basketball scholarship Friday.
4,Privacy questions arise as RFID hits stores,BALTIMORE--Proponents of radio frequency identification used to have a quick and easy response to consumer advocates charging that the technology posed an alarming threat to privacy.
4,Appeals court faults Oracle in shareholder suit,"Judges send case back to lower court to sort out allegations of improper bookkeeping and ""suspicious"" stock sales."
1,Police Remove Checkpoints Around Capitol (AP),AP - Police checkpoints that have surrounded the Capitol since last August were gone Thursday following a postelection decision by authorities to lower the threat level.
4,Microsoft offers SP2 compatibility guide,"Security-focused Windows XP update can be tough on applications. Guidelines are meant to help professionals ""test and mitigate."""
1,Bus ambush kills 17 workers near Tikrit,"Gunmen ambushed a bus carrying unarmed Iraqis to work at a US ammunition dump near Tikrit yesterday, killing 17 and raising the toll from three days of intensified and bloody terrorist "
3,SEC may finalize Qwest settlement today,"The Securities and Exchange Commission is expected to announce today a settlement with Qwest that is highly critical of  quot;senior management, quot; two sources familiar with the case said."
4,Russian space agency: Space station crew could be forced to return &lt;b&gt;...&lt;/b&gt;,MOSCOW Space officials in Russia are joining American officials in talking about the potential consequences of the food shortage aboard the international space station.
3,Jamaica had record FDI inflows in 2003,"Jamaica last year attracted its highest level of Foreign Direct Investment (FDI) flows yet, US\$720.4 million, outperforming traditional powerhouse investment hosts such as Costa Rica, Trinidad and Tobago and even Argentina."
1,Chinese President Meets With Castro (AP),"AP - Chinese President Hu Jintao met with Fidel Castro Monday for talks focusing on the broadening ties between Cuba and China, which has become the island's third-largest trading partner."
4,Briefly: Sun expands pay-as-you go supercomputing,"roundup Plus: SGI works on Linux performance software...Good Technology supported by HP, Samsung...RealNetworks loss widens on litigation."
2,"Lewis, Allen super vs. Spurs","Rashard Lewis scored 27 points and Ray Allen added 24, leading the SuperSonics to a 113-94 victory over the San Antonio Spurs last night in Seattle."
4,VARs: Stone #39;s Exit Won #39;t Slow Novell #39;s Linux Drive,"Solution providers last week said they do not expect the sudden departure of Novell vice chairman Chris Stone, who engineered the company #39;s aggressive Linux push, to slow its Linux initiative."
1,Poland to decide on Iraq pullout soon,"WARSAW - Poland should decide soon when to pull its troops out of Iraq and end a political debate that encourages Al-Qaeda, Prime Minister Marek Belka says."
3,Calif. Lawmaker Wants to Privatize State Pensions,"Hoping to stem a tide of rising pension debt, a California legislator will propose a controversial overhaul on Monday that would convert traditional public employee retirement plans to privately managed 401(k)-style plans, the Los "
3,Microsoft Lawyer Says Company Able To Comply with EU Antitrust &lt;b&gt;...&lt;/b&gt;,"Microsoft attorney Brad Smith, said:  quot;We will certainly be prepared to comply with the court #39;s order whatever it may be. We have invested a tremendous amount of time and energy and spent millions "
4,Globus inventors go commercial,"The creators of Globus open source grid software have set up a software and services company, Univa, to capitalise on their work on grid computing."
2,Three arrested after demanding money from NBA star,Three men were arrested Tuesday night for trying to extort \$3 million from Denver Nuggets star Carmelo Anthony. Joubert Santos and Jason Pabon of the Bronx 
1,"In Mexico visit, enmity greets Harvard scholar ","MEXICO CITY -- Ever since the release earlier this year of his book  quot;Who are We?: The Challenges to America's National Identity, quot; which argues that Mexican immigrants pose a threat to American culture, Samuel P. Huntington has been the US academic Mexicans love to hate."
4,Marathoning mice could have Olympian effects on obesity,"A molecular switch known to regulate fat metabolism appears to prevent obesity and turns laboratory mice into marathon runners, a Salk Institute study has found."
1,The reforms that Putin announced,Russian President Vladimir Putin has announced a series of measures to strengthen central state powers following the hostage-taking at Beslan when more than 300 people died.
4,Tom Clancy #39;s Rainbow Six 4 Announced,"As expected, Ubisoft today announced its plans to launch a new Tom Clancy #39;s Rainbow Six title on PS2, Xbox and PC. Rainbow Six 4 will introduce a new single player experience with a personal darker storyline "
3,New air routes to more profits,"Major airlines can #39;t make their low-cost competitors disappear into thin air, but they can fly away from them, which they are planning to do, to overseas routes where bargain-basement carriers don #39;t go."
2,Mashburn #39;s season blocked by knee injury; may retire,"Barely more than a year removed from his best season, Jamal Mashburn is likely done playing in the NBA. Mashburn and the New Orleans Hornets announced Monday, a week before the opening "
2,American League Game Summary - Minnesota At Detroit,"Detroit, MI -- Jacque Jones #39; single in the seventh scored Pat Borders with the go-ahead run and the Minnesota Twins held on for a 3-2 victory over the Detroit Tigers at Comerica Park."
2,Hughes Seals Rovers Return,Blackburn tonight installed Wales boss Mark Hughes as their new manager to take over from Graeme Souness. The identity of the appointment was not a surprise but the speed in which it was announced certainly was.
3,Dollar Keeps Gains as Market Awaits Data," TOKYO (Reuters) - The dollar idled on Tuesday after gaining  the previous day, as many investors held off building positions  ahead of economic data from the United States."
1,Serial blasts rock NE: 19 killed,"GUWAHATI: A string of powerful bomb blasts rocked Nagaland and Assam on the birth anniversary of Mahatma Gandhi Saturday, killing at least 19 people and injuring more than 50."
1,U.S. Piles Pressure on Sudan with New U.N. Measure (Reuters),Reuters - The United\States piled pressure on Sudan Wednesday to accept a more\powerful monitoring force in Darfur with a new U.N. draft\resolution threatening sanctions on its oil industry.
1,"Internet pioneer closes Manitoba pharmacy; blames dollar, uncertain climate (Canadian Press)","Canadian Press - WINNIPEG (CP) - Just one year ago, Mark Rzepka was opening a  #36;1-million Internet pharmacy in the small Manitoba town of Niverville believing he would be able to quadruple his staff within 12 months."
1,'American' voice on new terror video,"ABC News is in possession of a tape purportedly from Al Qaeda, threatening attacks on the US."
4,Explorers Find Ancient City in Remote Peru Jungle (Reuters),"Reuters - An ancient walled city complex\inhabited some 1,300 years ago by a culture later conquered by\the Incas has been discovered deep in Peru's Amazon jungle,\explorers said on Tuesday."
3,Xstrata Makes a Bid for WMC Resources,"Swiss mining group Xstrata PLC Monday launched a hostile 7.4 billion Australian dollar (US\$5.8 billion; euro4.4 billion) bid for uranium and copper miner WMC Resources LTD, increasing pressure on the independent Australian miner."
3,IBM as PeopleSoft #39;s Hero? Hardly,Big Blue --a white knight? It #39;s easy to see how industry watchers got carried away with speculation that IBM (IBM ) might be riding to rescue of beleaguered PeopleSoft (PSFT ). On Sept.
1,"Russian millionaire's party heads Lithuania poll, but coalition needed (AFP)","AFP - A party led by a Russian-born millionaire won the most votes in the first round parliamentary elections in Lithuania, but apparently not enough to form a government on its own, initial results showed."
3,"Cocoa Price Off, Ivory Coast Shot to Bits (Reuters)","Reuters - World cocoa prices rose from intraday\lows, but exports from the Ivory Coast, the key global\supplier, remain on hold after mob violence and military\clashes paralyze business in the West African country, traders\said on Tuesday."
2,Plane crash kills 10 close to racing,"MARTINSVILLE, Va. -- A Hendrick Motorsports plane crashed yesterday on its way to a NASCAR race, killing all 10 people aboard, including the son, brother and two nieces of the owner of one of auto racing's most successful organizations."
3,"A Year of Charges, Reforms for Funds","NEW YORK -- Just a year ago this week, New York Attorney General Eliot L. Spitzer shook the financial services industry -- and investor confidence -- by revealing that four big-name mutual fund companies had cut secret deals allowing a New Jersey hedge fund to profit from short-term trading at the expense of ordinary investors."
3,ScanSoft to acquire 3 software firms,"ScanSoft Inc. said it plans three acquisitions. The company will acquire Phonetic Systems Ltd., a provider of automated directory assistance and voice-based programs, for \$35 million in cash, and an additional consideration of up to \$35 million, based on the achievement of performance targets and the potential vesting of a warrant to buy 750,000 common shares. ART Advanced Recognition Technologies ..."
4,Users Buoyed by Monthly Patch Releases,"OCTOBER 18, 2004 (COMPUTERWORLD) - Microsoft Corp. #39;s move to a monthly patch-release cycle one year ago this month has made it easier to install security updates for Windows and other products, IT managers said last weekeven as they were greeted with a "
3,GLOBAL MARKETS-Shares and dollar turn south after US data,"European shares turned negative and government bonds were struggling for direction on Thursday after US data showed subdued inflation numbers, flat spending and a rise in unemployment."
2,Winning NFL Turnover Battle Does Count (AP),"AP - Joe Gibbs had seen it before, although he didn't remember: On Dec. 7, 1986, his Washington Redskins turned the ball over seven times and lost to the New York Giants."
2,Stanford's Cubit Hired As W. Mich. Coach (AP),AP - Stanford offensive coordinator Bill Cubit was hired Tuesday as head coach at Western Michigan.
3,Share price no basis for lawsuit,"COLLINS STEWART was the first company to try to base libel damages on a falling share price. Had the broker succeeded, it would have threatened the Financial Times with a huge liability - and "
4,RSS Feeds Hunger for More Ads,"There's no such thing as a free lunch. And soon, there may be no such thing as an ad-free RSS feed, either, as publishers add advertisements to their feeds in hopes of making money through the popular content-aggregating technology. By Cyrus Farivar."
4,Mars Rovers Relay Images Through Mars Express,"European Space Agency -- ESAs Mars Express has relayed pictures from one of NASA's Mars rovers for the first time, as part of a set of interplanetary networking demonstrations.     The demonstrations pave the way for future Mars missions to draw on joint interplanetary networking capabilities..."
4,"Dell unveils holiday lineup, including new plasma TVs","OCTOBER 15, 2004 (IDG NEWS SERVICE) - Dell Inc. took the wraps off its holiday lineup on Thursday, showing new printers, plasma televisions and music players that will soon be available through its Web site."
3,Bailout plan shelved for Donald Trump #39;s casinos,"A proposed bailout of Donald J. Trump #39;s casino company has been shelved, and Trump now says he may take the company private. The company #39;s shares fell 10 percent."
4,Gamers hit stores for release of  quot;PlayStation Portable quot;,Computer-game enthusiasts flocked to software retailers across the country to buy  quot;PlayStation Portable quot; (PSP) that hit store shelves Sunday.
3,Oil price rise adds to airlines woes as losses continue,"The global airline industry is forecast to have made net losses of \$4.8bn this year, as the rise in the oil price has overwhelmed efforts by carriers to cut costs."
1,Pentagon #39;s death toll in Iraq rising,"WASHINGTON - November was the bloodiest month for US troops in Iraq since April, with at least 135 losing their lives and more than 50 falling in the two-week battle to evict insurgents from Fallujah."
2,"Hall had Penn State executing well against Akron, but BC will be &lt;b&gt;...&lt;/b&gt;","In recent years, Penn State critics have pointed to its offensive game plan as the source of the team #39;s problems. It was too rigid at times, they said, too reckless at others."
3,New federal law ends check floating,"A new federal law that went into effect yesterday will eventually eliminate the days of check floating.. However, some Sumner County bankers say it depends on where you bank and "
3,Coke opens fridge door to rivals,Coca Cola says it will allow retailers to stock rival drinks in its branded coolers as part of a deal with EU anti-trust watchdogs.
1,Column: Who will stop genocide in Sudan?,"This time, world leaders and their people cannot claim they knew nothing of the tens of thousands of murders of black Africans and massive gang rapes in Darfur perpetrated by the Arab Janjaweed "
4,House Passes Second Anti-Spyware Bill," WASHINGTON (Reuters) - The U.S. House of Representatives on  Thursday unanimously passed a second bill targeting  perpetrators of computer ""spyware"" that hides in users'  computers and monitors their activities."
2,Cardinals Crush Dodgers to Grab 2-0 Series Lead,Mike Matheny #39;s two-run single highlighted a three-run fifth inning rally which lifted the St. Louis Cardinals to an 8-3 win over the Los Angeles Dodgers in the National League Divisional Series Thursday.
4,News: Governments slow off the mark to combat growing threats of cybercrime,The Associated Press By Robert Wielaard
1,"In Controversial Move, Britain Says  #39;Yes #39; to Troop-Redeployment &lt;b&gt;...&lt;/b&gt;",Some 850 British troops have started preparations to redeploy from southern Iraq to an area outside of Baghdad. The move comes after Britain agreed to a US request for help and is designed to make more US 
3,"Hotel workers #39; lockout off for now Employers, union OK 60-day &lt;b&gt;...&lt;/b&gt;","Thirty-eight raucous days of picket lines, tough talk and the angst of 4,300 San Francisco hotel workers locked out of their jobs with the holidays nigh were put aside Saturday when negotiators for the hotels and the workers #39; union agreed to a 60-day "
1,Committee Recommends Abusive Clergy Ban (AP),"AP - A committee overseeing a review of the child protection plan adopted by Roman Catholic bishops has recommended preserving a ban on church work for clerics who molest young people, according to a document the panel has sent to all U.S. bishops."
4,Viagra bought online 'often fake',"Half of Viagra tablets sold on the Internet are fake, research suggests."
4,Jamaican Government to Provide Free Internet Access in Poor &lt;b&gt;...&lt;/b&gt;,Jamaica #39;s government on Tuesday announced a US\$5 million (Jamaican \$308 million) plan to provide free Internet access in poor communities across the island.
2,Robinho #39;s mother releaased by kidnappers,"The mother of Santos striker Robinho was released unharmed on Friday, 40 days after she was kidnapped at a family gathering. Marina da Silva de Souza, 44, appeared healthy but thinner than when she was abducted "
1,Tennis: Davenport to play on,Lindsay Davenport says she plans to play in the Australian Open next January.
3,Senate panel opposes overtime rules ,"A Senate committee voted yesterday to scuttle new rules that critics say would deny overtime pay to millions of workers, as Democrats won the latest round in their election-year bout with President Bush over the issue."
4,Microsoft signs two Indian deals,"Microsoft is to form multi-million pound partnerships with two Indian software firms, and is expected to double the 1,500 people it already employs in India."
3,Vodafone begins 3G service,"Vodafone launches its third-generation services for mobile phones, offering video calls, music downloads and games."
4,Humans Aren #39;t So Complicated,"A refined map of the human genome shows that humans have even fewer genes than previously thought -- less than 25,000, about the same as a mustard green."
4,"William Watkins, 78, Recorder of Marine Mammals' Calls, Dies","A leading researcher of marine mammal acoustics, William A. Watkins created a database of thousands of underwater calls from more than 70 species."
2,"Mariners' Ichiro Breaks Hits Record, Adds Single"," SEATTLE (Reuters) - The Seattle Mariners' Ichiro Suzuki  registered three singles to tie, break and then add to the  Major League hits record with his 259th of the season in a game  against the Texas Rangers Friday."
2,Major teams bounce back in World Cup soccer qualifiers,"LONDON: After a mixed bag of results in the weekend #39;s soccer qualifiers, Europe #39;s major countries asserted their authority this morning with France, England and Italy all winning away."
3,"Consumer Prices Down, Industry Output Up"," WASHINGTON (Reuters) - U.S. consumer prices dropped in July  for the first time in eight months as a sharp run up in energy  costs reversed, the government said in a report that suggested  a slow rate of interest rate hikes is likely."
1,Battles rage across Mosul,"MOSUL, Iraq -- US and Iraqi troops stormed insurgent-held police stations and neighborhoods in this northern city Tuesday, retaking a number of sites seized last week by gunmen who rose up in support of militants in Fallujah."
3,PeopleSoft CEO Conway maintains defiant tone,"SEPTEMBER 21, 2004 (IDG NEWS SERVICE) - With 15,000 attendees at PeopleSoft Inc. #39;s Connect 2004 user show waiting to hear how the company would handle Oracle Corp."
3,Oracle #39;s sweet on PeopleSoft,"Oracle sweetened its hostile bid for rival business software maker PeopleSoft to \$9.2 billion, a 14 increase aimed at resolving the long-running takeover battle between the bitter foes."
2,Campbell targets City date for Arsenal return,Sol Campbell is expected to play for Arsenal #39;s reserves on Monday and could be back in the first team for next weekend #39;s visit to Manchester City.
4,"Matsushita Unveils DVD Recorders, Eyes Higher Share", TOKYO (Reuters) - Panasonic brand products maker Matsushita  Electric Industrial unveiled five new DVD recorders on  Wednesday and said it was aiming to boost its share of the  domestic market to over 40 percent from around 35 percent.
3,SEC may put end to quid pro quo (USATODAY.com),USATODAY.com - The Securities and Exchange Commission is expected to vote Wednesday to prohibit mutual fund companies from funneling stock trades to brokerage firms that agree to promote their funds to investors.
1,Baghdad Governor Assassinated; Bombing Kills 10, BAGHDAD (Reuters) - Gunmen killed the Baghdad governor in  Iraq's highest-profile assassination in eight months and a  suicide bomber killed 10 people near the Green Zone on Tuesday  in an escalating campaign to wreck a Jan. 30 election.
4,Solar Minimum is Coming Soon,"Something strange happened on the sun last week: all the sunspots vanished. This is a sign, say scientists, that solar minimum is coming sooner than expected."
3,"Opel to cut payroll by 9,500",Opel gets by without layoffs. Readers taking in these and similar headlines earlier this week were well advised to read the fine print.
2,Game itself needs repair,"Last Sunday night, while announcing the suspensions of Ron Artest, Stephen Jackson, Jermaine O'Neal, Ben Wallace, and others, the commissioner of the NBA, David Stern, spoke forcefully and eloquently about redefining  quot;the covenant between players and fans and between fans and fans, and making sure we can play our games in a very welcoming and peaceful setting. quot;"
1,NKorea warns Japan against economic sanctions,North Korea has warned Japan that it will treat economic sanctions as a  quot;declaration of war quot; and threatens to try to exclude Tokyo from six-party talks on Pyongyang #39;s nuclear arms programs.
3,US delays WTO action over Airbus subsidy,"The US will offer an olive branch to Peter Mandelson, the European Union #39;s new trade commissioner, next week by delaying any escalation of the dispute over subsidies to Airbus and Boeing, a US trade official said on Thursday."
1,Indonesia police identify embassy attacker,"Indonesian police on Friday identified the man they suspect was the suicide bomber in an attack on the Australian Embassy in Jakarta last month, and said the 30 "
2,Paula #39;s going for gold,"PAULA RADCLIFFE has decided she WILL run in tonight #39;s 10,000m race at the Athens Olympics. Today #39;s dramatic decision comes just days after Britain #39;s star long-distance runner was left weeping at the roadside after pulling up in the Olympic marathon."
4,Intel cuts Pentium 4 prices,The newest P4 chips drop in price by 18 percent to 35 percent; a host of other chips are cheaper now as well.
4,Mindawn offers DRM-free music downloads (MacCentral),"MacCentral - Mindawn is a new online music download service that differs from Apple Computer Inc.'s iTunes Music Store and other services in a few ways: It's not only compatible with Macs and PCs but with Linux computers too, its music is available in a lossless format, and there are no Digital Rights Management (DRM) restrictions. Mindawn launched in September and is picking up steam, according to its founder."
3,Bon-Ton's Succession Success,The transition atop the department store company looks like a pleasant non-story.
3,Santander accelerates Abbey bid,Santander says it aims to complete its takeover of UK mortgage lender Abbey one month sooner than originally planned.
4,Yahoo Takes Search to the Airwaves,"Yahoo will offer its own version of wireless Internet searching, keeping pace with rival Google, which recently introduced a mobile search offering."
2,Stephen Dodd leads Volvo China Open,Stephen Dodd took a three-stroke lead Friday after 36 holes of the Volvo China Open in Shanghai to stand six-under-par 138 after two rounds.
2,Paul McCartney To Perform at Super Bowl,"Following this year #39;s  quot;Nipplegate quot; affair with Janet Jackson and Justin Timberlake, the organisers of half-time entertainment at the Super Bowl aren #39;t taking any chances in 2005."
2,Gatlin sprints from unknown to 100m gold,"Reuters Athens Aug 23: American Justin Gatlin roared from virtual unknown to win the blue ribband Olympic mens 100 metres race yesterday, upstaging defending champion Maurice Greene and other more illustrious rivals."
3,Cisco Systems 1st-Quarter Earnings Rise (Reuters),"Reuters - Cisco Systems Inc., the biggest maker\of equipment that directs data over the Internet, on Tuesday\said quarterly earnings rose 29 percent on rising demand for\its networking gear."
4,Large mammals facing the fate of the sabre tooth,THE future of the world #39;s large wild mammals is threatened by pressures similar to those that caused the extinction of two-thirds of such species at the end of the most recent Ice Age.
2,He's caught up in hurricane,"There was the \$5 million Deutsche Bank Championship to prepare for and the Ryder Cup is a few weeks away, but the first order of business for Jim Furyk yesterday was to make sure his wife and children were headed for safety."
1,Rain threatens triangular final (AFP),AFP - Organisers were left banking on the Dutch weather to spare Saturday's final of the triangular cricket tournament after deciding against altering the fixture schedule in a bid to beat the rain that has marred this warm-up event for next month's ICC Champions Trophy in England.
4,Thomson Joins Microsoft-Time Warner Deal (AP),"AP - French technology company Thomson SA said Monday it was joining Microsoft Corp. and Time Warner Inc.'s proposed venture to make anti-piracy software, a move that could relieve European Union concerns about the pending deal."
2,Francis Nixes Hurricanes' Front Office Job (AP),AP - Ron Francis turned down a front-office job with the Carolina Hurricanes and is still deciding whether he wants to continue his playing career.
4,Take Two Torts and Call Me in the Morning,The friction that sometimes strains the patient-doctor relationship when lawyers seek medical care is at an all-time high.
1,Schrder adopts Russian orphan,"Three-year-old Victoria, from St Petersburg, has been living at the Schrders #39; family home in Hanover in northern Germany for several weeks. "
2,Villeneuve and Sauber,With Jacques Villeneuve testing for Renault today at Silverstone there has been the perhaps inevitable speculation that this could change things for next season when Giancarlo Fisichella is due to join Fernando Alonso at Renault F1.
4,Intel gets off chip speed roller coaster:,"Technology India: New York, Oct 19 : The world #39;s leading computer chipmaker Intel has jumped off the chip speed roller coaster by yanking its four giga hertz (4 GHz) Pentium 4 processor off the drawing board."
2,Lions #39; Rogers could miss season,"Chicago, IL (Sports Network) - Detroit Lions wide receiver Charles Rogers will likely miss the remainder of the 2004 campaign after breaking his clavicle in the first quarter of the team #39;s 20-16 season-opening victory over the Chicago Bears."
3,Crude oil prices soar on drop in US oil inventories,Crude oil futures surged Wednesday as the US Energy Department reported US oil supplies fell more than expected. Crude oil for October delivery rose 1.68 dollars to 43.
4,Intel Gives Centrino Chip Line a Wireless Upgrade (Reuters),Reuters - Intel Corp. (INTC.O) on Thursday\said it has upgraded the wireless networking capabilities of\its Centrino line of notebook computer chips to allow broader\network access with improved security.
1,"Serbia, Bosnian Serbs Fail to Help War Crimes Tribunal, UN Says","The governments of Serbia and the Bosnian Serb enclave of Bosnia-Herzegovina have failed to bring war crimes suspects to the United Nations tribunal, Chief Prosecutor Carla Del Ponte told the Security Council."
1,Turkey to Get Green Light for EU Entry Talks -Paper,"The European Commission #39;s report on Turkey next week will recommend that the European Union open accession negotiations with Ankara, the German daily Bild said Sunday, quoting sources at the EU executive."
2,"Subaru World Rally Team - Rally GB, Leg 1 Report",Petter Solberg demonstrated his winning potential aboard his Subaru Impreza WRC2004 today to take three stage wins and end Leg one in second position overall.
2,Sox lose Kapler to Japan,"Outfielder Gabe Kapler became the first player to leave the World Series champion Boston Red Sox, agreeing to a one-year contract with the Yomiuri Giants in Tokyo."
3,EU wants US to clear muddy waters in WTO row,"Brussles - EU trade chief Peter Mandelson wants clarification of the US stance in threatened WTO action over aid to Airbus, his spokeswoman said Friday after a US official indicated Washington was delaying such action."
3,Hicks Muse Pays for ConAgra's Swift Stake," NEW YORK (Reuters) - ConAgra Foods Inc. &lt;A HREF=""http://www.investor.reuters.com/FullQuote.aspx?ticker=CAG.N target=/stocks/quickinfo/fullquote""&gt;CAG.N&lt;/A&gt; on Tuesday  said private equity firm Hicks, Muse, Tate   Furst Inc.  exercised its option to buy the company's minority stake in  Swift Foods, and that ConAgra received \$194 million in the  transaction."
3,Level 3 Acquires Sprint #39;s Wholesale Dial-Up Internet Business,Level 3 today announced that it has purchased Sprint #39;s wholesale dial-up Internet access business for \$34 million in cash. Sprint is one of the largest providers of wholesale dial-up service to ISPs in North America.
2,Second seed Dementieva hammered in New Haven,"The French Open runner-up, who had progressed to the last four with ease, was completely out of sorts as seventh seed Bovina wrapped up victory in only 56 minutes."
1,Rebels in Battered Congo Town Declare Victory (Reuters),Reuters - Rebel soldiers confronting\army loyalists near this deserted Congolese farming town\declared victory on Friday after clashes that stirred fears of\fresh violence in turbulent central Africa.
1,Britain's Not-So-Civil War: Hunters Outfoxed?,"If hunting is banned in Britain, the pro-hunt lobby says its supporters will continue to hunt illegally."
2,Long and short of a rivalry that was,"Five years may not seem a whole lot, but consider what has happened since the last time the Green Bay Packers played the Dallas Cowboys prior to today #39;s meeting."
1,Miracle in mud!,"REAL: Philippine rescuers were yesterday frantically digging for more survivors after four people, including a toddler, were pulled alive from a building crushed by a landslide 11 days ago."
2,Injured Heskey to miss England friendly,"NEWCASTLE, England (AP) - Striker Emile Heskey has pulled out of the England squad ahead of Wednesday #39;s friendly against Ukraine because of a tight hamstring, the Football Association said Tuesday. "
1,Lebanon and Syria have not complied with UN resolution: Annan,"UNITED NATIONS - Secretary-General Kofi Annan reported that Syria has not pulled its forces out of Lebanon as called for by the UN Security Council, and said he had requested a timetable from Damascus for its full implementation."
1,"Briton, two Americans kidnapped in Baghdad (AFP)","AFP - Two Americans and a Briton were abducted from their home in a plush Baghdad district at dawn, in the latest blow in Iraq's five-month-old foreign hostage crisis, the interior ministry said."
3,"GE to Buy Back \$15 Bln in Stock, Raises Dividend (Update1)","General Electric Co., the biggest company by market value, said it will buy back as much as \$15 billion in stock over three years and raised its quarterly dividend 10 percent, more than some analysts had estimated."
2,"Astros exercise Biggio #39;s option, but not Kent #39;s","Houston, TX (Sports Network) - Craig Biggio will be around for an 18th season with the Houston Astros. On Thursday, the team exercised its contract option on Biggio for the 2005 season."
1,Blunkett gets tougher on drugs,"New police powers to prosecute offenders for possession if they test positive for drugs when they are arrested, even if the only drugs they have are in their bloodstream, are to be announced this week."
2,Titans Release No. 3 QB Jason Gesser (AP),"AP - The Tennessee Titans released Jason Gesser, their third quarterback, on Sunday and plan to replace him with a veteran."
4,"Tech Firms, FBI to Fight 'Phishing' Scams Together (Reuters)","Reuters - Internet companies and\law-enforcement agencies said on Wednesday they will work\together to track down online scam artists who pose as banks\and other legitimate businesses, a practice known as\""phishing."""
3,"Starbucks CEO to Retire, Shares Fall","Starbucks Corp. (SBUX.O: Quote, Profile, Research) on Tuesday said its chief executive, Orin Smith, will retire next year, surprising investors, who sent the coffee shop chain #39;s shares lower in after-hours trading."
4,Lycos Europe Pushes Limits in Anti-Spam Fight,"A new application from Lycos Europe aims to fight back against spammers, but some experts say the company may be enabling illegal activities."
2,No. 2 Wake Forest Rips George Washington (AP),AP - Chris Paul scored 25 points and six assists to lift Wake Forest past George Washington 97-76 in the Preseason NIT in the Demon Deacons' debut as the nation's second-ranked team.
2,Australia win Olympic hockey gold,"ATHENS, Aug 27: Australia won the Olympic men #39;s hockey tournament for the first time in history on Friday, beating the Netherlands 2-1 with a golden goal."
4,Creative Sound Blaster Wireless Music,&lt;strong&gt;Review&lt;/strong&gt; From PC to hi-fi via Wi-Fi
3,Yukos warns it oil output is lagging,Beleaguered Russian energy giant Yukos has warned that it will not produce as much oil as expected this year. It blames bailiffs who are draining its bank accounts to pay its potentially ruinous tax bill.
2,Yanks deflate Sox,"This wasn #39;t Game 7 with the American League pennant at stake, but it certainly had the kind of bad vibes that the Boston Red Sox felt last October."
4,Will iTunes ever make a lot of money for Apple?,"On its latest earnings call (7/14/04), a question was asked about the profitability of iTunes, and management responded by stating that it made just a small profit."
2,Cards Try to Narrow Gap in Game 3,"After losing the first two games to the Boston Red Sox, the St. Louis Cardinals try to make the World Series competitive by winning Tuesday night's Game 3 at home. Three-time Cy Young Award winner Pedro Martinez starts for Boston against journeyman Jeff Suppan, who used to play for the Red Sox. Both are 16-9."
2,Dodgers ready for anything,"com. When Dodgers coach Glenn Hoffman makes out the daily schedule of Spring Training drills, there are entries for pickoffs and cutoffs, bunt situations and hit-and-runs."
1, #39;Hundreds to be charged #39; over Thai protest,"PRIME Minister Thaksin Shinawatra said today hundreds of Muslims will be prosecuted over a demonstration that led to the deaths of 87 people in southern Thailand last week, in a move which could further raise tensions in the region."
3,Nissan comes apart without parts,"Tokyo - Japan #39;s Nissan Motor said on Thursday that the company may have to suspend some production next March in addition to already announced suspensions, due to parts shortages, resulting in a decline of about 6 billion (R339.8 million) in annual sales "
4,No Sign Yet of Predicted Big California Earthquake (Reuters),Reuters - The clock is running out on a\highly publicized prediction that a major earthquake will rip\through Southern California by Sunday.
1,"Hurricane Ivan Blasts Alabama, Kills 12","GULF SHORES, Ala. - Hurricane Ivan slammed ashore early Thursday with winds of 130 mph, packing deadly tornadoes and a powerful punch of waves and rain that threatened to swamp communities from Louisiana to the Florida Panhandle..."
2,Wallace fined for Newman collision.,"Former NASCAR Cup Champion Rusty Wallace has been fined \$10,000 dollars for deliberately ramming his Penske Racing teammate Ryan Newman at the conclusion of the Subway 500 at the Martinsville Speedway two weeks ago."
4,Acer Boosts Its Ferrari,"Acer has announced the newest addition to the Ferrari line of notebooks, the Ferrari 3400. The notebook is based on the latest Mobile AMD Athlon 64 processor 3000 for thin and light notebooks."
1,Sudan 'foils Islamist coup plot',"Sudan says it has foiled a coup plot by backers of detained Islamist leader, Hassan al-Turabi."
1,Eritreans deported by Libya hijack a plane,"KHARTOUM, Sudan -- Armed with knives, Eritrean deportees hijacked a plane that left Libya carrying about 80 fellow Eritreans and forced it to land yesterday in the Sudanese capital before surrendering to security forces, officials said."
1,Downer welcomes terror charge,THE federal government has welcomed the bringing of formal terrorism charges against Indonesian militant cleric Abu Bakar Bashir. A spokesman for Foreign Minister Alexander Downer said the charges reflected 
2,Ironman winner confirms she used drug,"Nina Kraft, winner of last month #39;s Ironman Triathlon World Championship in Hawai #39;i, acknowledged yesterday that she had used the banned endurance-boosting drug EPO."
2,"Schilling, Ramirez Lead Red Sox to Easy Opening Win",Curt Schilling pitched 6 2/3 innings and Manny Ramirez hit a three-run homer in a seven-run fourth frame to lead the Boston Red Sox to a 9-3 win over the host Anaheim Angels in their American League Divisional Series opener Tuesday.
3,Colgate to cut workforce,"CONSUMER goods maker Colgate-Palmolive said today it would cut about 12 per cent of its 37,000-person work force and close a third of its factories worldwide as part of a four-year restructuring."
1,"N.Korea Hurls Abuse at Bush, Calls Him Human Trash"," SEOUL (Reuters) - North Korea hurled invective at President  Bush for a second day on Tuesday, calling him a political idiot  and human trash, and said six-party talks on Pyongyang's  nuclear ambitions appeared doomed."
3,UPDATE 2-Viacom posts loss on charges; cable networks up,"Viacom Inc. (VIAb.N: Quote, Profile, Research) (VIA.N: Quote, Profile, Research) on Thursday posted a quarterly loss on charges related to the spinoff of video rental chain Blockbuster "
4,Cisco tightens security on voice products,Cisco Systems announces an upgrade to its CallManager software to improve security on its IP telephony gear.
1,Israel won #39;t attend London Mideast conference,"Israel will not attend a Middle East conference in London early next year but backs its stated aim of fostering Palestinian reform in pursuit of peace after Yasser Arafat #39;s death, a senior official says."
2,Australia conquer their final frontier,Adam Gilchrist boldly went where no Australian captain since Bill Lawry has gone before at the VCA Stadium in Nagpur yesterday. His team #39;s 342-run win gave them an invincible 2-0 
4,Blackberry shrinks phone keyboard,The latest Blackberry mobile device packs a traditional Qwerty keyboard into  20 keys.
3,Pinault-Printemps Redoute to sell holding in Rexel,"LONDON, November 30 (newratings.com) - Pinault-Printemps Redoute SA (PPX.FSE) plans to sell its controlling stake in the electrical parts distributor, Rexel (RXL), to a group of private firms for 1.92 billion (\$2.55 billion)."
1,Putin Heads for Turkey in Landmark Visit Between Former Foes,"Russian President Vladimir Putin is making a two-day official visit to Turkey, the first by any Russian leader in 32 years. Mr. Putin is expected to sign several economic cooperation agreements "
1,India will never become an international liability: Manmohan Singh &lt;b&gt;...&lt;/b&gt;,"India News  gt; The Hague: The Indian Prime Minister, Dr Manmohan Singh, has said that despite three changes in government in the past 14 years since the economic reforms were introduced in the country, there has been no roll back in the reforms programme."
4,Best Software overhauls Act ,"Best Softwarelaunched this week an overhaul of its Act contact management software, adding to the product line a second version with more scalability and advanced functionality."
4,Exeter uni cans chemistry department,"In a move that has been dubbed as  #39;disastrous #39; by the Royal Society of Chemistry, Exeter University is to drop the teaching of chemistry as a subject."
2,Logjam at the point,"Doc Rivers does not subscribe to the mad scientist, mix-and-match method when it comes to selecting a backup point guard. He does not want a rotation of Marcus Banks, Jiri Welsch, and Delonte West picking up the minutes Gary Payton leaves behind. He does not want the trio of young, inexperienced guards wondering about playing time in addition ..."
3,Skyboxes May Reach A Limit,Verizon Communications Inc. would seem to be a prime candidate to snap up a luxury suite at the \$440 million ballpark being planned for Washington's Major League Baseball team.
2,Frisday #39;s Sports Transactions,BOSTON CELTICS_Activated G Delonte West from the injured list. Placed F Justin Reed on the injured list. PHILADELPHIA 76ERS_Activated G Aaron McKie from the inujred list.
4,Amazon to Buy Chinese Retailer Joyo.com,"Internet retailer Amazon.com Inc. said on Thursday that it will buy Joyo.com Ltd., which runs some of China #39;s biggest retail Web sites, for about \$75 million to gain entry into China #39;s fast-growing market."
3,PeopleSoft Plays Defense,"The business software maker inks a deal with IBM, but it isn't likely to dissuade Oracle."
3,McTeer: Lonesome Dove to be an Aggie,"NEW YORK (CNN/Money) - A New Economy champion, a lover of the Texas picker poets who write lovesick country songs...and, oh, by the way, a member of the Federal Reserve system for 36 years."
1,Viet Nam deeply regrets Palestinian leader #39;s death,"Ha Noi, Nov. 11 (VNA) -  quot;We are deeply moved and grieved by the death of President Yasser Arafat, President of the Palestinian State and President of the Palestine Liberation Organisation, quot; Foreign Ministry spokesman Le Dung has said."
1,"22 Spend Own Fortunes, One Wins House Seat (AP)","AP - Of the 22 candidates who each spent more than  #36;1 million of their own money trying to win their first election to Congress, only one made it."
4,Who is Hurt by Microsoft #39;s Neglect of Older Browsers?,Microsoft may find the burden of securing older versions of Windows browsers a burden. Tough. But its neglect hurts the entire Internetand leaves and opening for open-source replacement.
4,Avaya to buy German IP telephony vendor,"U.S. telecommunications equipment maker Avaya Inc. increased its presence in Europe to the tune of about \$635 million on Tuesday, agreeing to acquire German enterprise communications vendor Tenovis GmbH   Co. KG."
4,AMD Launches Low-Cost Web Device,"Advanced Micro Devices is launching a low-cost Internet access device dubbed  quot;PIC, quot; or personal Internet communicator, targeted at first-time computer users in the developing world."
4,Rivals Try to Turn Tables on Charles Schwab,"By MICHAEL LIEDTKE     SAN FRANCISCO (AP) -- With its low prices and iconoclastic attitude, discount stock broker Charles Schwab Corp. (SCH) represented an annoying stone in Wall Street's wing-tipped shoes for decades..."
1,Earthquake at sea gives Taiwan a jolt,"TAIPEI A strong earthquake in the Pacific off Taiwan rocked the island #39;s northeast on Friday, damaging buildings and injuring several people, officials said."
2,Report: Lehman to get Ryder Cup job,"Tom Lehman will get the chance to succeed where Hal Sutton failed when he is introduced as the 2006 United States Ryder Cup captain, according to golfdigest."
2,Giants creep up in division,"There was only an  quot;uh oh quot; inning for Brett Tomko in the first frame as the Giants pitcher gave up two home runs, but the right-hander got on track and breezed to a "
2,Leftwich Snares Stunner,"Byron Leftwich caps an 80-yard touchdown drive with a 7-yard toss to rookie Ernest Wilford as time ran out, lifting the Jacksonville Jaguars to a 13-10 win over the Buffalo Bills on Sunday."
1,N.Korea called worst for press freedom,"Media watchdog Reporters Without Borders has labeled North Korea and Cuba the worst countries in terms of press freedom, with Denmark being the best."
4,New Media Players Too Small,It was a Holy Grail looming on the personal electronics horizon: a pocket-sized device with a workhorse battery and the capacity to hold hours of audio and video.
4,Apple iTunes Store Cost Varies,Apple Computer (NASDAQ: AAPL) recently launched its Apple iTunes Store in Canada. But is a website really a store when all the company appears to be doing is charging different rates in each country?
2,"Orioles 8, Devil Rays 0","Javy Lopez drove in four runs, Daniel Cabrera became the first rookie to win 10 games this season, and the Baltimore Orioles held the Tampa Bay Devil Rays to two hits in an 8-0 victory."
3,Stocks on the edge,"NEW YORK (CNN/Money) - Wall Street took a wait-and-see approach to the final day of the trading week, looking for more information on inflation, trade, oil and a report of Michael Eisner #39;s 2006 departure from Disney."
4,Sci/Tech - Virus gang wars on the Web,"Following his arrest in May, the teenage computer wizard admitted to police he wrote the code for Sasser and more than two dozen Netsky viruses that wreaked havoc across the Internet during the first few months of 2004."
2,Patterson gets silver on balance beam,"Athens, Greece (Sports Network) - American Carly Patterson, the women #39;s all- around champion at the Summer Games, added another medal on Monday night with a silver in the balance beam competition."
3,Indian PM pledges to protect poor from oil-driven inflation,NEW DELHI : Indian Prime Minister Manmohan Singh pledged to try to shield the poor by keeping down prices of essential goods amid rising inflation.
1,U.S.: Korea Cloud Not From Nuclear Blast (AP),"AP - A huge mushroom cloud that reportedly billowed up from North Korea was not caused by a nuclear explosion, South Korean and U.S. officials said Sunday, but they said the cause was a mystery."
3,Jos. A. Bank Profit Jumps,"Jos. A. Bank Clothiers (JOSB:Nasdaq - news - research) posted a handsome third-quarter profit Monday, as strong Internet and catalogue sales helped drive a 17 hike in net income."
2,USC right move for Majerus,"especially since he was so anxious to simply return to the sidelines. Remember, Majerus didn #39;t exactly leave Utah on his terms in 2004."
3,"Office Depot Chairman, CEO Nelson Resigns","Office Depot Inc. (ODP.N: Quote, Profile, Research) on Monday said Chairman and Chief Executive Bruce Nelson resigned  quot;by mutual agreement quot; with the board, after four years at the helm."
3,USA: Smithfield Foods reports higher Q2 earnings,"US meat processor Smithfield Foods has reported higher second-quarter earnings, as higher hog prices offset lower pork margins and a loss in its beef operations."
1,Chavez Visit to Spain Sparks Coup Controversy, MADRID (Reuters) - Venezuelan President Hugo Chavez's  fence-mending visit to Spain sparked political uproar on  Tuesday when Madrid for the first time backed his allegations  that the former Spanish government backed a coup against him.
4,A So-So Debut For Microsoft #39;s Blog Service,"Microsoft Corp. made a belated entrance into the  quot;blogosphere quot; Thursday, unveiling a free Web-log publishing service one day after Merriam-Webster Inc."
4,Mobile phone sales hit second-quarter record: Gartner (AFP),"AFP - Global sales of mobile telephones hit a record 156 million in the second quarter, a study published by the US research group Gartner showed."
1,"Killings shock, humiliate Nepalese","Protesters in Kathmandu have expressed disbelief and frustration after learning of the deaths of 12 Nepalese hostages in Iraq. Nepal #39;s ambassador to Qatar, Somananda Suman, confirmed "
1,Tokyo Stocks Higher at Late Morning (AP),AP - Tokyo stocks rose moderately Monday morning on bargain hunting following Friday's losses. The U.S. dollar was up against the Japanese yen.
1,Ethiopia Agrees to Demarcate Most of Border," ADDIS ABABA (Reuters) - Ethiopian Prime Minister Meles  Zenawi said on Friday demarcation of most of the country's 600  mile border with Eritrea could begin immediately, raising hopes  a long-simmering border dispute could be resolved."
2,"Green Tosses 3 Touchdown Passes, Chiefs Down Titans", NEW YORK (Reuters) - Trent Green hit Eddie Kennison with a  nine-yard touchdown pass with 37 seconds left to give the  Kansas City Chiefs a wild 49-38 win over the Tennessee Titans  in Nashville Monday.
3,MG Rover offers know-how to Chinese partner,"MG Rover, the ailing British carmaker, has signed a binding agreement to hand over technology and know-how to the Shanghai Automotive Industry Corporation (SAIC)."
3,"Citigroup #39;s Krawcheck Named Finance, Strategy Chief (Update2)","Citigroup Inc., the world #39;s biggest bank, named Sallie Krawcheck chief financial officer and head of strategy, making her the highest-ranking woman on Wall Street and giving her responsibilities outside the brokerage industry."
3,Avon Third-Quarter Profit Rises," CHICAGO (Reuters) - Avon Products Inc. &lt;A HREF=""http://www.investor.reuters.com/FullQuote.aspx?ticker=AVP.N target=/stocks/quickinfo/fullquote""&gt;AVP.N&lt;/A&gt; on Friday  posted higher quarterly earnings as business in Latin America  and Europe helped offset weakness in the United States for the  direct seller of cosmetics."
3,Jones Buys Barneys in \$400 Million Deal,A company with a middle-brow reputation announced a deal today to buy the singularly trendy clothing chain.
4,China Launches Mapping Satellite (AP),"AP - China on Sunday launched a satellite that will carry out land surveying and other scientific projects for several days and return to Earth, government media reported."
3,Corporate tax bill nearing approval,"WASHINGTON US House and Senate negotiators, moving swiftly to finish a bill that would create more than \$100 billion in corporate tax breaks, have approved a \$10 billion buyout for tobacco farmers and rejected a Senate provision that would have subjected "
1,US welcomes speech by Taiwan president,WASHINGTON -- The State Department is welcoming what it describes as  quot;the positive and constructive points quot; in a speech on China policy by Taiwanese President Chen Shui-bian.
3,Japan probe claims Citigroup trio,"Three top Citigroup Inc. executives, including Vice Chairman Deryck Maughan, are leaving the financial services giant in the wake of a scandal at its Japanese private banking unit."
4,Shock Jock Group Boosts Satellite Radio Profile,"When radio shock jocks Opie and Anthony considered their next career move after two firings in four years, the twisted twosome was ready to feign rehabilitation. Or at least that was the plan when they sat down with satellite radio executives."
3,Japan Shares Fall to Low on Oil Worry," TOKYO (Reuters) - Japan's Nikkei share average fell 0.4  percent to a six-week closing low on Tuesday, marking an  eight-day losing streak, after oil prices topped \$50 a barrel,  fanning concern over the business outlook for Japanese  companies."
2,Lady Tigers run past Gophers,"MINNEAPOLIS -- One is a 6-foot-1 National Player of the Year candidate, looking to lead her top-ranked team back to the Final Four."
3,"Stocks Off on Exxon Downgrade, Oil Price"," NEW YORK (Reuters) - U.S. stocks slipped on Thursday after  Exxon Mobil Corp. &lt;A HREF=""http://www.investor.reuters.com/FullQuote.aspx?ticker=XOM.N target=/stocks/quickinfo/fullquote""&gt;XOM.N&lt;/A&gt; was downgraded by a brokerage and oil  prices rose, raising investor concerns about the health of  corporate profits and economic growth."
1,Protesters greet Taiwan president during brief visit,"Tensions between Taiwan and China landed on Seattle #39;s doorstep last night when Taiwan President Chen Shui-bian visited Seattle under tight security, greeted by demonstrators both for and against Taiwan independence."
3,Pixar Delays Its Next Film  #39;Cars #39; to 2006,"Pixar Animation Studios will delay the release of its next film,  quot;Cars, quot; until June 2006 as it switches from a holiday release schedule to releasing films during the summer when more children are at home."
1,Scarred Beslan offers tsunami aid,The Russian town of Beslan - scene of a bloody school siege last year - pledges aid for tsunami victims.
1,"New Spasm of Violence Sweeps Iraq, Killing 110"," BAGHDAD (Reuters) - At least 110 people were killed across  Iraq on Sunday in a sharp escalation of violence that saw gun  battles, car bombs and bombardments rock the capital."
3,The Kremlins Leviathan,"In Putins Russia Gazprom is by no means a mere natural monopoly, nor a newly established ministry for oil and gas. Gazprom is an instrument of public administration just like the pro-Kremlin United Russia "
2,Pacers triumph in Harrington #39;s return,"Harrington scored a season-high 30 points in a superlative performance against his former team, but the Indiana Pacers still escaped Conseco Fieldhouse with a 93-83 victory over Atlanta."
4,"Sun to shine spotlight on new operating system, Solaris 10",Sun Microsystems SUNW is expected to release a new version of its operating system today - a big part of the struggling computer maker #39;s plan to save itself.
1,Karzai set for visit to Pakistan,Afghan President Hamid Karzai is to visit Pakistan to discuss fighting terror and boosting trade.
3,"Retail, auto sales, job numbers suggest tougher times",CHICAGO (CBS.MW) -- Could it be that people are just tired of buying things on the cheap at Wal-Mart? Free! Sign up here to receive our Weekly Roundup e-Newsletter!
3,Product Previews,"palmOneUpgrades Treo With Faster Chip, Better Display\With more than 600,000 units shipped, the Treo 600 is one of the big smartphone success stories. Last week, palmOne introduced the follow-on Treo 650 with a higher resolution 320-by-320-pixel TFT screen, which the company claims increases the visible area of the display and makes pictures and documents much clearer. The 650 also carries a removable battery; 32MB of flash memory, and a faster 312MHz, Intel XScale processor. Improved multimedia features include a built-in MP3 player, a digital camera with improved low-light capabilities, as well as video capture and playback functionality. Products are expected to ship by years end from some carriers who will add their own services, and will be priced at about \$499.\ Treo 650, palmOne"
3,"Nikkei Seen Flat; Earnings, Data Awaited"," TOKYO (Reuters) - Japanese stocks are expected to change  little from the previous day's closing levels on Thursday as  investors await key domestic economic data and earnings reports  from companies such as Tokyo Electron Ltd.  September machinery  orders data is due on Thursday afternoon, ahead of Friday's  gross domestic product (GDP) figures for the July-September  quarter."
2,Owners Seek Best Ballpark Deal for Expos (AP),"AP - Trying to get the best possible ballpark deal for the Montreal Expos, major league baseball instructed its lawyers to press ahead with negotiations involving four of the areas bidding for the team."
1,Congress Members Seek Officer's Dismissal (AP),AP - A group of congressional Democrats is asking President Bush to dismiss a senior military intelligence officer who made church speeches that included inflammatory religious remarks while discussing the war on terrorism.
3,Leading Indicators Down for 5th Month (Reuters),"Reuters - A key forecasting gauge of future\U.S. economic activity fell for a fifth straight month in\October, a private research firm said on Thursday."
1,Rumsfeld says US is winning the war as bomb attacks kill 18,"Bombs in Baghdad killed 18 people as the US Defence Secretary, Donald Rumsfeld, declared that America was winning the war against insurgency during a visit to Iraq."
2,Braves' Smoltz May Rejoin Team's Rotation (AP),AP - John Smoltz might rejoin the Braves' rotation if Atlanta finds another closer.
3,Crude Oil Falls as Purmono Says OPEC Can Boost Output Capacity,"Crude oil fell as OPEC President Purnomo Yusgiantoro said the group may raise its spare production capacity to as much as 2.5 million barrels a day by the end of this year, reducing concern about shortages."
2,Longhorns face steeper competition against Razorbacks,The University of Texas football team is coming off a 65-0 victory over the North Texas Eagles. Texas dominated every facet of the game against the Eagles.
3,India snub for foreign airlines,NEW DELHI: The Indian government increased the foreign direct investment (FDI) cap yesterday in domestic airlines from 40 to 49 per cent but kept a ban on foreign carriers taking stakes.
1,Eta suspects arrested in France,"French security forces have arrested 20 people suspected of being members of the outlawed Basque separatist group, Eta. Most were Spaniards living in the Basque region of south-western France."
1,Islamic group threatens to kill Indian cricketers in Bangladesh (AFP),"AFP - A little known radical Islamic group has threatened to kill Indian cricketers when they tour Bangladesh from Tuesday, the Indian High Commission told AFP."
4,Hyundai signs deal for China truck plant,"Hyundai Motor Co. said yesterday that it has signed an agreement with a Chinese company, Jianghuai Automobile Corp., to build a commercial vehicle and engine plant in China #39;s Anhui province."
4,Sony Announces PlayStation Por,"Sony Corp. announced a price more fitting of a video-game machine than a slick movie-playing gadget for its new PlayStation Portable - 19,800 yen (\$186)."
4,Red Hat replaces CFO,Charles Peters Jr. is taking over as the company deals with the aftereffects of restating its earnings for the past three fiscal years.
2,Atlanta police arrest Braves player on DUI charge,ATLANTA - An Atlanta Braves player is in the Atlanta Jail today after being arrested on a charge of driving under the influence. Members of the DUI Task Force arrested shortstop Rafael Furcal about 4:20 am 
3,Software Service Aims to Outfox Caller ID,A new computerized service enables customers to create phony outbound phone numbers in order to mask their telephone identities.
2, #39;Noles Rebound,Leon Washington ran for 104 yards and a touchdown and Florida State sacked Alabama-Birmingham #39;s Darrell Hackney eight times Saturday night to rebound from a disappointing loss to Miami with a 34-7 victory.
1,South Korea Seeks to Play Down Nuclear Disclosure, SEOUL (Reuters) - South Korea said on Friday it did not  expect a shock declaration that government scientists enriched  uranium four years ago to upset international efforts to end  North Korea's nuclear ambitions.
4,"PeopleSoft, IBM strike middleware alliance","PeopleSoft Inc. is deepening its ties with IBM Corp., announcing on Tuesday a sales and development partnership it called the most significant enterprise applications alliance in the companies' history."
2,Broncos DT Elliss Out for the Season," ENGLEWOOD, Colo. (Sports Network) - Veteran defensive  tackle Luther Elliss of the Denver Broncos will miss the  remainder of the season because of a herniated disk in his  lower back."
3,"US August Inflation Mild, Job Claims Rise"," WASHINGTON (Reuters) - U.S. consumer prices inched up just  0.1 percent last month as gasoline and car prices tumbled, the  government said on Thursday in a report suggesting an inflation  spike earlier this year was an aberration."
3,"Jack In The Box profit surges 32 percent, helped by sales jump",SAN DIEGO San Diego-based Jack in the Box says profit for its latest quarter soared 32 percent. The fast-food chain says net income for the fourth quarter rose to 21-point-7 (m) million dollars from 16-point-4 (m) million a year ago.
4,Keck telescope confirms important exoplanet discovery,"Hawaii #39;s Keck Observatory has confirmed the existence of a Jupiter-sized planet orbiting a distant star, the first one spotted by a network of astronomers using telescopes no larger than the ones you can buy in stores."
4,Microsoft enters the Internet search market  at last,"After years of licensing search technology from Yahoo and seeing its Web search market share slowly but steadily decline, Microsoft has finally developed its own search engine and is expected to unveil it later this week."
3,NEWS CORP. NET PROFIT SOARS 27,"News Corp. saw healthy gains in profit and revenue in the fiscal first quarter - helped by growth in advertising at the Fox News Channel and the Fox broadcast network, as "
1,BBC 'must keep up',"BBC boss Mark Thompson says the corporation must keep up with change, after announcing nearly 3,000 job cuts."
2,ITA: Juventus blows 2-goal lead againt Inter Milan,"Serie A leader Juventus wasted a two-goal lead in the second half and was held to a 2-2 draw by Inter Milan at San Siro on Sunday, losing ground to defending champion AC Milan."
4,IDC sees continuing decline in PDA market,"If a handheld device doesn't have voice capabilities, a growing number of users around the world aren't interested, according to IDC. For the third straight quarter, shipments of handheld devices such as personal digital assistants (PDAs) fell as some prominent vendors decided to pull back from the market, IDC said Wednesday."
4,"For Neglected Video, a Hollywood Touch","A growing cottage industry is taking customers' raw home video and putting it on DVD, in some cases producing short movies with sophisticated cinematic effects and a musical soundtrack."
1,Poland to cut Iraq troops by 2006,"Poland will reduce its commitment of forces to the war in Iraq by 40 percent by the end of 2005, the Polish Defense Ministry in Warsaw says."
1,Report: Israeli army mistakenly kills three Egyptian soldiers,"JERUSALEM A preliminary Israeli army investigation has found that Israeli troops apparently killed three Egyptian soldiers by mistake, thinking they were Palestinian militants along the Gaza-Egypt border."
1,"Men, Women More Different Than Thought","CHICAGO - Beyond the tired cliches and sperm-and-egg basics taught in grade school science class, researchers are discovering that men and women are even more different than anyone realized.    It turns out that major illnesses like heart disease and lung cancer are influenced by gender and that perhaps treatments for women ought to be slightly different from the approach used for men..."
3,Update 2: General Mills to Make Cereals Whole Grain,The Trix Rabbit and that Lucky Charms leprechaun are going on a whole-grain diet. General Mills announced Thursday that it will convert all of its breakfast cereals to whole grain.
1,Russia wants new business partnership with old ally India (AFP),"AFP - Russia is seeking a new economic partnership to boost a decades-old friendship with India, envisaging sophisticated arms sales, high-end technology swaps and political support on the world stage."
4,Pornsters face life in China smut crackdown,China is stepping up its hard line against internet pornography by threatening life imprisonment for anyoner caught peddling porn.
2,Phillies relieve Bowa of his duties,The Phillies ended months of speculation when they announced the dismissal of manager Larry Bowa before Saturday #39;s game against the Marlins at Citizens Bank Park.
4,Plan Would Turn Restore Wash. Estuary,"NISQUALLY NATIONAL WILDLIFE REFUGE, Wash. - A 15-year plan would restore salt marshes and mudflats for migrating salmon at the Nisqually National Wildlife Refuge, more than 100 years after the farmland was drained and diked."
3,Oracle #39;s Catz Sees PeopleSoft Profit Declining (Update1),"PeopleSoft Inc. #39;s profit may drop significantly #39; #39; this year, and the company may have trouble surviving on its own, Oracle Corp."
1,What they said about ... ... Cherie Blair,"Cherie Blair cast aside her treasured privacy this week, touring newspapers offices and television studios to promote The Goldfish Bowl, her new book, which focuses on Downing Street spouses."
3,"Under Attack, Director Says Hollinger's Black Misled Him","Richard N. Perle, a director at the media company Hollinger International who was criticized in an internal report, says he was duped by its former chief, Conrad M. Black."
4,"Sony shows off new, smaller PlayStation","Sony on Tuesday showed a smaller, book-sized PlayStation 2 that will go on sale worldwide next month and help the Japanese electronics giant cut costs as video-game consoles continue to drop in price."
4,IBM Unveils New Storage Technology,"IBM recently unveiled the TotalStorage DS6000, a roughly VCR-size system aimed at mid-size businesses. The new DS8000 series system features IBM Power5 microprocessors and IBM #39;s Virtualization "
3,SBC and Yahoo! extend pact to offer Internet service,"SAN ANTONIO SBC Communications and Yahoo are expanding their high-speed Internet service partnership to link video, wireless phone, Internet and other services."
1,"Greenland criminals take road back to society, not prison (AFP)","AFP - Some 20 people gather for a lunch of whale meat and potatoes inside a large wooden building facing a frozen fjord bathed in sunlight. No, these are not tourists on vacation, but rather criminals serving time in one of Greenland's open penal centers."
2,Gibbs doubts Skins were tipping plays,"If the Cleveland Browns knew what plays the Washington Redskins were going to run before the ball was snapped Sunday, a review of the game tape 24 hours later revealed scant evidence of it."
4,TI Puts Digital TV on Cell Phones,"Texas Instruments Inc. today announced development of the wireless industry #39;s first digital TV on a single chip for cell phones, code-named  quot;Hollywood."
3,"United to seek more cuts from labor, elsewhere",United Airlines says it #39;ll need even more labor cuts than anticipated to get out of bankruptcy. United told a bankruptcy court judge in Chicago today that it intends to start talks with unions next month on a new round of cost savings.
1,Coal Mine Blast in China Kills 33 (AP),"AP - A coal mine explosion in northern China killed 33 people in the latest disaster to strike the country's accident-prone mining industry, the official Xinhua News Agency reported Friday."
2,Moose bullish about chances,"This is Mike Mussina #39;s fourth postseason here, so he knows the drill. He understands that all of his bad memories of his disappointing season -- the Japan trip, his early-season struggles and "
4,Dragging the Net for Cyber Criminals,"In an attempt to stem the growing tide of online scams, identity theft and the proliferation of junk e-mail, the Justice Department and state law enforcement officials have initiated what seems to be the largest dragnet yet against spammers, so-called ""phishers"" and other Internet con artists. &lt;FONT face=""verdana,MS Sans Serif,arial,helvetica"" size=""-2"" color=""#666666""&gt;&lt;B&gt;-washingtonpost.com&lt;/B&gt;&lt;/FONT&gt;"
4,Business Technology: Microsoft And Its Blind Spot: Linux,Steve Ballmer #39;s letter to customers said nothing about the widespread reality of tens of thousands of Microsoft customers who are eager to deploy BOTH Windows and Linux.
4,Firefox browser to hit 1.0 milestone,"Though the release is technically a preview, the 1.0 version is a significant milestone for the open-source browser software, which has already won an enthusiastic following as an alternative to Microsoft #39;s Internet Explorer."
1,Briton Shot Dead by Saudi Shopping Center (AP),AP - A Briton who was shot dead outside a Saudi shopping center has been identified as an employee of the communications company Marconi.
1,Skirmish outside Gaza camp kills 5,"GAZA CITY -- Palestinian gunmen and Israeli troops fought pitched battles Thursday on the outskirts of the largest refugee camp in the Gaza Strip, with schoolchildren scampering through sandy alleyways just yards from the fighting."
1,Negotiations for hostages in Afghanistan fall short,Militants holding hostage three foreign UN workers in Afghanistan said they negotiated yesterday with Afghan government and UN officials in southern Afghanistan but that the meeting ended without results.
4,"Microsoft settles antitrust cases with Novell, CCIA","Microsoft Corp on Monday announced antitrust settlements with Novell Inc. and the Computer and Communications Industry Association (CCIA), ending years of legal wrangling."
2,Pa. Golfer Cleared of Not Yelling 'Fore' (AP),"AP - A golfer plunked in the face by an errant ball was unable to convince a jury that the man who hit him was negligent for failing to yell ""Fore!"""
3,Update 1: Foreign Drug Stocks in Spotlight,Foreign drug stocks were in the spotlight Thursday with Food and Drug Administration news pulling the sector down. AstraZeneca PLC took a drubbing on the eve of its FDA advisory panel meeting for its orally 
2,Chargers Postgame Show,Denver was poised to take the late lead when cornerback Drayton Florence knocked away an end zone pass headed for Rod Smith. The pass ricocheted to safety Jerry Wilson for an interception.
3,Parmalat Investors Flock to Court Seeking Damages (Update2),"Hundreds of Italians who lost savings in the collapse of food company Parmalat Finanziaria SpA flocked to Milan #39;s courthouse, seeking to recover damages as part of the criminal investigation of Italy #39; biggest bankruptcy."
4,Cisco launches equipment leasing arm in India as it eyes booming IT market (AFP),AFP - US computer networking giant Cisco's Indian subsidiary announced the launch of a leasing arm to grab a slice of the growing domestic IT market.
1,Pacifist Japan boosts  #39;self-defence #39; measures,"After almost 60 years of pacifism, Japan today overhauled its defence policy; easing an arms exports ban and singling out North Korea and China as security threats."
4,Planned Grand Canyon Flood Seeks to Reverse Erosion,"Description: Researchers flooded the Colorado River last week, in an attempt to reverse erosion in the Grand Canyon. NPR #39;s Liane Hansen speaks to Denny Fenn, director of the Southwest Biological Science Center, about the experiment #39;s preliminary findings."
1,Cambodia Prince Moves Closer to Throne (AP),AP - The son of King Norodom Sihanouk moved closer Monday to becoming Cambodia's new monarch after legal hurdles were cleared in the complicated succession process triggered by the surprise abdication of his father last week.
2,Louisville Slams Tulane," NEW ORLEANS (Sports Network) - Eric Shelton rushed for two  touchdowns, Stefan LeFors passed for 247 yards with two  touchdowns and No. 7 Louisville completed a perfect Conference  USA campaign by routing Tulane, 55-7,"
3,Auto sales surged in Sept.,"Auto sales soared 10 in September, led by a 25 surge at General Motors and increases for Chrysler and Toyota. GM had its biggest gain in two years after boosting rebates."
3,New pension 'would help millions',"Britain's pension system could easily be replaced by a new payment that would make millions better off, a report says."
3,"Asian Stocks Lower, Greenspan Awaited", SINGAPORE (Reuters) - Asian stocks edged lower on Wednesday  as profit taking set in after two days of gains and the dollar  firmed ahead of comments from Fed chief Alan Greenspan that are  expected to cement the case for further U.S. rate rises.
4,Adobe Gets High Marks for Photo Fixes,"Among three digital photography repair programs, Adobe Elements is cited as providing the right amount of features and commands while maintaining user simplicity."
2,Pires prepared to pay fine for wearing wrong kit,Arsenal star Robert Pires said Monday he is prepared to pay a fine for not wearing the official French team sponsor #39;s kit in a television interview last month.
2,UConn Avoids Loss in Overtime,"The eighth-ranked Connecticut Huskies narrowly avoided their first two-game losing streak in 12 seasons, beating South Florida, 75-65, last night with Barbara Turner getting 8 of her 23 points in overtime."
4,Viruses Aimed at Microsoft Rise Sharply-Symantec,"&lt;p&gt;\&lt;/p&gt;&lt;p&gt; SAN FRANCISCO (Reuters) - The number of new viruses and\worms aimed at Microsoft Corp.'s &lt;MSFT.O&gt; ubiquitous Windows\operating system rose 400 percent between January and June from\the same year-earlier period, leading computer security company\Symantec said on Sunday.&lt;/p&gt;"
2,Button defends F1 decision,Britain #39;s Jenson Button has justified his decision to leave BAR for Williams as the dispute over his future moves towards a conclusion.
2,Gardner Loses Quest for Repeat Wrestling Gold,US heavyweight Rulon Gardner lost his Olympic title Wednesday after being beaten in the semi-final stage of the 120kg Greco-Roman wrestling event by Georgiy Tsurtsumia of Kazakhstan.
4,Understanding Search Engine Models,"Understanding Search Engine Models\\To understand search engines and search engine marketing, one must first understand the search engine model. There are two fundamentally different types of search engine back ends: site directories and spidering search engines. Site directory databases are built by a person manually inputting data about websites. Most ..."
2,Huskies trip up Pitt,Connecticut linebacker Alfred Fincher matched his career high with 17 tackles and helped the Huskies secure their first Big East win as a conference member 
4,Human Activity to Blame For 2003 Heatwave,"A previous study at the Hadley Centre for Climate Prediction and Research at the Met Office, demonstrated that large-scale global warming is not a result of urban development."
1,"Riyadh says killing of Frenchman was ""terrorist attack"" (AFP)","AFP - A French national shot dead in the Saudi Red Sea city of Jeddah overnight was the target of a  quot;terrorist attack quot; according to initial investigations, an interior ministry spokesman told AFP."
3,8 Accused of Inflating Kmart Profit,"The Securities and Exchange Commission yesterday filed civil fraud charges against three former Kmart Corp. executives and five employees of companies that supplied the Troy, Mich., retail chain, accusing them of scheming to inflate Kmart's profit by \$24 million in 2001."
2,Orange Crush Bears,Sixth-ranked Syracuse scores the first 24 points of the game and cruises to a 104-54 victory over Northern Colorado on Thursday night in the first round of the Coaches vs. Cancer Classic.
1,An Old Church's New Tilt Inspires Tourists and T-Shirts,A humble church has something Germany's glorious Cologne Cathedral cannot match: a leaning tower.
4,Bride of Kazaa,"Arnold Schwarzenegger married a Kennedy. Michael Jackson married a Presley. And Kazaa married an Internet phone company. Beginning Monday, the latest version of the embattled file sharing companys software "
4,Vonage Calls on Linksys for VoIP (PC World),"PC World - Linksys will provide broadband-to-phone adapters and, eventually, Wi-Fi equipment."
4,New Google Scholar search service aimed at academics,Google Inc. on Thursday formally launched a new search service aimed at scientists and academic researchers. Google Scholar is a free beta service that allows users to search for scholarly literature 
4,Apple adds photos to iPods,"SAN JOSE, Calif. - Apple Computer Inc. rolled out a new iPod Tuesday that allows users to view and share photos as it opened nine new iTunes music stores in Europe, spurring its rivalry with Microsoft Corp."
1,"Militia, Shiite Leaders Bicker Over Shrine","NAJAF, Iraq - Militants loyal to radical Shiite cleric Muqtada al-Sadr kept their hold on a revered shrine, and clashes flared in Najaf on Saturday, raising fears that a resolution to the crisis in the holy city could collapse amid bickering between Shiite leaders.    The clashes between U.S..."
2,England may have lost initiative,I appreciated Michael Vaughan #39;s honesty when he said England were complacent after their seven-wicket defeat to South Africa A last week.
1,UN urges dialogue after Rwanda vows action,"Rwanda insisted on Thursday that it would soon attack rebels inside the Democratic Republic of Congo unless they were disarmed, as the United Nations Security "
3,UPDATE:James Hardie 1H Net Disappoints; Cuts FY Forecast,SYDNEY (Dow Jones)--Australian building products manufacturer James Hardie Industries NV (JHX) surprised investors Monday by reporting a 9.5 drop in net profit for 
3,Plane repos ready to take flight,"At the airport, you hear all of the usual explanations: bad weather, mechanical difficulties, no crew available. But now there #39;s another excuse you might hear as times get tougher for cash "
3,Passenger Revenue Boost for Air France-KLM,"Air France-KLM on Monday posted a 61 percent rise in revenue in the group #39;s fiscal second quarter, boosted by the merger between the French and Dutch carriers and a strong rise in passenger and cargo revenue."
2,Bucs decline option on reliever Boehringer,"Jose Mesa and Salomon Torres did most of their best work in tandem in 2004, so it is only fitting that they would come to terms on news deals with the Pittsburgh Pirates on the same day, too."
3,Reed on track despite science outlook,Reed Elsevier on Thursday reiterated that it remained on track to deliver mid to high single-digit earnings-per-share growth this year despite concerns over its science publishing unit.
2,Saban hiring on hold,"DAVIE - The Dolphins want Nick Saban, and the LSU coach could be on his way. Although LSU Athletic Director Skip Bertman said Friday that  quot;an offer is very imminent, quot; the Dolphins are committed to adhering "
2,World awaits Chinese Grand Prix,"A quarter of a billion dollars to build the track. Tens of millions in racing fees. More than 150,000 live spectators and a television audience of hundreds of millions."
1, #39;Grateful #39; Kabul hostages look forward to returning to work,Three UN election workers who were freed yesterday nearly a month after being abducted in Afghanistan have spoken of their gratitude to the Afghan people for supporting them during their plight.
2,Europe Puts U.S. in Big Hole at Ryder Cup (AP),"AP - Backed by the clutch performance from its English rookies and reliable play from Sergio Garcia and Lee Westwood, Europe put the United States in another huge hole Saturday by taking an 11-5 lead at the Ryder Cup and making victory Sunday seem like a mere formality."
3,Do-not-call bill could be introduced today,The federal government hopes to introduce legislation today to establish a do-not-call registry for consumers who want to stop endless telemarketing pitches.
1,West Mulls Boundries for African Fighting (AP),"AP - As the month-end deadline nears for Sudan to disarm the mostly Arab pro-government militias in Darfur, the United Nations and Western powers are in a dilemma over how far to go to stop the killing in an African country."
2,Kasprowicz Prested #39; after Aussies lose series-opener,"Michael Kasprowicz will miss the must-win second limited-overs international in Sydney, but not because of his disastrous late over that gave New Zealand a stranglehold on the first game, Australian cricket selectors said Monday."
4,Palm OS for Linux?,"\\Today was a strange day for the Palm OS community:\\""PalmSource also plans to implement Palm OS on top of Linux, bringing the\benefits of Palm OS to the Linux community, including the award winning user\interface, software frameworks based on the best of Palm OS and BeOS, a large\base of professional and consumer applications, and an enthusiastic community\of more than 25 million users and over 360,000 registered\developers. PalmSource intends to work as a partner within the Linux community\to help Linux grow rapidly in the consumer and enterprise mobile markets.""\\This is a great decision!  A bit to late but not much so.  When Sharp released\the Zaurus into the US market there was a lot o ...\\"
1,EU launches graphic tobacco ads,The European Commission launches graphic images showing the damage smoking can do to people's health.
4,A fresh look at the stars...,A supernova spotted by the Danish astronomer Tycho Brahe more than four centuries ago - which changed the course of human knowledge - has just yielded a further discovery: the companion star that triggered the great event.
3,"Aussies battle EU over cheese, champagne","AP - The United States and Australia have prevailed in an interim ruling by World Trade Organisation (WTO) in a dispute over the protection given by the European Union to its regional goods such as Champagne wine and Feta cheese, trade officials said."
1,'Miracle baby' a victim - judge,"A ""miracle baby"" was the victim of child traffickers motivated by financial greed, a judge rules."
4,Extrasolar Planets: A Matter of Metallicity,"The 130 extrasolar planets discovered so far are in solar systems very different from our own, in which life-bearing planets like Earth are unlikely to exist. But an obscure characteristic of these planets and their stars has led astronomers to predict that our galaxy is brimming with solar systems like ours. The key to their prediction is something called metallicity."
3,Retail Sales Fall 0.3 Percent in August,Retail sales slid in August as people steered away from buying cars and shoppers kept a close eye on their spending after splurging in July.
2,Government gives partial clearance to Bangla tour,"The Government today gave a partial go-ahead for the Indian cricket team #39;s tour of Bangladesh for the first Test match beginning on Thursday but its security delegation will go to Chittagong, the other venue, to make an assessment of the threat perception "
2,"Short Jump, Bad Handoff End Jones #39; Games","ATHENS, Greece - For Marion Jones, Sydney must seem far more than half a world away. Those Olympics were some dreamland where she ruled track and field with a golden touch and a sweet smile, winning five medals "
3,Oil Retreats on Signs Economy Hurting, NEW YORK (Reuters) - Oil prices retreated sharply after  setting record highs above \$55 a barrel on Monday as dealers  took profits on signs that energy costs are hurting economic  growth.
2,We owe Athens an apology,"ATHENS -- The Games of the XXVIII Olympiad -- the great disaster that wasn #39;t -- come to an emotional end this afternoon and, really, the world owes Athens an apology."
3,Sneaky Credit Card Tactics,Keep an eye on your credit card issuers -- they may be about to raise your rates.
1,Sudan remains defiant as time starts to run out,BRITAIN has warned Sudan that it still has a lot of work to do to satisfy the international community that it is tackling what the United Nations has described as the worlds worst humanitarian crisis.
1,U.S. Report Undercuts Bush War Rationale,"WASHINGTON - Undercutting the Bush's administration's rationale for invading Iraq, the final report of the chief U.S. arms inspector concludes that Saddam Hussein did not vigorously pursue a program to develop weapons of mass destruction after international inspectors left Baghdad in 1998, according to lawmakers and others briefed on the report..."
3,"Microsoft, EU Officials in Procedure Meeting","Microsoft (Quote, Chart) and representatives of the European Union #39;s Competition Commission will sit down at the table together on Thursday, but it won #39;t be to eat."
2,Georgia Receivers Try to Make Their Mark (AP),"AP - It's taken four years and then some. Through injuries, timid play, occasional doubts and flashes of brilliance, everyone at Georgia has waited for Fred Gibson and Reggie Brown to fulfill their enormous potential."
1,Thousands of Japanese endure night outdoors,"DESTRUCTION: At least 21 people have been killed by the quake, which has forced thousands to evacuate. Yesterday, many were readying to spend another chilly night outside."
1,U.S. Forces Kill 50 Sadr Militia in Baghdad Suburb," BAGHDAD (Reuters) - U.S. forces killed more than 50 Shi'ite  militiamen on Wednesday in a significant advance into a Baghdad  suburb that is a powerbase for radical cleric Moqtada al-Sadr,  the military said."
3,DreamWorks Animation IPO may raise up to \$725M,"Animated film-maker DreamWorks Animation SKG Inc. set its anticipated initial public offering at 29 million shares -- which could raise \$725 million, Reuters is reporting."
4,Spimming for Dollars,"Today #39;s new word, for all you dictionary freaks, is  quot;spim quot;. Spam  IM (Instant Messaging) = Spim. IM Spam. And for many IM companies it is the bane of their existence requiring increasingly aggressive filtering and block list capabilities."
4,EU to probe Microsoft-Time Warner buy,"The decision is a setback for the two companies and their plan to acquire ContentGuard, a digital rights management firm."
2,Veterans Pronger and McKenzie don #39;t think hockey will return until &lt;b&gt;...&lt;/b&gt;,NHL veterans Chris Pronger and Jim McKenzie think this lockout is far worse than the one that wiped out half a season 10 years ago.
2,Diouf Charged After Spitting Row,Bolton #39;s El-Hadji Diouf has been charged by the Football Association for spitting at Portsmouth #39;s Arjan de Zeeuw in Saturday #39;s 1-0 win for Pompey.
2,Rick Fox Retires,"Rick Fox retires Thursday, ending a 13-year pro career during which he was part of three NBA championship teams with the Los Angeles Lakers."
3,AT amp;T Posts \$7.1 Billion Loss for the 3Q,"AT amp;T Corp. swung to a third-quarter loss of \$7.12 billion after recording huge charges related to the company #39;s retreat from traditional telephone services, which has included at least 7,500 more job cuts "
1,Bush 'picks new attorney general',"White House legal counsel Alberto Gonzales is the president's choice for attorney general, sources say."
3,Goldcorp Says It Will Review Glamis Bid,Gold miner Goldcorp Inc. on Friday said its board is willing to review and evaluate a takeover offer from Glamis Gold Ltd. that would break up its friendly merger agreement with Wheaton River Minerals Ltd.
3,Wal-Mart Brightens Dec. Sales Forecast," NEW YORK (Reuters) - Wal-Mart Stores Inc. &lt;A HREF=""http://www.investor.reuters.com/FullQuote.aspx?ticker=WMT.N target=/stocks/quickinfo/fullquote""&gt;WMT.N&lt;/A&gt;, the  world's biggest retailer, on Monday brightened its outlook for  December sales at U.S. stores open at least a year, seeing  sales up 3 percent bolstered by post-Christmas spending."
2,Veteran defender signs with Newcastle; Dyer out with injury,"Newcastle, England (Sports Network) - Central defender Ronny Johnsen signed a deal with Newcastle United until the next transfer window in January."
3,Regulator clears Abbey takeover,The Financial Services Authority has cleared Spanish bank Santander Central Hispano's 9bn takeover of Abbey National.
1,Japan confirms captive in Iraq beheaded,"Japan has confirmed that the headless body found in Baghdad on Saturday is of the Japanese being held captive in Iraq. An armed group in Iraq had on Tuesday threatened to behead Shosei Koda, 24, within 48-hours unless Japan pulled its troops out of Iraq."
4,China's Lenovo to buy IBM's PC business,"TOKYO - China's Lenovo Group Ltd. signed a definitive agreement on Wednesday to acquire IBM Corp.'s personal computing division. Lenovo will pay US\$1.25 billion in cash for the business, which is expected to transform it into the world's number three PC maker, the companies announced."
3,"EU, Japan Win WTO Approval to Impose Duties on US (Update2)","The European Union, Japan and Brazil won World Trade Organization backing to impose tariffs on US imports after Congress failed to end illegal corporate subsidies worth \$850 million since 2001."
4,Thousands queue for Halo 2,Hordes of video game fans queued outside more than 6500 stores across the United States overnight on Tuesday to get a copy of the new Halo 2 game whose first day takings are expected to rival a Hollywood blockbuster.
2,"Spain Condemns Racial Abuse, Defends Reputation", MADRID (Reuters) - The Madrid council has condemned the  racist behavior of fans that marred Wednesday's friendly  between Spain and England and said that the events should not  be allowed to harm the city's bid to host the 2012 Olympics.
4,Energy Dept. funds open-source InfiniBand work,Three-year project will back programmers' effort to build Linux software support for the high-speed networking technology.
3,Qwest: The end of the beginning,Thursday #39;s agreement between Qwest Communications and federal regulator settles allegations of  quot;massive financial fraud quot; at a price of \$250 million.
4,Virus  #39;talks #39; to victims,Virus writers have created a piece of malware that  #39;talks #39; to victims. The Amus email worm uses Windows Speech Engine (which is built-in to Windows XP) to deliver a curious message to infected users.
3,BP Beats Q3 Forecasts on High Oil Price (Reuters),"Reuters - BP Plc, the world's second largest oil\company, reported bumper third-quarter earnings on Tuesday on\the back of high oil prices."
3,Treasury Prices Crawl Higher Before Data, NEW YORK (Reuters) - Treasuries prices crawled ahead on  Tuesday as a hesitant market awaited the latest reading on  consumer sentiment and an auction of new U.S. government debt.
4,Microsoft Includes SP2 in Windows XP Embedded,Customers using Windows XP Embedded will be able to use a downloadable preview to test the new software for conflicts with existing drivers.
1,Cyprus says could support Turkey EU bid,Cypriot President Tassos Papadopoulos said Monday he would not oppose Turkish European Union accession talks provided Turkey met European standards.
4,"Casio Shows Off Slim, Trim Digicams","New Exilim models include the thinnest version yet, featuring a new ceramic lens."
2,Iowa Bests Iowa St.,"Former Cyclone Adam Haluska does in his former team as he scores 20 points to lead the Hawkeyes past Iowa State, 70-63, on Friday."
1,Japan loses whale trade bid,"A UN meeting has harpooned a Japanese bid to ease curbs on trade in whale products, but a defiant Tokyo accused the West of  quot;cultural imperialism quot; and vowed to press efforts to expand whaling."
3,Harmony Gold Posts Fifth Straight Quarterly Loss (Update1),"Harmony Gold Mining Co., the biggest miner of South African gold, made its fifth consecutive quarterly loss as the rand #39;s gains against the dollar eroded profit margins, compelling it to seek expansion to cut costs."
3,Unions protest as overtime rules take effect,"WASHINGTON -- Hundreds of workers rallied on the steps of the Labor Department yesterday to protest the implementation of new rules they say will cause as many as 6 million Americans to lose their overtime pay. But the Bush administration officials who crafted the complex regulations insisted more workers will actually qualify for extra pay under the plan, which almost ..."
1,Afghan Militants Say Drop Some Hostage Demands," KABUL (Reuters) - Afghan militants holding three U.N.  workers hostage began talks with the government and the United  Nations on Sunday and the kidnappers have dropped some of their  demands, a militant spokesman said."
3,Alcoa Shares Fall Most Since April in Europe After Forecast,"Shares of Alcoa Inc., the world #39;s biggest aluminum producer, fell the most in almost five months in Europe after the company said third-quarter profit from continuing operations will be below analysts #39; estimates."
4,Solar Sail Launch Date Set,"smooth wombat writes  quot;Get out your PDAs and set aside March 1, 2005. That is date the solar sail, named Cosmos 1, is set to be launched from a submerged Russian submarine in the Barents Sea."
2,Pantano replaced by Glock,"Jordan have terminated the contract of Italian driver Giorgio Pantano and called in Timo Glock as a replacement. The team said contractual difficulties were behind the split, and confirmed German Glock would race in Sunday #39;s inaugural Chinese Grand Prix."
2,Bellhorn Makes Big Noise for Red Sox," BOSTON (Reuters) - With a power-packed lineup that features  sluggers like Manny Ramirez and David Ortiz, it was Mark  Bellhorn who was the unlikely hero of Game One of the 100th  World Series with a two-run homer for the Boston Red Sox  Saturday."
1,Deputy prime minister lauds decision of Ukrainian court in disputed election (Canadian Press),Canadian Press - OTTAWA (CP) - Deputy prime minister Anne McLellan has applauded the intervention of Ukraine's supreme court in that country's disputed presidential election.
1,Scotch Whisky eyes Asian and Eastern European markets (AFP),"AFP - A favourite tipple among connoisseurs the world over, whisky is treated with almost religious reverence on the Hebridean island of Islay, home to seven of Scotland's single malt distilleries."
1,Israel resumes Gaza pull-out debate,"Israeli MPs have resumed a debate on Prime Minister Ariel Sharon #39;s disengagement plan, which is expected to culminate in a historic vote in favour of a pull-out of troops and settlers from the Gaza Strip."
2,Agassi cruises into Washington Open ATP quarter-finals,"WASHINGTON, Aug. 19 (Xinhuanet) -- Andre Agassi cruised into quarter-finals in Washington Open tennis with a 6-4, 6-2 victory over Kristian Pless of Denmark here on Thursday night. "
4,Is Google the Next Netscape?,"Is Google the Next Netscape?\\To draw a parallel between Netscape  #038; Google in their fight against Microsoft, it is necessary to examine the various similarities between the two situations and see if the tactics that worked then will work now. \"
1,Holiday Stamps to Be Issued in Oct. (AP),"AP - Holiday postage stamps celebrating Christmas, Hanukkah and Kwanzaa will be issued next month, the U.S. Postal Service announced Monday."
2,Twists give Game 3 added weight,NEW YORK -- The nature of this American League Championship Series fundamentally changed when it turned out that the supposed ankle tendinitis suffered by Curt Schilling was actually a displaced ankle tendon.
1,Life After Yasir Arafat,His successors wanted an orderly funeral. They brought in bulldozers to clean up Yasir Arafat #39;s broken-down headquarters in Ramallah.
4,Japan #39;s NTT DoCoMo sees Europe embracing hi-tech mobile phones,TOKYO : Japan #39;s top mobile operator NTT DoCoMo believes Europe will embrace hi-tech telephones and expects a major boost in subscribers on the continent of its i-mode Internet service.
4,Four in court over SQL theft,FOUR former Microsoft employees have been charged with stealing \$US32.4 million (\$42.71 million) worth of software and selling it on the side.
1,Bangkok animal trade talks open,The rules controlling the trade in many at-risk wildlife species may change at a Bangkok meeting starting on Saturday. The 166 member states of the Convention on International Trade in Endangered Species of 
1,"In Indonesia, Businesses Hopeful After Election","After suffering through two shambling administrations, Indonesia appears to have a new president who many of its business leaders say they believe will uproot corruption and revive investment."
4,Travelocity Says Speed Is the Ticket For Growth,"Sam Gilliand, the chief executive of Travelocity, talks about the online travel industry, the Cendant-Orbitz merger and the woes of the airline industry."
1,PM to discuss strategic partnership,"Prime Minister Manmohan Singh arrived on Tuesday for the first major diplomatic foray that includes talks with US President George W Bush, Pakistan President Pervez Musharraf and address to the UN General Assembly."
2,Lehman aims for players with passion,"AMELIA ISLAND - Tom Lehman had yet to officially take the job as the next US Ryder Cup captain, and already his phone was ringing."
4,Hobbit-finding Boffins in science top 10,AP - Australian scientists who helped discover a species of tiny humans nicknamed Hobbits have been hailed for making the second most important scientific achievement of 2004.
3,Pilot leaders OK Delta deal,"The leadership of Delta Air Lines #39; pilot union early this morning approved a tentative concessionary agreement with the company, sending it to a vote of the entire membership."
2,Michigan Gets Rose Bowl Berth Despite Loss to Ohio St.," COLUMBUS, Ohio (Sports Network) - Troy Smith threw for 241  yards and two touchdowns and ran for 145 yards and a score to  lead the Ohio State Buckeyes to a 37-21 victory over No. 7  Michigan in the final game of the regular season for both  teams."
2,Butt waits on Uefa ruling,Newcastle midfielder Nicky Butt is facing up to the possibility of a European three-match ban. The 29-year-old was sent off during Newcastle #39;s 2-0 Uefa Cup win against Hapoel Bnei Sakhnin for grabbing Abas Suan by the throat.
3,Salvation Army says Target policy threatens fund-raising,ST. PAUL - Salvation Army officials say they #39;re worried that they may not meet their holiday fund-raising goal because they won #39;t have bell-ringers outside of Target stores.
2,Kerr happy with Irish win,Republic of Ireland manager Brian Kerr said he was delighted with the 3-0 win over Cyprus after so many players had pulled out of his squad.
3,British Airways to shed Qantas,"londonBritish Airways Plc, Europe #39;s second-biggest airline, will sell its 18 per cent stake in Qantas Airways Ltd. worth 427 million or about \$980 million (Canadian) to cut debt ahead of possible acquisitions in Europe."
2,Zooks gets a five-year deal,"CHAMPAIGN, Ill. -- Ron Zook took over Illinois #39; struggling football program Tuesday, returning to his roots and promising to turn around a team that has sunk to the bottom of the Big Ten since winning a league title in 2001."
4,Old Bones Give New Date for Giant Deer Demise (Reuters),"Reuters - Many large mammals were wiped out in the\last Ice Age but the Eurasian giant deer managed to survive,\scientists said on Wednesday."
2,Midseason ouster no surprise,Unless there #39;s an extenuating circumstance - see the University of Arizona last September - it #39;s generally considered poor form to change football coaches in midseason.
3,Socially Responsible Funds on a Tear,Don't be too impressed -- great returns don't always mean much.
1,Iran Says EU Nuclear Proposal Unacceptable, TEHRAN (Reuters) - Iran on Sunday turned down a European  Union proposal that it stop enriching uranium in return for  nuclear technology.
1,Hispanic rights groups unite to fight voter discrimination (AFP),AFP - US civil rights groups expressed concern over alleged intimidation of Hispanic voters and said they will work to ensure their ballots are counted in the November 2 presidential election.
1,May have been transmitted between humans- report,"Thailand confirmed its second death from bird flu Tuesday, and said the fatal case might have been transmitted by a human victim rather than a bird, according to published report."
4,Thomson to enter HD DVD market,Thomson announced Friday it that it will enter the HD DVD market with a line of players and that it will also manufacture HD DVD and Blu-ray discs.
4,Thai minister says zoo #39;s illegal orangutans to be moved,"JAKARTA/BANGKOK (DPA): Thailand, under growing pressure to repatriate some 100 orangutans allegedly smuggled into the country from Indonesia, plans to shift the apes from a private zoo to a safe centre, probably in Chiang Mai, a minister said on Thursday."
2,Jays power up to take finale,"Contrary to popular belief, the power never really snapped back at SkyDome on Sunday. The lights came on after an hour delay, but it took some extra time for the batting orders to provide some extra wattage."
3,"AOL, E-Mail Companies Sue Spammers",The nation #39;s largest e-mail providers today filed a new round of lawsuits against Internet spammers allegedly responsible for shoveling millions of junk e-mail messages into computer users #39; in-boxes and their instant messaging screens.
4,Study Suggests Bloodletting May Actually Work,By LAURAN NEERGAARD    WASHINGTON (AP) -- Could that ancient practice of bleeding patients really have done some good? A scientist says new research on how germs thrive in the body suggests it just may have - for some people.    Bacteria need iron to cause infections...
2,Allen Wins Triathlon,"Kate Allen of Austria wins the triathlon with a late surge Wednesday, passing more than half of the field in the final leg and edging Loretta Harrop of Australia at the finish line."
1,Court imposes lawyer on Milosevic,The UN tribunal in The Hague says it will impose a defence lawyer on former Yugoslav leader Slobodan Milosevic.
3,"Colgate to Cut 4,400 Jobs, Shut Plants"," NEW YORK (Reuters) - Colgate-Palmolive Co. &lt;A HREF=""http://www.investor.reuters.com/FullQuote.aspx?ticker=CL.N target=/stocks/quickinfo/fullquote""&gt;CL.N&lt;/A&gt; will cut  about 4,400 jobs, or 12 percent of its work force, and close  nearly a third of its factories under a restructuring, the  consumer products company said on Tuesday."
4,Hubble heats debate over ionised universe,Astronomers poring over the deepest image ever taken of the universe are coming to different conclusions about what made space transparent to light billions of years ago.
3,Stocks Lower as Oil Prices Steam Higher,"With the much-ballyhooed initial public offering of Google behind them and oil chugging to a new record high, investors took a step back today."
2,Pinkel reinstates Damien Nash,"Missouri tailback Damien Nash was reinstated by coach Gary Pinkel, ending a one-game suspension for the teams #39; leading rusher."
1,N. Korea Economic Sanctions 'One Option'--Japan," TOKYO (Reuters) - Economic sanctions against North Korea  are ""one option,"" but care is needed in deciding whether to  take that step, Japanese Foreign Minister Nobutaka Machimura  said on Thursday, a day after Pyongyang warned Japan that  imposing sanctions would be tantamount to war."
3,Calif. Official Backs Anthem-WellPoint," LOS ANGELES/PHILADELPHIA (Reuters) - California's insurance  commissioner on Tuesday ended his opposition to Anthem Inc.'s  &lt;A HREF=""http://www.investor.reuters.com/FullQuote.aspx?ticker=ATH.N target=/stocks/quickinfo/fullquote""&gt;ATH.N&lt;/A&gt; proposed \$16.5 billion acquisition of WellPoint Health  Networks Inc. &lt;A HREF=""http://www.investor.reuters.com/FullQuote.aspx?ticker=WLP.N target=/stocks/quickinfo/fullquote""&gt;WLP.N&lt;/A&gt; after Anthem agreed to hike its funding  of state health projects."
4,Google SMS and wireless carriers that save your text messages.,Yesterday we covered the news that Google is expanding their search to the mobile arena with their new Google SMS service which lets you search by sending text messages from your cellphone.
1,Mr Downer shoots his mouth off,"Just what Alexander Downer was thinking when he declared on radio last Friday that  quot;they could fire a missile from North Korea to Sydney quot; is unclear. The provocative remark, just days before his arrival yesterday on his second visit to the North Korean ..."
1,Revolving Door," &lt;em&gt; IN&lt;/em&gt;&lt;br&gt;   Aylwin B. Lewis,  president of Yum Brands, as chief executive of Kmart."
4,U.S. Spies on Chat Rooms,"Could terrorists be plotting their next move online, obscured by the 'noise' of chat-room chatter? The U.S. government thinks that may be the case and is funding a yearlong study on chat-room surveillance."
4,Study: VoIP to proliferate in U.S. households,"The number of homes using Net telephony should reach 12 million by 2009, but existing VoIP players could face hurdles."
2,Troubled Real and Roma meet as Champions League resumes,"Madrid, Spain (Sports Network) - Two clubs with storied tradition but in the midst of current turmoil will meet Tuesday when Real Madrid and Roma highlight Matchday 2 of the UEFA Champions League group play."
3,Canada slips again in competitiveness rankings,"Canada slipped from 12th to 15th position in the survey conducted by the World Economic Forum. Canada #39;s position has declined in five of the last six years, despite efforts by federal and provincial governments "
1,Storms batter Cornish coastline,\Flooding causes chaos for homeowners all along Cornwall's south coast as 80mph winds hit land.
1,"Kerry's wife paid 798,820 dollars in state, federal taxes in 2003 (AFP)","AFP - Teresa Heinz Kerry, wife of Democratic presidential candidate John Kerry, declared 2,291,137 dollars in gross taxable income in 2003 and paid 798,820 dollars in state and federal taxes, or about 35 percent, her office said in a statement."
1,Former Philippine presidential candidate in deteriorating &lt;b&gt;...&lt;/b&gt;,"The former presidential candidate and movie actor Fernando Poe Jr. #39;s condition has deteriorated after he suffered a stroke, doctors said Monday."
2,Biggest threat to Britain #39;s grand prix heritage,"Henry Ford once said that his factories didn #39;t make cars,  quot;they make money. quot; It is a philosophy Bernie Ecclestone would surely understand more than most after his surgically dispassionate decision yesterday not to include the British grand prix on the "
3,China confronts lack of pipelines,China will spend about \$3.4 billion over two to three years laying thousands of miles of oil pipelines to help secure its energy supply in the face of soaring prices and demand.
3,Stern Blasts FCC at Satellite Promotion," #39;Down With the FCC! #39; Howard Stern Says at New York Rally to Promote Switch to Satellite Radio. Radio host Howard Stern, below center, waits as thousands of his fans line up to receive a free Sirius radio from him in Union Square in New York Thursday, Nov."
3,Oracle tender results out Saturday,Company will report preliminary count of its \$8.8B hostile bid for PeopleSoft after 1 am ET. NEW YORK (Reuters) - Oracle Corp. said it would report preliminary results of its \$8.8 billion hostile tender offer 
1,Bush Faces Heavy Pre-RNC Travel Schedule (AP),AP - President Bush charges into the final runup to the Republican National Convention with a heavy campaign schedule in key states he needs to carry in November.
3,Dollar at 8-Month Low Vs Euro," LONDON (Reuters) - The dollar fell to an eight-month low  against the euro on Thursday and set multi-month lows versus  the yen, sterling and the Swiss franc amid worries the U.S.  economy was not growing enough to support its currency."
3,Ex-Pentagon Official Gets 9 Months for Conspiring to Favor Boeing,The former official was sentenced after acknowledging that she had favored the Boeing Company in Pentagon contracts while seeking a job at the company for herself.
1,Kerry to reverse stem cell policy,"US presidential candidate John Kerry says he will make stem cell research a priority, dropping George Bush's policy."
4,Space Station crew become  quot;Weightless-Watchers quot; with low food &lt;b&gt;...&lt;/b&gt;,"With food supplies becoming critically low onboard the International Space Station, the astronauts have been told to cut back on their food consumption."
4,NASA chief Sean O #39;Keefe quits,"Washington: NASA Administrator Sean O #39;Keefe has resigned, spending three turbulent years at the helm of the US space agency which saw the crash of Columbia space shuttle, a painful probe into the disaster and severe austerity measures."
3,Suit says secret accounts at DCX used for bribes,The Securities and Exchange Commission is investigating allegations that German automaker DaimlerChrysler AG maintained at least 40 secret bank accounts to bribe foreign government officials 
4,Sun And Microsoft Call A Truce,The longtime rivals claim that they #39;ll work harder to make their software work together. By Aaron Ricadela. Longtime rivals Microsoft and Sun Microsystems have made a  quot;180-degree U-turn quot; in their relationship 
2,Favre Does It Again,"With the Texans nursing a second-half lead, the stage was set for another Packers' comeback, authored by Brett Favre. The result: a 16-13 Green Bay win."
4,Dell Axim X50v,Large VGA screen; great graphics; included gaming bundle; Windows Media Player 10.0 Mobile; fast processor and ample memory; integrated Wi-Fi and Bluetooth; sleek design; user-replaceable battery.
2,Melrose comes up short,Melrose entered its Thanksgiving Day matchup with Wakefield as an undefeated powerhouse bound for the postseason. But Wakefield has tripped up the Red Raiders in recent years -- and yesterday was no exception.
2,Glazer bid for Old Trafford falls flat,Malcolm Glazer #39;s bid for Manchester United is dead in the water after major shareholders John Magnier and JP McManus told the American there was no basis for a deal.
2,Honda aiming for BAR buyout?,Motorsport.com. Reports this week suggest that Honda is aiming to either buy BAR or become co-owner of the team by purchasing a shareholding.
1,Kashmir Talks: Failure Could be Fatal,"GIVEN their sordid 58 year-long history, its easy enough to sink into pessimism when discussing India-Pakistan relations. The just-concluded first round of comprehensive talks between the "
3,FBI Interviews Halliburton Whistleblower,"Bunnatine Greenhouse, chief contracting officer of the Army Corps of Engineers, is seen in her official undated government photo. FBI agents recently spent a day interviewing Greenhouse, the Army contracting "
3,Stocks retreat as crude rises,"The Dow Jones industrial average fell 38.86, or 0.4 percent, to 10,177.68. The Standard  amp; Poor #39;s 500 index was down 0.69, or 0.1 percent, at 1,134."
4,Hurricanes Bring Environmental Renewal (AP),"AP - Along with their destructive force, hurricanes can have beneficial effects as part of the rhythm of nature. Storms that erode beaches, uproot trees and flatten wildlife habitats may also refresh waterways, revive dry areas and bulk up barrier islands with redistributed sand."
3,Trump #39;s casinos file for bankruptcy,Donald Trump #39;s flagship casino business yesterday filed for bankruptcy as part of a financial restructuring aimed at easing \$1.8bn (1m) debt.
1,Fischer's Fiancee: Marriage Plans Genuine (AP),"AP - Former chess champion Bobby Fischer's announcement thathe is engaged to a Japanese woman could win him sympathy among Japanese officials and help him avoid deportation to the United States, his fiancee and one of his supporters said Tuesday."
4,Outsourcing to Arkansas,A new kid on the block promises to give offshore outsourcing a run for its money--by routing technology work to rural America. Outsourcing Blog
2,"Bremen, Bayern  amp; Stuttgart Win As Wolves Stay Top","VfL Wolfsburg remain clear at the top of the Bundesliga table after a last-minute Diego Klimowicz strike condemned Kurt Jara #39;s Kaiserslautern to defeat at the Volks-Wagen Arena, on a day that saw Miroslav Klose hit a hat-trick for Werder Bremen at Bochum."
3,Judge Indicts 2 Former Parmalat Auditors,"MILAN, Italy Oct. 5, 2004 - Two former auditors at Parmalat were ordered to stand trial for market rigging under a fast-track procedure, the first indictments since the massive fraud scandal at the Italian-based dairy giant."
2,Motor Racing: BAR Win Contract Tug-Of-War Over Button, SAO PAULO (Reuters) - Briton Jenson Button will drive for  BAR next year but is likely to join Williams in 2006 after  Formula One's Contract Recognition Board (CRB) ended a  tug-of-war between the teams Wednesday.
1,Bangladesh boss slams detractors,"Bangladesh's coach says they still deserve Test status after their 30th defeat, to India."
4,Mars Express Instrument Finds Possible New Evidence,"When Vittorio Formisano, the principal investigator for the Planetary Fourier Spectrometer (PFS) aboard the European Space Agency #39;s Mars Express, announced Monday that his team found that concentrations "
4,Apple officially launches iTunes Music Store in Canada,"Apple Computer on Thursday officially launched its iTunes Music Store in Canada, offering Canadian music fans the same features and price of \$.99 CDN per song that have lifted iTunes to the number one online music service in the world."
2,Notre Dame situation has columnist shaking his head,Puzzling is the best word to describe Notre Dames attempt to find a new head football coach after dumping Tyrone Willingham unceremoniously two weeks ago.
1,Australia: Wallets trump war,"A majority of Australians oppose the Iraq war, but they turned out to be more concerned about the economy."
2,McDOWELL SUCCEEDS WHERE AMERICANS FAIL,"Nobody and nothing could overshadow Colin Montgomerie last week, but Ulsterman Graeme McDowell was doing it at Woburn again today."
3,Durable Goods Orders Up,Orders for durable goods rose in September for the third time in four months. Home sales also increased. Orders for goods intended to last more than three years increased 0.2 percent to \$195.
3,MDs: Vioxx not the only drug to help arthritis,"The withdrawal of Vioxx may take a bite out of Merck  amp; Co. #39;s revenues, but it isn #39;ta setback for arthritis patients, doctors said Friday, because dozens of other drugs offer the same symptom relief."
4,European spacecraft prepares to orbit Moon,"Europes first lunar spacecraft is set to go into orbit around the Moon on Monday. SMART-1 has already reached the gateway to the Moon, the region where its gravity starts to dominate that of the Earth."
3,Stelco Loses Contract to Supply GM Steel (Reuters),"Reuters - Stelco Inc.\(STEa.TO) has lost a contract to supply steel to General Motors\Inc. , its biggest customer, because the insolvent\Canadian steelmaker failed to strike a deal with its workers,\the union at Stelco said on Monday."
4,Microsoft mice get biometric,Microsoft Corp. has made fingerprint biometric technology an integral part of its keyboard and mouse peripherals with new products that mark the company #39;s first foray into biometric devices.
1,German court rules out Barbie monopoly (AFP),"AFP - Germany's federal court of justice ruled against giving Barbie a monopoly in the themed doll market, saying that a German rival called Steffi Love had every right to compete with her."
1,"Saddam, Aides to Go on Trial Within Weeks - Daoud","Iraq #39;s toppled leader Saddam Hussein and his top aides will go on trial within weeks, Iraqi Minister of State Kasim Daoud said on Sunday."
4,SpaceShipOne Lands After 2nd Flight,"MOJAVE, Calif. - The private manned rocket SpaceShipOne (search) streaked toward space early Monday in a bid to top an altitude of 62 miles for the second time in six days and claim the \$10 million Ansari X Prize (search)."
3,"Europe Clears Pay TV Deal, Creating Rival to BSkyB",The European Commission approved a joint venture that would group two Hollywood movie studios with a video-on-demand company to compete with Rupert Murdoch's BSkyB company.
1,"For Bush, Kerry, Iraq Is More Than a War (AP)","AP - President Bush and Sen. John Kerry are using Iraq to advance their negative campaign tactics as the U.S. military death toll in Iraq tops 1,000. War, it seems, is just another excuse to call the other guy names."
3,"Sirius Satellite Radio  quot;outperform, quot; target price raised","NEW YORK, November 19 (newratings.com) - Analysts at Stifel Nicolaus  amp; Company reiterate their  quot;outperform quot; rating on Sirius Satellite Radio (SIRI."
1,Terror Suspect Escapes From Bahrain Court,A terror suspect escaped from court in Bahrain Monday after a judge renewed the detention order and three fellow detainees for 30 days.
3,"Fed #39;s Pianalto upbeat on growth, inflation","WASHINGTON : The Federal Reserve #39;s policy of gradual interest rate hikes is a sign the US economy does not need the stimulus that low rates supply, according to Cleveland Fed president Sandra Pianalto."
2,"Big Unit, Not Bonds, Reaches Milestone (AP)",AP - Barry Bonds was beaten by Randy Johnson in the race for baseball's latest milestone moment.
4,Open-source spat triggers legal threat,"Company says it paid for the code that was contributed, against contract, to free Mambo publishing software."
4,"Chambers: Cisco, Fujitsu Team On Japan Networking; 2005 Product &lt;b&gt;...&lt;/b&gt;",Land of the rising routers. Cisco Systems (nasdaq: CSCO - news - people ) and Fujitsu (otc: FJTSY - news - people ) will join forces to develop high-end routers for Internet networks in Japan.
3,Parmalat Sues 45 Banks to Recover \$4 Billion,"Parmalat, the bankrupt Italian dairy and food company, sued 45 banks on Thursday seeking to recover money it paid to them in the year before the company #39;s collapse."
4,New RIAA File-swapping Suits Target Students,"Fletcher writes  quot;The Recording Industry Association of America filed another round of lawsuits against alleged file-swappers, including students on 13 university campuses."
2,Gerrard available for Reds,Liverpool captain Steven Gerrard believes he is ready to make his comeback against Middlesbrough at the weekend following a two-month injury lay-off.
3,Euro exchange rate poses no threat to eurozone economy,A top European Union (EU) economic official said on Monday that the current level of the euro against the US dollar posed no threat to the eurozone economic recovery.
1,U.S. Says N.Korea Miscalculating by Stalling on Talks, TOKYO (Reuters) - The United States accused North Korea  Tuesday of miscalculation by refusing to resume talks on its  nuclear programs before the U.S. presidential election while  China renewed a diplomatic drive to end the stalemate.
3,Indexes in Japan fall short of hype,"Japanese stocks have failed to measure up to an assessment made in April by Merrill Lynch #39;s chief global strategist, David Bowers, who said Japan was  quot;very much everyone #39;s favorite equity market."
4,Web TV Start-Ups Show Programs Outside the Box (washingtonpost.com),"washingtonpost.com - Internet TV is a mirage, seeming so close yet turning out to be far away or downright unreal when you try to watch it. At least that's my take on the many past plans for zapping motion pictures over the Internet."
1,Australia embraced by Malaysia at ASEAN summit,TONY EASTLEY: For years Malaysian Prime Minister Dr Mahathir blocked Australia #39;s closer involvement with the ASEAN group of nations.
1,Arafat in critical condition: aides,"Palestinian leader Yasser Arafat has been in a coma for several hours and now in critical condition, Arafat #39;s senior aides said on Thursday."
2,"Montgomerie, Woods, Furyk Tied at Target (AP)",AP - Colin Montgomerie was thrilled to get an invitation from Tiger Woods to play in his year-end tournament with 15 of the best players in golf. Even better was matching Woods' score.
1,Soldier charged with murder,"A British soldier has been charged with the murder of a civilian in Iraq, police said. Trooper Kevin Lee Williams, 21, from the 2nd Royal Tank Regiment, is due to appear at Bow Street Magistrates Court."
2,Jubilant Spain revels in glory of second Davis Cup,Spain hailed the fulfilment of an old dream and the rise of a new star on Monday after the national team secured the country #39;s second Davis Cup title in five years.
3,Oracle considers lower PeopleSoft offer,"Oracle Corp could reduce its offer for PeopleSoft Inc by as much as a third, to \$2.5 billion or \$14 a share, to reflect declining performance at the rival company, an Oracle executive reportedly testified yesterday."
1,Hungary citizenship fails due to low turnout (AFP),"AFP - Voters in Hungary failed to turn out in sufficient numbers to pass a referendum to extend citizenship to millions of ethnic Hungarians living in the region, a motion that split the country and drew fire from neighboring governments."
4,Xybernaut sews up bright-light mobile PC,"The flat-panel Atigo T/HB, designed for use in bright outdoor lighting, works as a wearable computer or as a wireless display."
1,Sharon 'at risk of assassination',Israel's opposition leader warns that the prime minister risks being assassinated over his Gaza disengagement plan.
4,Forecasters: More Hurricanes May Be on Way,"Ivan, Frances and Charley delivered three staggering blows to the Gulf Coast and Florida, as well as Caribbean island nations, all in just five weeks."
2,Lions have their work cut out for them against Manning,You see it every time Indianapolis Colts quarterback Peyton Manning steps to the line of scrimmage before taking the snap. It #39;s like he #39;s going through his own little workout routine.
3,US Bells Do Video on Path Blazed by Small Telcos,The three largest US local telephone corporations made a splash this summer with plans to sell video services on their voice and data lines in a few years.
3,"Stocks Open Flat, Waiting for Fed"," NEW YORK (Reuters) - U.S. stocks opened flat on Tuesday as  investors took another pause after last week's big rally, with  the Fed expected to raise interest rates a quarter point on  Wednesday."
2,"Been there, won that: ND hopes USC game mirrors effort vs. &lt;b&gt;...&lt;/b&gt;","SOUTH BEND, Ind. -- For the second time in less than a month, the Notre Dame football team returned to the practice field Tuesday after a bye week preceded by a frustrating home loss."
3,Microsoft Opens Software Development Center in India (Update3),"Microsoft Corp., the world #39;s largest software maker, will hire several hundred #39; #39; people in the next year at its development center in India, expanding its workforce of 800, Chief Executive Steve Ballmer said."
3,Mass. franchisees hit Shell in lawsuit,"Four years after filing suit against the Royal Dutch/Shell Group of Cos., Shell service station owners in Massachusetts went before a US District Court judge in Boston yesterday, charging that Shell took several measures in the late 1990s to drive them out of business."
1,Press blame Right for swaying citizenship votes,On Sunday voters rejected government-backed plans to simplify naturalisation procedures for second-generation foreigners. They also turned down a proposal to grant children born in Switzerland to foreign parents the automatic right to a Swiss passport.
3,Growth cut,THE Bank of England yesterday cut its forecast for UK economic growth next year to 2.5 per cent and said inflation could be below expectations.
1,Int #39;l conference calls for mine-free world,Senior officials of 143 governments are calling for the total ban of production and use of anti-personnel landmine. Senior government officials of 143 countries across the world 
1,Israel Kills 5 Palestinians in North Gaza -- Medics," GAZA (Reuters) - Israeli soldiers shot dead five  Palestinians in north Gaza on Tuesday after mortar fire from  Palestinian militants wounded two people in a nearby Jewish  settlement, medics on both sides said."
4,Cisco switch products target small business,Cisco Systems is aggressively targeting small and midsize businesses with a set of Ethernet switching products designed to greatly reduce the cost and complexity of operating a network.
4,Australia Police to Trap Cyberspace Pedophiles (Reuters),"Reuters - Australian police acting as part of an\international ""cyber cop"" network will be able to trap\pedophiles who use the Internet to ""groom"" or lure children for\sex, under new laws passed by parliament on Tuesday."
1,Soldiers Kill Palestinian Near Gaza-Israel Fence,"Israeli soldiers shot and killed a Palestinian as he approached a security fence between Israel and the Gaza Strip, Israeli military sources said on Saturday."
1,"A Graphic Film of Protest, and Cries of Blasphemy",The director of a 10-minute film shown on Dutch television hopes to draw attention to what she says is widespread but hidden violence against Muslim women.
4,iTunes now selling Band Aid song,IPod owners can download the Band Aid single after Apple reaches agreement with the charity.
4,We Are Using 20 More Resources Than The Earth Can Produce,"The human race is plundering the planet at a pace that outstrips its capacity to support life, according to a report by WWF. The Living Planet Report 2004 shows that humans currently consume 20 per cent more "
1,France #39;s American problem,"PARIS -- US diplomats here respond to Jacques Chirac #39;s continued Yankee-bashing following George W. Bush #39;s re-election by saying the French president is out of step with his people, who are not nearly that anti-American."
2,McLeish upset by Novo punishment,Rangers manager Alex McLeish has criticised the punishment handed out to Nacho Novo by the Scottish Football Association. Novo and Celtic striker Henri Camara were both given one-match bans 
3,Federated Will Rename Stores as Macy #39;s,"All regional Federated Department Stores will change their names to Macy #39;s in January, the company said yesterday. The decision affects regional department stores that operate as Burdines-Macy #39;s in Florida "
4,Adobe Adds Yahoo Search Bar to Acrobat,"Yahoo may glow in the halo effect of the popular Adobe Acrobat Reader, installed on more than 500 million computers. At 274 million users, Yahoo will leverage the partnership to try to oust "
1,Bomb found near Berlusconi #39;s villa,"Italian Premier Silvio Berlusconi (left) goes for a walk with British Prime Minister Tony Blair and his wife Cherie Blair at Berlusconi #39;s villa, Monday. AP ..."
3,U.S. Stocks End Higher, NEW YORK (Reuters) - U.S. stocks ended higher on Wednesday  as investors snapped up semiconductor shares at bargain prices  and bought some blue chips after crude oil retreated from  record high prices.
1,Sharon Seeks Wider Government to Save Gaza Pullout Plan, JERUSALEM (Reuters) - Israeli Prime Minister Ariel Sharon  launched new efforts on Tuesday to widen his shaky coalition  after a stinging setback in parliament that complicated his  plan to withdraw from some occupied territory.
2,"Panathinaikos 2, Arsenal 2",Arsenal keeper Jens Lehmann was left red-faced in Athens as two costly mistakes ensured that a Champions League victory slipped through his side #39;s fingers again.
3,"US economy generated 144,000 jobs in August (AFP)","AFP - The US economy generated 144,000 jobs in August, the Labour Department said, in a sign that the labour market was improving slightly after two sluggish months."
1,The Bag of Aeolus," quot;Aeolus was keeper of the winds. He gave a bag of evil winds to Odysseus, instructing him to keep it closed while a good breeze wafted him home."
3,Job numbers give candidates room to debate,"WASHINGTON - Employers stepped up hiring in August, expanding payrolls by 144,000 and lowering the unemployment rate to 5.4 percent."
2,Koetter: Hill will play Saturday,"Hakim Hill, the ASU football teams oft-controversial running back, will be back on the field when the Sun Devils travel to face California, head coach Dirk Koetter announced Tuesday."
4,Cisco #39;s Perfigo Acquisition Delivers Policy Compliance To Channel,"In a move that targets the increased threats of worms and viruses to networked businesses, Cisco Systems Thursday said it will acquire privately owned endpoint compliance vendor Perfigo in a deal worth approximately \$74 million."
1,Cambodia #39;s king wants to abdicate,"Cambodian King Norodom Sihanouk has announced he is too ill to continue and has confirmed he plans to abdicate. Prince Ranariddh, the king #39;s son has traveled to Beijing, where "
2,ROBBO USHERS IN NEW ERA,"Andy Robinson, currently the caretaker of England #39;s only World Cup holding major sports team, is the future, barring a particularly bleak autumn."
3,Schering-Plough and Bayer form strategic alliance,Schering-Plough Corporation has announced that it has entered into a strategic agreement with Bayer designed to maximize the companies #39; pharmaceutical resources while maintaining each company #39;s own strategic interests.
4,Scientists Prepare for Huygens' Plunge into Titan,"UC Berkeley -- On Jan. 14, 2005, the Huygens probe will plow into the orange atmosphere of Saturn's moon, Titan, becoming the first spacecraft to attempt to land on a moon in our solar system since the Soviet Union's Luna 24 touched down on Earth's moon in 1976..."
3,US Airways files for bankruptcy for 2nd time,"US Airways Group Inc., the nation #39;s seventh-largest airline, filed for bankruptcy protection Sunday for the second time in two years."
3,Michigan regulators allow SBC to charge more for use of its &lt;b&gt;...&lt;/b&gt;,"State regulators unanimously voted Tuesday to allow SBC Communications Inc. to charge competitors more to use its network, but it was unclear when, or if, that increase would be felt "
2,Magnificent Manning Sets Another Record, HOUSTON (Sports Network) - Indianapolis Colts quarterback  Peyton Manning threw two touchdown passes in the first quarter  of Sunday's game against the Houston Texans at Reliant Stadium  to set an NFL record for most consecutive games with multiple  TD throws.
1,Bombings at Two Buenos Aires Banks Kill 1 (AP),"AP - Homemade bombs exploded in two Buenos Aires banks Wednesday, killing a security guard, police said."
4,Cisco to debut new router family,Internet hardware giant Cisco Systems is said to be preparing to launch a new family of routers that can manage both voice and data applications.
3,EBay #39;s Buy Of Rent.com May Lack Strategic Sense,Standard  amp; Poor #39;s Equity Research said the purchase of Rent.com by eBay (nasdaq: EBAY - news - people ) could be a bit of a miscalculation.
4,Three More Linux mobile Phones Coming in Japan,"An anonymous reader writes  quot;NEC and Panasonic have developed three Linux-powered 3G mobile phones to be introduced in Japan in the coming months -- NEC #39;s N900iL, NEC #39;s N901iC, and Panasonic #39;s P901i."
4,Final Round in Cable-ISP Fight,The U.S. Supreme Court has agreed to hear whether cable operators must give access to their lines to third-party ISPs. Michael Grebb reports from Washington.
4,Cisco Flaw Leaves Router Vulnerable to Attack,Cisco Systems issued a security advisory warning that some networks using its routers may be vulnerable to denial-of-service attacks. Devices running Internetwork Operating System and enabled for the open shortest path first (OSPF) ...
3,Fears for T N pension after talks,Unions representing workers at Turner   Newall say they are 'disappointed' after talks with stricken parent firm Federal Mogul.
4,Linux Core Consortium may not derail fate #39;s wheels,"Fate may hold something of a pre-determined fragmentation for Linux operating systems, like Unix before them, that even standards efforts cannot undo."
2,"Pedro picks Mets, Lee dealt to Brewers","Pedro Martinez picked the New York Mets over the Boston Red Sox, and the Chicago White Sox dealt Carlos Lee to Milwaukee for Scott Podsednik and a reliever on Monday as baseball #39;s annual winter meetings finished with many top stars still searching for "
2,Angels' Glaus Activated From DL (AP),AP - Troy Glaus was activated from the 60-day disabled list Sunday by the Anaheim Angels and was back in the lineup against the Minnesota Twins.
4,Socialites unite dolphin groups,"Dolphin groups, or ""pods"", rely on socialites to keep them from collapsing, scientists claim."
4,Polese steps into open-source fray,"Former Sun and Marimba executive Kim Polese takes the helm of SpikeSource, a start-up which will offer services around open source software."
4,"FSB FUD over FOI, you cry","&lt;strong&gt;Letters&lt;/strong&gt; The postbag, and your miscellaneous musings"
1,Bush Declares Genocide in Sudan's Darfur (Reuters),Reuters - The United States declared on\Thursday that the violence in Sudan's Darfur region amounted to\genocide and urged the world to back an expanded African\peacekeeping force to halt the bloodshed.
4,E-mail scam targets police chief,"Wiltshire Police warns about ""phishing"" after its fraud squad chief was targeted."
4,Google Founders Interviewed by Barbara Walters,"Google Founders Interviewed by Barbara Walters\\Google's founders, Larry Page and Sergey Brin, were interviewed last night by Barbara Walters on ABC's 20/20 10 Most Fascinating People. Andy Beal who doesn't seem to be too fond of Barbara Wawa pointed this out on his SearchEngineLowdown blog. I was too busy eating ..."
4,Microsoft's Tune Like Many Others,"Cue the music: Microsoft has officially thrown its headphones into the ring in the contest to bring legal music downloads to the masses. &lt;FONT face=""verdana,MS Sans Serif,arial,helvetica"" size=""-2""\ color=""#666666""&gt;&lt;B&gt;-washingtonpost.com&lt;/B&gt;&lt;/FONT&gt;"
1,Sharon to Hold Tense Meeting With Settlers,"JERUSALEM - After more than a year of avoiding Jewish settlers, Israeli Prime Minister Ariel Sharon has decided to directly confront his former supporters in a meeting about his contentious plan to withdraw from the Gaza Strip and part of the West Bank.    Sharon invited settler leaders to meet with him in Jerusalem on Sunday, just a week before he presents his ""disengagement"" plan to parliament..."
1,"In Taipei, Talk of Arms -- and Amity","Premier Yu Shyi-Kun hopes economic ties to the mainland will guarantee peace. If not,  quot;Taiwan has to have to ability to defend itself quot;."
4,Big guns board Intertrust DRM bandwagon,"Intertrust, Philips and Sony have added more top consumer electronics, content and technology heavyweights to their attempt to create an open interoperable Digital Rights Management environment."
3,Analysts See Post-Stern Ripple Effect,Howard Stern will leave a very different company than the Infinity Broadcasting he first joined in 1985. The Viacom-owned radio giant started out a 
4,House OKs Bill Imposing 'Spyware' Fines,"Companies and others that secretly install ""spyware"" programs on people's computers to quietly monitor their Internet activities would face hefty federal fines under a bill the House passed Tuesday."
2,"Athletics 5, Devil Rays 0","Barry Zito scattered four hits over eight shutout innings, leading the AL West-leading Oakland Athletics past the Tampa Bay Devil Rays 5-0 on Saturday night."
2,"Bekele, Isinbayeva top track athletes","Names Ethiopian distance runner Kenenisa Bekele and Russian pole vaulter Yelena Isinbayeva were named male and female athletes of the year by the world track and field federation. Isinbayeva set eight world records in 2004, including one while winning the gold medal at the Olympics. Bekele won the 10,000 meters in Athens and finished second to Hicham El Guerrouj in ..."
2,Nothing doing,"Well, that didn #39;t go very well, did it? Everybody knew the NHL planned on turning down the NHLPA #39;s latest offer yesterday, but the hockey world still held its breath when the two adversaries met face to face "
1,"Bush, Kerry brace for key presidential debate (AFP)","AFP - The US presidential candidates were set to go head to head in a bruising, high-stakes televised debate, with Republican incumbent George W. Bush aiming to lock in his lead in the race and Democratic challenger John Kerry banking on a comeback."
3,USA : Textile industry to renew request to place embargo on &lt;b&gt;...&lt;/b&gt;,"The US textile industry officials would plead for blocking Chinese imports to the Bush administration this month. Earlier this year, the White House had rejected a similar request made by 130 Republican and Democratic members of Congress."
4,Slowing population 'lacks funds',"Rich countries are giving only half the amount they promised to help to slow world population growth, the UN says."
4,New Technology Powers Fuel Cells,"A new fuel cell for notebook PCs, more compact and powerful than competing technologies, could be on the market in early 2006 at a price of around \$90, its Japanese inventors claim."
3,Nepal blockade 'blow to tourism',Nepal tour operators say tourists cancelled millions of  dollars of bookings due to the rebel blockade of Kathmandu.
3,Update 14: Future of Fannie Mae Executives Unclear,Speculation swirled Thursday over the futures of Fannie Mae #39;s top executives after regulators #39; cited the mortgage giant for accounting violations going back to 2001.
3,U.S. Increases Growth Estimate For 3rd Quarter,"Consumers and businesses boosted their spending a bit more quickly in late summer than previously thought, fueling faster overall economic growth, the government reported Tuesday."
4,Grid bids to save the world,"Hoping to harness a few million of the personal computers not already running the SETIhome screensaver, IBM and United Devices yesterday launched the World Community Grid to act as a clearing house for humanitarian IT projects."
1,Peruvian Maoist trial thrown into chaos,"The first hearing in the re-trial of former leaders of Peru #39;s Shining Path guerrilla group has ended in chaos. The judge suspended the hearing after the group #39;s founder, Abimael Guzman, and his 15 co-defendants "
4,Whats New With Google News,What's New With Google News\\Google News has added a whole bunch of features while we weren't lookin'. First off there's a new pull-down menu at the top of the page which easily allows you access to the top stories across all the Google News properties. If you look at that ...
1,Justices hear cases on shipping wine (USATODAY.com),USATODAY.com - States that block direct shipments of wine to consumers from out-of-state wineries faced skeptical comments from Supreme Court justices on Tuesday.
4,McCain again opposes the president,"Global warming needs more attention, according to John McCain, and President Bush needs to lead the way. I listened to some of the hearings on this subject this week, and I must say the people testifying are "
3,Oil Drops Below \$42 a Barrel," NEW YORK (Reuters) - U.S. oil prices fell more than \$1 on  Monday on continued profit-taking as producer-group OPEC eyed  increases in the coming months in its tight spare capacity,  countering worries over stumbling Iraqi oil exports."
4,Headshake to the SETI Headfake,"Did the famous screensaver, SETIhome, uncover the first strong evidence for an extraterrestrial signal? The SETI Institute's Seth Shostak discusses how hyperbole can misrepresent the last addition to a list of stellar candidates."
1,Britain Ups Anti-Terror Security Spending (AP),"AP - The Sept. 11 attacks on America forced Prime Minister Tony Blair's government to ponder a troubling question: Could terrorists pull off something similar, or even worse, in London or another big British city? The answer, they concluded, was yes."
4,NetRatings survey shows broadband users now a majority in US,"AUGUST 18, 2004 (IDG NEWS SERVICE) - A majority of US home Internet users now have broadband, according to a survey by NetRatings Inc. "
2,Ballesteros Hoping to Play Full Season Next Year, MADRID (Reuters) - Severiano Ballesteros said on Friday he  has made such a dramatic recovery from his back problems that  he hopes to play a full season next year on both sides of the  Atlantic.
4,"Siemens, Freescale Extend Auto Partnership","Siemens VDO Automotive and Freescale Semiconductor have renewed their automotive relationship, representing about \$245 million for components including ASICs, microcontrollers, analog and sensor components, beginning in 2006."
1,Colts Lead Pats Early in Third Quarter,"FOXBORO, Mass. - Peyton Manning reached the 25,000-yard passing mark faster than anyone but Dan Marino, and the Indianapolis Colts shredded the New England Patriots for a 17-13 halftime lead Thursday night..."
1,EU force takes over in Bosnia,A European Union force yesterday took over peacekeeping in Bosnia from Nato for an operation seen as a test of the EU #39;s military aspirations and credibility.
1,Coors' Donation to Own Campaign Draws Ire (AP),"AP - A  #36;500,000 donation by Republican beer baron Pete Coors to his own Senate campaign has triggered a new federal law that eases fund-raising restrictions for his Democratic opponent."
4,E-commerce still booming,"Online retail sales continue to show significant growth, according to the latest figures released by the US Department of Commerce."
3,"Time Warner, SEC near deal on AOL troubles",The Securities and Exchange Commission and Time Warner Inc. are nearing agreement on a deal in which the media giant would pay about \$750 million to settle wide-ranging allegations 
2,Sarin Carries Hoyas,Kim Sarin rushes for a career-high 180 yards and throws a scoring pass as Georgetown snaps a four-game losing streak with a 21-0 victory over winless Virginia Military Institute on Saturday.
1,Headscarf optional at Britain's first state-funded Islamic school (AFP),"AFP - Irish-Moroccan or Egyptian-English, with headscarf or without, the diverse students at Britain's first state-funded Islamic school are at the vanguard of a trend toward a distinctly European Muslim culture."
4,Jobs #39; Apple vs Beatles #39; Apple,"p2pnet.net News:- It #39;s Apple vs Apple again - that #39;s to say Steve Jobs #39; Apple versus The Beatles #39; Apple. Apple-B claims Apple-J infringes its trade mark and the latter,  quot;is likely to be forced into a multimillion "
2,Symonds century lifts Australia,"LONDON, England -- Andrew Symonds rode his luck to score the second one-day century of his career as Australia scored 269-6 from their 50 overs against Pakistan at Lord #39;s."
3,"LCC Int #39;l Posts 3Q Profit, Shares Tumble","LCC International Inc., which offers wireless voice and data technical consulting, on Monday saw shares plummet as much as 12 percent in after-hours trade after the company swung to a third-quarter profit but predicted lower revenues are ahead."
1,Berlusconi confident of acquittal,Judges in the corruption trial of Silvio Berlusconi withdrew yesterday to decide their verdict and the prime minister said he was confident he would not be convicted.
3,Consumer prices up only slightly,"WASHINGTON - Consumer prices barely budged last month, suggesting that inflation isn #39;t currently a problem for the economy and Federal Reserve policymakers can stick with a gradual approach to raising interest rates."
3,BOND REPORT,CHICAGO (CBS.MW) - Treasurys remained solidly lower Wednesday in the wake of election results that had President Bush ahead of Democratic challenger John Kerry.
1,Stocks Drop After Greenspan Testimony,"NEW YORK - Investors were unmoved by Federal Reserve Chairman Alan Greenspan's improved assessment of the economy, with stocks falling narrowly Wednesday in light trading.    While Greenspan said the economy has ""regained some traction"" after the summer's slowdown, he echoed Wall Street's concerns over energy prices, which have fallen from record highs in recent weeks but stubbornly remain above \$40 per barrel..."
3,EU: Coke Anti-Trust Deal Not Set in Stone," BRUSSELS (Reuters) - A proposed settlement between  Coca-Cola Co. and the European Commission to end a long-running  antitrust case over fizzy drinks is not yet set in stone, the  European Union's executive said on Monday."
1,"Hu top dog, but more of same for now","China #39;s new leader is forging ahead with policies set by Jiang, but trouble with Taiwan looms. BEIJING--Having taken over Sunday as chairman of the ruling Communist Party #39;s "
1,"Iraq Mortar Attack Kills 25, Sistani Heads to Najaf"," NAJAF, Iraq (Reuters) - A mortar attack on a packed mosque  in the town of Kufa on Thursday killed at least 25 people as  Iraq's most influential Shi'ite cleric headed to the nearby  holy city of Najaf to try to end a bloody three-week uprising."
1,Ten Turkish hostages freed in Iraq,"The men, who work for the Ankara-based construction company Vinsan, were kidnapped on September 18 by a militant organisation that identified itself as Salafist Abu Bakr al-Seddiq Group."
4,South Seas Islands Pin Future on Geotourism,The Cook Islands receive more tourists per capita than any other South Pacific destination. Now authorities are revamping their tourism strategy to focus on preservation.
4,Capsule to bring the Sun down to Earth,A space capsule set to plunge into Earth #39;s atmosphere with a piece of the Sun this Wednesday has spawned additional projects ranging from spacecraft design to the detection of dangerous asteroids.
2,Conference fumbles top status,ATLANTA - Tommy Tuberville isn #39;t much into computers and formulas to determine who should play for college football #39;s national championship.
4,Ask Jeeves revamps search engine,"Ask Jeeves Inc. has made three significant enhancements to its search engine, as the Emeryville, California company continues to take aim at its much larger competitors "
3,BASS moving headquarters to Florida,"The Bass Anglers Sportsman Society is moving its headquarters to Central Florida. The bass fishing organization, based in Montgomery since its inception in 1967, announced Monday "
4,Feds Charge 28 in ID Theft Ring,Agents at the US Secret Service unmasked 28 people who thought they were safe behind anonymous identities and charged them in connection with alleged ID Theft activities.
4,NHS signs nine-year extension with Microsoft,The National Health Service (NHS) has extended a software licensing deal with Microsoft for nine years - three times longer than its current agreement.
2,Wizards' Kwame Brown Suspended One Game (AP),AP - The Washington Wizards suspended Kwame Brown for one game Thursday for his actions during the previous night's game against Denver.
2,Angels Rally Past A's to Clinch AL West Crown, OAKLAND (Reuters) - Garret Anderson capped a three-run  eighth inning rally with a run-scoring single as the Anaheim  Angels edged the Oakland Athletics 5-4 Saturday to capture  their first AL West pennant in 18 years.
1,PM and Latham target Sydney,Prime Minister John Howard and Opposition Leader Mark Latham will target key marginal seats around Sydney as the election campaign hits its second week.
4,Intel guns for remote wireless device management,"SAN FRANCISCO - Intel Corp. is working on a device management technology that could allow IT departments to take advantage of existing management software and bring a host of disparate wireless devices under the IT department umbrella, an Intel executive said Monday at the Cellular Telecommunications and Internet Association's Wireless Entertainment and IT conference here."
2,"Illini hit on all cylinders, zap Zags","There #39;s no way No. 5 Illinois could have shredded THE Gonzaga, king of the mid-majors, the way it demolished its opponent at Conseco Fieldhouse on Saturday."
1,India #39;s Offer for Peace Talks on Kashmir Is Sweetened With Aid,"India #39;s prime minister, Manmohan Singh, came to Kashmir on Wednesday offering unconditional talks with anyone willing to renounce violence and a \$5.3 billion economic "
3,Singapore #39;s unemployment rate eases to 3.4 as economy expands,"SINGAPORE : Singapore #39;s unemployment rate has fallen to its lowest level in five years on the back of strong economic growth in the first half of the year, the government said Monday."
2,Clash of the unpredictables: WI-Pak tie,What would happen when two of the worlds most talented and unpredictable sides rub shoulders and that too in an ICC Champions Trophy semi-final?
1,"B.C. Mountie killed in stolen truck crash leaves wife, two small children (Canadian Press)","Canadian Press - VERNON, B.C. (CP) - Vernon RCMP have identified the auxiliary officer killed when the cruiser in which he was riding was struck by a stolen truck as Glen Evely, 39."
1,Two Charged in S. African Nuclear Trafficking Case,"JOHANNESBURG, Sept. 9 -- A German man and his colleague appeared in court Thursday on charges of violating South Africa #39;s ban against nuclear proliferation, according to news reports."
4,"The C.E.O. Vanishes, and Other Mysteries","Why did PeopleSoft, in the midst of a takeover fight with Oracle, fire its chief executive and president? Who knows? And that's a problem."
2,SA-India Test: South Africa declare at 510 for 9 :,"Sports India: Cricket  gt; Kanpur, Nov 22 : South Africa declared their first innings at 510 for nine on the third day of the first cricket Test against India here today."
4,"Volcanoes May Have Sparked Life on Earth, Study Says",How did the building blocks of life arise on Earth? A new study says a volcanic gas may have been the key.
1,Annan Faults Both Sides of Terror War for Eroding Rule of Law,"U.N. Secretary General Kofi Annan will tell the 191-member U.N. General Assembly on Tuesday that the rule of law in the post-Sept. 11  world has been eroded both by the United States and by other nations as they battle terrorism, and by Islamic extremists and their horrific acts of violence, according to senior U.N. officials."
2,FOOTBALL: RAE KNEE SCAN HAS MCLEISH IN A SWEAT,ALEX RAE was in hospital yesterday for a scan on his injured knee after playing through the pain barrier in Sunday #39;s Old Firm clash.
4,Nokia To Use Holograms To Thwart Battery Counterfeiters,"Hologram labels will help customers identify original Nokia batteries, thus ensuring the safe use of handsets, says Nokia. All new batteries will come with a holographic image and an authentication code hidden under it."
1,Taiwan Invites China To Air Talks,"Taiwan invited China to send envoys to the island to discuss direct charter flights on Monday, a day after Taiwan President Chen Shui-bian called for peace talks between the rivals."
4,Bofra Worm Spreads by Banner Ads,"Attacks exploit IE flaw, and allow attacker to gain complete control of your PC."
4,Georgia Evolution Dispute Embarrasses Some,"Atlanta, Nov. 11 - First, Georgia #39;s education chief tried to take the word  quot;evolution quot; out of the state #39;s science curriculum."
2,Sports: Khalil Greene breaks finger,LOS ANGELES Khalil (kuh-LEEL #39;) Greene has a broken right index finger and will miss the rest of the regular season. The San Diego Padres shortstop was injured in the fifth inning of Monday night #39;s 9-7 victory 
4,Barrett: Good business models vary widely,"BANGALORE, INDIA - Peer-to-peer (P2P) sharing would never have gathered momentum if the music industry had adopted models for distribution over the Internet, said Intel Corp. Chief Executive Officer Craig Barrett, addressing IT executives in India Friday."
1,At Least 10 Iraqis Killed in Insurgent Attack,Officials in Iraq say at least 10 Iraqis have been killed and several others wounded in separate insurgent attacks across the country.
4,Korean and Japanese Phone Makers Win -Survey," AMSTERDAM (Reuters) - South Korean mobile phone makers  continued a rapid move up the global market rankings during the  third quarter, while growth in the wider mobile phone market  slowed, a survey found on Wednesday."
2,Vandeweghe keeps interest in forward White,The Nuggets could be re-signing free-agent forward Rodney White in the near future if White is able to resolve his off-court problems.
3,"SBC links e-mail, voice messages, fax","SBC on Monday announced a new service that integrates voice messages, faxes and e-mails into a single mailbox that can be accessed from anywhere by phone or the Internet."
3,"Russia #39;s Putin Defends Reforms, Worries About Clans",Russian President Vladimir Putin said on Thursday he had no plans to grab more power or change the constitution when reforming Russia #39;s government structure.
4,Cadence poaches another Intel server staffer,&lt;strong&gt;IDF Fall '04&lt;/strong&gt; Malhotra rejoins St. Fister
1,US Airstrikes Said to Kill at Least 44 in Iraq,"Iraqi health officials said American airstrikes that demolished homes late today in a village south of the volatile city of Falluja killed at least 44 people and wounded 27, including women and children."
2,Zeman #39;s Lecce enjoy heady heights of Serie A,"When Lecce sold their prolific Uruguayan striker Ernesto Chevanton to French club Monaco in the close-season, many pundits added the southern club to the list of favourites for relegation."
1,US planes again hit Sadr City,"BAGHDAD US warplanes fired on targets in the east Baghdad slum of Sadr City on Thursday, the second day of fighting in the Shiite militia stronghold."
2,Arsenal only manage draw,LONDON - Arsenal manager Arsene Wenger has praised Thierry Henry #39;s speed of thought after the striker stroked home a quick free-kick that helped champions Arsenal to a 2-2 draw against Premiership leaders Chelsea at Highbury last night.
1,Argentina Basketball Coach Magnano Quits,"Ruben Magnano, who coached Argentina to the Olympic basketball gold medal in Athens, resigned Thursday to accept a coaching job in Italy."
4,Ecuadorean Lawsuit Vs Texaco Boils Down to Science (Reuters),"Reuters - After a decade\of court battles, lawyers on Wednesday took a lawsuit by\Ecuadorean Indians accusing U.S. oil firm ChevronTexaco Corp..\of polluting the Amazon jungle into the field."
3,BA hikes oil surcharge by up to 8 per ticket,"British Airways, Europe #39;s biggest airline by passenger capacity, has hiked its fuel surcharges by up to UK8 per ticket, a day after oil prices climbed to record levels."
4,Internet Pharmacies: Good or Bad?,An investigation into the practice of Internet Pharmacies and how they are changing the U.S. pharmaceutical industry.
2,Tennis: Roddick and Williams ousted,ATHENS Shell-shocked Americans Andy Roddick and Venus Williams joined already-beaten men #39;s top seed Roger Federer in the favourites #39;exodus from the Olympic tennis tournament on Wednesday. 
4,Scientists Study the Hudson River (AP),AP - Scientists are plunking a series of high-tech sensors into the Hudson River in an effort to unravel mysteries of the murky waterway.
4,IBM Buys Two Danish Services Firms,"IBM said Tuesday it has acquired a pair of Danish IT services firms as part of its effort to broaden its presence in Scandinavia. As a result of the moves, IBM will add about 3,700 IT staffers to its global head count. Financial terms of ..."
4,AMD Readies Powerful Desktop Chips,New Athlon 64 processors will compete with Intel's Pentium 4 Extreme Edition.
1,Clinton Has Successful Quadruple Bypass,"NEW YORK - Bill Clinton underwent a successful quadruple heart bypass operation Monday to relieve severely clogged arteries that doctors said put the former president at grave risk of suffering a heart attack.    Clinton is expected to make a full recovery, but doctors said he was fortunate to have checked himself into the hospital when he did..."
4,German teenager charged with creating Sasser virus,"German student, Sven Jaschan, has been formally charged with computer sabotage, data manipulation and disruption of public systems by German prosecutors."
3,Bush defends tax cuts,"WASHINGTON, Oct 2 (AFP) - US President George W. Bush said Saturday he would renew some of the huge tax cuts that form a cornerstone of his economic rejuvenation policy and chided Democratic challenger John Kerry for opposing the cuts."
4,Microsoft Targets Solo Programmers with New Visual Studio Version,"ORLANDO, Fla.Microsoft Corp. announced another edition of its upcoming development tools family, releasing information on Visual Studio 2005 Standard Edition at the VSLive!"
4,Light at Night Might Be a Cancer Risk,"By Ed Edelson, HealthDay Reporter    HealthDayNews -- Could electric light pose a cancer threat?    It might seem like the wildest of paranoid beliefs, but a growing number of scientists suspect it might be true. The reason: Turning on the lights after dark may affect a small number of ""clock genes"" that play a major role in controlling how cells live, die and function, these researchers suggest..."
2,Dolphins and Steelers Will Play Sunday Night (Reuters),Reuters - The Miami Dolphins and\Pittsburgh Steelers will play their scheduled game Sunday night\at 8:30 p.m.
3,US Airways Watch: 11/18/04,"US Bankruptcy Court Judge Stephen Mitchell will hear arguments today asking him to reconsider a four-month, 21 percent pay cut he imposed on many unionized workers last month."
1,Jakarta bombing blamed on Malaysian fugitives,The Indonesian police asserted Friday it would intensify the hunt of two Malaysian fugitives Azahari and Noordin Moh Top believed to be responsible for the Thursday #39;s bombing at the Australian embassy.
4,"HP, IBM, Dell set code' for treatment of workers (SiliconValley.com)","SiliconValley.com - Hewlett-Packard, IBM and Dell, which were accused earlier this year of having ""dire working conditions"" at factories outside the United States, announced Wednesday that they have agreed on a ""code of conduct"" for the treatment of workers and the environment."
3,From overtime rules to job losses from outsourcing overseas to &lt;b&gt;...&lt;/b&gt;,"Labor Day is one of those terms, like driveway and parkway, that means the opposite of what it seems to mean. Honoring the nation #39;s workers, Labor Day is not for working but for picnics."
4,Now Virgin to offer trips to space,"LONDON, England -- British entrepreneur Richard Branson announced his company has signed a deal to offer the world #39;s first commercial flights to space under the branding  quot;Virgin Galactic."
2,"Pudge, Guillen leave with injuries","The Tigers lost both of their All-Stars, shortstop Carlos Guillen and catcher Ivan Rodriguez, to knee injuries on separate plays in Saturday #39;s game against the Twins."
1,Putin Says Russia Working on New Nuclear Systems (Reuters),"Reuters - Russia is working on new nuclear missile\systems that other powers do not have in order to protect\itself against future security challenges, President Vladimir\Putin said Wednesday."
2,Sanchez wins; Costa bows out in Bucharest,"Bucharest, Romania (Sports Network) - Defending champion David Sanchez advanced, but former French Open titlist Albert Costa was not as fortunate Monday at the \$460,000 Romanian Open."
2,Exhausted Massu Outlasts Fish for Gold, ATHENS (Reuters) - An exhausted Nicolas Massu reeled in  Mardy Fish in five tortuous sets on Sunday to win Chile their  second gold medal at an Olympic Games less than 24 hours after  helping them to their first.
1,Data revision shows Japan's economy grew slightly in July-September (Canadian Press),"Canadian Press - TOKYO (AP) - Japan's economy barely grew during the quarter ending Sept. 30 and in the April-June period it actually shrank instead of squeezing out slight growth, according to revised government data released Wednesday."
4,Microsoft #39;s big fix: Security patch now on the market,"For the past few years, viruses have attacked Microsoft #39;s operating system, Web browser or e-mail programs seemingly on a weekly basis."
3,ChevronTexaco hit with \$40.3M ruling,"Montana jury orders oil firm to pay up over gas pipeline leak from 1955; company plans to appeal. NEW YORK (Reuters) - A Montana jury ordered ChevronTexaco Corp., the number two US oil company, to pay \$40.3 million for environmental damage from a gasoline ..."
1,Arafat #39;s legacy: Statelessness for Palestinians,"The exit from the world stage of Palestinian leader and icon Yasser Arafat will mark the end of a turbulent era, and the beginning of a period of uncertainty and possible instability in the volatile cauldron of the Israeli-Palestinian conflict."
1,Bad weather blamed for Indon crash,"BAD weather was the main cause of an accident which killed 26 people aboard an airplane whose spoiler did not work well, Indonesian investigators said today."
1,Iraq cleric 'to end Najaf revolt',Shia cleric Moqtada Sadr reportedly agrees to end an uprising in the holy Iraqi city of Najaf.
3,Touchy Times at Midas,The auto maintenance company has a simple business but a complicated prognosis.
1,US Marines Die In Fallujah Car Bombing,"BAGHDAD, Iraq -- A US military official in Iraq said seven American marines have been killed Monday in a car-bomb explosion. Several other Marines have been wounded in the attack."
4,"Sony, IBM, and Toshiba Reveal Additional Details on Cell Chip",Initial versions of PlayStation 3 chip will not be produced with a cutting-edge chip-making technology. The four companies developing the Cell consumer electronics microprocessor released a few more details 
1,English 'world language' forecast,"A third of people on the planet will be learning English in the next decade, \says a report."
1,Parties Allowed to Contact Absentee Voters (AP),"AP - Like fishing in a stocked pond instead of an ocean, politicians are trying to catch votes by targeting phone calls and fliers at voters who have already applied for absentee ballots."
3,Miller slams transit funding,"Public transit in Toronto will not improve next year despite \$81-million in provincial gas tax funding announced yesterday, according to Mayor David Miller."
1,Sex toys find niche market in church-influenced Philippines (AFP),"AFP - In this predominantly Roman Catholic country where prostitution is illegal and the church still wields considerable influence on the nation's morals, it is a brave person who goes into business selling sex toys."
3,Nobel Economics Prize Awarded,"Norwegian-born Finn Kydland and Edward Prescott of the United States won the 2004 Nobel\economics prize, the Royal Swedish Academy of Sciences said on Monday."
2,Egypt names former player Shehata as caretaker coach,"The Egyptian Football Association (EFA) has appointed a domestic coach to take over Italian Marco Tardelli who was sacked earlier this month after a surprise defeatto Libya, a spokesman said Thursday."
4,Oracle expected to push on content management at OpenWorld,"Oracle is expected to unveil updates to its software's content management and business intelligence functions, as well as other enhancements at next week's Oracle OpenWorld user event."
4,US names cyber chief,"The Department of Homeland Security has named an acting US cybersecurity chief as Congress weighed whether to give the position greater clout to fight hackers, viruses and other online threats."
1,Five Blasts Reported in Spain After ETA Threats," MADRID (Reuters) - Five explosions were reported in  different parts of Spain Monday after the Basque separatist  group ETA threatened to set off a total of seven bombs, Spanish  media reported."
4,Sony takes on Nintendo in portable game console market with PSP (AFP),"AFP - Sony launched a frontal assault on Nintendo's domination of the portable game console market by kicking off Japan sales of its new PlayStation Portable (PSP), drawing huge lines in Tokyo."
1,Court Overturns Nigerian Woman's Stoning Sentence (Reuters),Reuters - A young Nigerian mother\sentenced to death by stoning for having sex outside marriage\was acquitted and discharged by an Islamic appeals court on\Thursday.
1,Islamic group holding lorry drivers demands firm quit Iraq (AFP),"AFP - A group calling itself the Secret Islamic Army (SIA) will release seven hostages it has been holding for more than a month as soon as their Kuwaiti company says it will no longer operate in Iraq, the SIA announced."
4,"Open Source Ingres Swings At Oracle, SQL Server",The Fine Print: The following comments are owned by whoever posted them. We are not responsible for them in any way. Not SQL-type competition.
4,Briefly: RealNetworks signs up Red Flag Linux,"roundup Plus: Microsoft ships Virtual PC 7...SGI warns of lower revenue, deeper loss...SAP taps search technology."
2,Minaya ahead in count even if he strikes out,"This is the way Mets fans wanted their team to do it with Vladimir Guerrero and Alex Rodriguez. They wanted the general manager of the moment, Steve Phillips or Jim Duquette, to get in there early."
4,Microsoft To OK One License for Multicore Chips,"Customers who use the dual-core processors that Intel and Advanced Micro Devices are expected to begin shipping next year will not need to buy extra licenses for Microsoft software, the software maker will announce next week."
3,Yukos considers self-destruction,"Shareholders in Yukos are considering liquidation or filing for bankruptcy, after deciding against a rescue plan for the embattled Russian oil firm."
1,"Israel Destroys Refugee Homes, Kills One","GAZA CITY, Gaza Strip - A day after a mortar round killed an Israeli-American woman in a nearby settlement, the Israeli army charged into a Palestinian refugee camp Saturday, killing one person and tearing down 35 homes, witnesses and a U.N. aid official said..."
2,Harvick Holds Off McMurray for Busch Series Win," HOMESTEAD, Fla. (Sports Network) - Kevin Harvick held off  fellow Nextel Cup driver Jamie McMurray on three restarts over  the final 20 laps to capture the Ford 300. The No.29 Chevrolet  crossed the finish line 0.218 seconds ahead of runner-up  McMurray."
4,So Long XMLHack!,"\\""It's been a lot of fun writing XMLhack since 1999, but it's time for us to take\a rest.""\\""XMLhack has always been run by volunteers writing in their spare time, and now\most of us have so little of that precious commodity it's infeasible to keep the\site going at anything like the rate we want it to be.""\\""As editor, I'd like to extend my grateful thanks to all the contributors over\time, a list of whom you can see on the contributors page. My special thanks go\to Simon St.Laurent, my co-conspirator from the start.""\\So long guys!\\I've been a subscriber to XMLHack for probably &gt; 3 years now.  They were one of\the earlier blog-like sites to have RSS in what I'd call a 'modern' and rich\f ...\\"
3,COLUMN: Many Struggle to Comply with Sarbanes Rules,"A flurry of companies may miss the deadline to comply with new regulations brought in after the corporate scandals of 2002, but the key for investors will be to judge how serious the underlying problems really are."
3,SCHUMER  #39;RETURNS #39; FIRE AT RETAILERS,Sen. Charles Schumer yesterday criticized retail grinches who are stealing Christmas by blacklisting customers who return too many gifts.
1,Arafat urges reforms to rectify his  #39;mistakes #39;,"YASSER Arafat, the Palestinian president, made a rare acknowledgement of mistakes under his rule yesterday and urged reforms to end corruption. "
1,Plea for Kidnapped Aid Worker Meets with Silence,Charity workers were still facing an agonising wait for news of Iraq aid worker Margaret Hassan tonight after a televised plea to her kidnappers was met with silence.
1,EU leaders agree on Commission reshuffle,"ISN SECURITY WATCH (05/11/04) - The EU heads of state agreed on Thursday night to a new line-up of commissioners in a attempt to bring the EU out of its institutional crisis that set in after incoming Commission President, former Portuguese prime minister "
4,Does Nick Carr matter?,Strategybusiness concludes that a controversial new book on the strategic value of information technology is flawed--but correct.\
1,Bin Laden Driver Charged at Guantanamo,"GUANTANAMO BAY NAVAL BASE, Cuba - Osama bin Laden's chauffeur was officially charged Tuesday in the first U.S. military tribunal since World War II, appearing at a pretrial hearing where his lawyer challenged the process as unfair..."
3,Delta #39;s Aborted Crash Landing,"If you #39;ve ever been in an airplane that has to abort a landing, you know that it is a completely hair-raising, disorienting experience."
3,Statement by Airbus on the US Government for formal consultations &lt;b&gt;...&lt;/b&gt;,Airbus has fully supported all recent actions by the European Commission to engage with the US government in serious discussions on comprehensive new disciplines on government support.
2,Bourdais takes series title,"MEXICO CITY - Sebastien Bourdais took his first Champ Car World Series title, beating teammate Bruno Junqueira with a flag-to-flag win Sunday in the Mexican Grand Prix."
2,Mourinho happy after 3-0 win,Chelsea manager Jose Mourinho was delighted with his side #39;s performance in the 3-0 win in the Champions League against Paris Saint Germain.
4,Cisco Reaches High And Low,"NEW YORK - Cisco Systems is aggressively trying to build its presence in key growth markets, and it #39;s using both new products and new acquisitions to do it."
4,"Honeywell sues Apple, 33 others over LCD patent",Honeywell on Wednesday announced that it has filed suit against Apple and 33 other companies for alleged patent infringement over a technology that  quot;increases the brightness of images and that reduces the appearance of certain interference effects on a 
2,Freddie #39;s goal rage,FED-UP Freddie Ljungberg says Arsenal must stop letting in stupid goals or face another season of Euro heartache. The disappointed Swede reckons the Gunners have already wasted a golden opportunity 
2,Fresno St. Blows Out No. 13 Kansas State (AP),"AP - Paul Pinegar threw two touchdown passes to Matt Rivera and ran for another score, and Fresno State upset No. 13 Kansas State 45-21 on Saturday."
4,"Microsoft, Amazon.com file phishing, spamming lawsuits","Microsoft and Amazon.com Monday filed one joint and several separate lawsuits against companies and individuals accusing them variously of trying to defraud consumers by imitating Amazon and Microsoft, the companies said Tuesday."
2,"Despite struggles at plate, Boone wins Gold Glove","The way Bret Boone sees it, winning a Gold Glove after a tough offensive season is a validation of the award itself.  quot;There #39;s a lot of debate about the Gold Glove, quot; the Mariners second baseman said."
2,It #39;s About Time Sox Became The Champs  And Real Rivals,Finally. the New York Yankees and the Boston Red Sox have a bona fide rivalry. Please don #39;t assume that this belongs on the sports pages.
1,"As Drama Plays Out, Mixed Feelings for Arafat #39;s Neighbors","No crowds of well-wishers massed Thursday outside the Mukata, the mostly ruined compound where Yasser Arafat has been confined for the past two years."
1,Macaulay Culkin Released After Drug Arrest,"OKLAHOMA CITY - Former child star Macaulay Culkin was arrested on drug charges Friday during a traffic stop, authorities said. The 24-year-old actor, best known for his role in the ""Home Alone"" movies, was taken into custody on complaints of possession of a controlled dangerous substance without a valid prescription and possession of marijuana, according to the Oklahoma County Sheriff's office..."
2,Els Looks Ahead with Promise After Major Woes," LONDON (Reuters) - After being a frustrated 'nearly man' at  this year's majors, Ernie Els plans to make the most of a  near-perfect finish to the 2004 season."
1,France criticizes Iraq hostage mediators,"France has criticized unofficial negotiators for complicating release efforts for two French hostages held in Iraq, the BBC reported Saturday."
1,Cambodia #39;s New King Ascends the Throne,"Description: In Cambodia, Norodom Sihamoni who accedes to the throne with an elaborate coronation, following the abdication of his father King Norodom Sihanouk."
4,Hosted E-Mail Service Leaves Windows for Linux,Company outsources e-mail for small to medium businesses.
2,Lane drives in winning run in ninth,Jason Lane took an unusual post-game batting practice with hitting coach Gary Gaetti after a disappointing performance Friday night.
3,Rate hikes by Fed dull ARMs #39; luster,"30-year fixed home loans remain appealing, but variable rates have been on the move up. By Sandra Block. If you #39;re hoping an adjustable-rate mortgage will help you afford your dream house, you may want to rethink those granite countertops."
2,Glory Comes Amid Empty Seats and Closed Shutters,"HERE in Old Europe, people install shutters outside their windows to keep out the heat, the pollution, the daylight, the noise. They also lock the shutters tight when they go away on holiday."
4,"IBM Unveils Security Intel Service, Notes Big Jump In Attacks","IBM has launched a new intelligence service to give enterprises a monthly report showing the big picture of security attacks and other business threats, the Armonk, NY-based giant said Tuesday."
4,Hackers Target Flaw in Microsoft's JPEG,"NEW YORK (AP) -- In a harbinger of security threats to come, hackers have exploited a newly announced flaw in Microsoft Corp. (MSFT) programs and begun circulating malicious code hidden in images that use the popular JPEG format..."
4,Mark Cuban prompts dot-com redux,"reporteri #39;s notebook SAN FRANCISCO--Hope and cynicism sparred to a draw on Tuesday at the glitzy opening banquet of Web 2.0 conference here, as serial entrepreneur and reality TV show host Mark Cuban took the stage to talk about what #39;s next for the 10-year "
4,Study: Brain Scan Helps Diagnose Bipolar Disorder (Reuters),"Reuters - Bipolar disorder, a sometimes\misdiagnosed mental illness characterized by wide emotional\swings, may be identifiable by chemical abnormalities visible\in victims' brains, researchers said on Tuesday."
2,Xabi Reckons England Are Great,Xabi Alonso is prepared for a hard battle when Spain meet England in the Bernabeu on Wednesday having experienced the build-up from the other side.
1,Inaction #39;s Consequence,"LAST MONTH the United States and its allies signaled a change in Sudan policy. Rather than pressuring Sudan #39;s government to halt its genocidal attacks against civilians in the western province of Darfur, they "
1,Peru Gov't: Police Killed in Self-Defense,Peru's interior minister said Wednesday that police acted in self-defense when they killed three coca farmers who were part of a group that hurled rocks and tried to burn a police lieutenant alive to protest U.S.-backed eradication of their cocaine producing crop.
4,"The space warrior, the witch and ICANN",Leaders of the Internet's controversial ruling body are getting a visit this week from a witch-in-training and a space warrior from centuries in the future.
1,"Revelations on ""children overboard"" incident put pressure on Australian PM (AFP)",AFP - Australian Prime Minister John Howard was fighting to maintain his credibility after official transcripts backed up critics' claims about what he knew of a controversial 2001 sea rescue of boatpeople.
3,"DaimlerChrysler, Bombardier Settle Dispute","German-American automaker DaimlerChrysler and Canadian transportation company Bombardier have settled a dispute over the 2001 sale of railcar maker Adtranz, the companies said in statements Tuesday."
3,Business Week Names Adler Its New Editor,"Stephen J. Adler, deputy managing editor of The Wall Street Journal, has been named editor of Business Week magazine, succeeding Stephen B. Shepard, who announced last week that he would retire from the magazine to become the first dean of a new "
1,"Commuter Plane Crashes in China, Killing 54","A China Eastern Airlines commuter plane crashed into a frozen lake in northern China this morning, killing all 53 people on board and 1 on the ground, state media and the airline said."
3,Halo 2 scores record sales of \$125 million in first 24 hours,Halo 2 broke entertainment retail records in its first 24 hours. Microsoft Game Studios said that the video game sold through 2.4 million stores in the US and Canada raking in \$125 million in sales.
4,New bug found in MySQL,"Users of the increasingly popular, open-source MySQL database may be at risk from remote attacks due to a bug in phpMyAdmin, a widely used Web-based MySQL administration tool."
1,US forces bomb Falluja,many people were killed. The US military last week claimed to have killed around 100 of Zarqawi #39;s. militiamen who have the area largely under their control.
1,AU OKs more troops for Darfur; talks resume,Sudan #39;s government and Darfur rebels are likely to restart talks Thursday as the African Union said it would increase its forces in the restive region.
4,Man arrested for fatally stabbing elderly parents,"SAITAMA -- A middle-aged man who fatally stabbed his parents has been arrested, police said. Hideo Nakajima, an unemployed man from Soka, Saitama Prefecture, apparently called police shortly before 8 pm, Wednesday."
2,New memories warm heart of this Bosox fan,Is it really true? Did it really happen? Or was that just the figment of some Boston Red Sox fanatic #39;s wild imagination? Did the Red Sox really win the World Series for the first time since 1918 by sweeping the St.
4,Court: File-swapping software not liable for copyright violations,"The makers of two leading file-sharing programs are not legally liable for the songs, movies and other copyright works swapped online by their users, a federal appeals court ruled Thursday in a stinging blow to the entertainment industry. "
3,Two hurricanes = two deductibles,"Many homeowners in the Orlando area suffered a double blow when hurricanes Charley and Frances struck in quick succession. Now, they #39;re smarting from a financial one-two punch - two insurance deductibles."
3,HCA Warns on Third-Quarter Earnings,"Hospital giant HCA Inc. said Wednesday it expects third-quarter earnings to range between \$222 million and \$232 million, or 46 cents to 48 cents per share, including losses from hurricanes Charley, Frances "
2,Bonds Could Have Unknowingly Taken Steroids," OAKLAND, California (Reuters) - Barry Bonds took creams and  oils that could have contained steroids, but did so unknowingly  out of blind faith in his trainer and best friend, the baseball  player's lawyer said on Friday."
2,Red Sox aim for jugular,"While the Yankees were quietly celebrating their free agency victory over the Red Sox, snaring New Englander Carl Pavano with a four-year deal in excess of \$38 million, no one gloated too long."
2,Paralympics: China Surges As First Doping Cases Result In Lifetime &lt;b&gt;...&lt;/b&gt;,"ATHENS (AFP) - The Athens Paralympics weathered its first doping scandal, while juggernaut China continued to dominate the competition, racking up nearly twice as many as second-place Britain over the first four days of competition."
4,U.S. Army aims to halt paperwork with IBM system,"The U.S. Army has struck a deal with IBM and other companies to create an automated record-keeping system that ends the need for electronic forms to be printed out, signed and delivered up the military service's chain of command."
3,GM pulls Corvette ad with underage driver,"DETROIT -- General Motors Corp. has withdrawn a Corvette commercial that shows a young boy driving wildly through city streets after safety advocates complained, the company said yesterday."
1,"Venezuelans Flood Polls, Voting Extended"," CARACAS, Venezuela (Reuters) - Venezuelans voted in huge  numbers on Sunday in a historic referendum on whether to recall  left-wing President Hugo Chavez and electoral authorities  prolonged voting well into the night."
1,Tremor shook Japan,At least 14 people sustained injuries when a strong earthquake with a preliminary magnitude of 7.1 hit a sparsely populated area of Japan #39;s northernmost main island of Hokkaido.
2,Plummer spreading production,Jake Plummer #39;s four touchdown passes and 137.8 quarterback rating Sunday only begins to describe the efficient air attack used by the Broncos to rout the Houston Texas 31-13.
1,Iran May Soon Resume Uranium Enrichment (AP),"AP - Iran may resume uranium enrichment ""any moment,"" the nation's intelligence minister said on state television Monday, two days after the U.N. nuclear watchdog agency demanded that Tehran halt all such activity."
3,Northwest Airlines Swings to 3Q Loss,"Northwest Airlines Corp. posted a third-quarter loss on Wednesday, compared with profits a year ago, due to rising fuel costs and low-fare competition."
1,Video Shows March Madrid Bombing,"A ball of fire erupts from a train car, smothering commuters with smoke and littering the platform with bodies and staining it with blood in a chilling security-camera videotape of the March 11 train bombings broadcast Tuesday by a Spanish station."
4,Atheros reaches into electronics devices,Chipmaker announces new chipset and reference design for consumer devices and PCs.
4,Britain #39;s Biggest Dinosaur Found in Isle of Wight (Update1),"A prehistoric neck bone found 12 years ago by amateur fossil hunters in Britain belongs to the biggest dinosaur ever discovered in the UK and possibly Europe, a report published in the Cretaceous Research Journal said today."
1,World News: Zimbabwe jails UK  #39;coup plotter #39;,The British leader of a group of 67 alleged mercenaries accused of plotting a coup in Equatorial Guinea has been sentenced to seven years in jail.
4,Volcano  #39;cowboys #39; who ride a ring of fire,Scientists tap everything from gas-sniffing devices to GPS systems to better forecast when a mountain will stir. By Brad Knickerbocker  Staff writer of The Christian Science Monitor.
3,Hearing Set After Microsoft Rivals Quit,The judge considering Microsoft Corp. #39;s appeal against European Union sanctions has called a closed meeting for Thursday to decide what action to take after two more major 
1,Rumsfeld turns to radio interviews in battleground states to defend Iraq situation (AFP),"AFP - US Defense Secretary Donald Rumsfeld says he has been ordered not to comment on the presidential elections, but it hasn't kept him from defending the war in Iraq in interviews with radio talk show hosts in battleground states."
2,"Leinart, Bush, White and Peterson lead final 5","Four players whose teams are bound for the Orange Bowl dominate the Heisman Trophy finalist list, which was announced Wednesday evening on SportsCenter."
4,NASA looking at May launch,"Citing technical challenges due to hurricanes, NASA officials said that the initial space shuttle mission for Return to Flight will slip from March to May 2005."
3,UK writing off poor nations' debt,Gordon Brown says the UK will write off its share of debts owed by the world's poorest countries to the World Bank.
2,Tigers exercise Trammell #39;s option,The Tigers face plenty of decisions on players from here on out. Their option on the manager was a quick one. Two days after Alan Trammell completed his second season at 
1,Cheney: Kerry 'Wrong Choice' for President (AP),"AP - Vice President Dick Cheney said Tuesday that the nation faces the threat of another terrorist attack if voters make the ""wrong choice"" on Election Day, suggesting that Sen. John Kerry would follow a pre-Sept. 11 policy of reacting defensively."
3,Northrop Grumman Gets \$408 Million Pact,"Defense contractor Northrop Grumman Corp. on Monday said it received a 10-year, \$408 million Army contract to provide simulated battle command training support to Army corps commanders - the latest award in "
1,"Obama Balances Stardom, Local Interests (AP)","AP - In the days since he was elected to the U.S. Senate, Barack Obama has chatted by phone with President Bush, had his picture in People magazine and appeared several times on national television."
1,Five facts about France #39;s Muslim headscarf ban,"- The French parliament passed the law in March to ban  quot;conspicuous symbols quot; of faith from its state school system. Guidelines for applying the law identified Muslim headscarves, Jewish skullcaps and large "
4,Stopping spam at the source,"New antispam technology standards are on the way that promise to hit spammers where it hurts the most--their wallets. At issue is the ability to authenticate the original source of e-mail messages, a major "
3,Spanish buy Luton airport operator in 551m deal,Luton Airport was bought by the Spanish yesterday as part of a 551m takeover deal which will net the men who run it almost 60m.
2,A game to remember,CHARLTON #39;S players past and present would have been proud with this display - and how fitting that a game marking the Addicks #39; centenary had everything you could wish for from a match.
3,"Blue Chips Unchanged, Wal-Mart Weighs"," NEW YORK (Reuters) - U.S. blue chips were near the  unchanged mark on Monday as a disappointing sales forecast from  retailer Wal-Mart Stores Inc. &lt;A HREF=""http://www.investor.reuters.com/FullQuote.aspx?ticker=WMT.N target=/stocks/quickinfo/fullquote""&gt;WMT.N&lt;/A&gt; dampened sentiment,  offsetting the benefit of easing oil prices."
2,"Astros 2, Cardinals 1",Jeff Bagwell drove in two runs and Brandon Backe pitched five solid innings to help the Houston Astros gain ground in the NL wild-card race with a 2-1 win over the St.
1,Karzai's Running Mate Survives Attack,"KABUL, Afghanistan - Campaigning for Afghanistan's first direct presidential election ended with a burst of violence Wednesday as attackers set off a bomb in a failed effort to kill interim Afghan leader Hamid Karzai's vice presidential running-mate.    Despite persistent violence, the United Nations declared this hard-luck nation ready for Saturday's vote, a historic experiment with democracy after more than two decades of unrelenting ruin, from Soviet occupation to civil war to the repressive Taliban and the thunderous U.S..."
3,Oil Eases as Iraq Resumes Exports,"&lt;p&gt;\&lt;/p&gt;&lt;p&gt; By Andrew Mitchell&lt;/p&gt;&lt;p&gt; LONDON (Reuters) - High-flying oil prices eased for a\second session on Monday as Iraq resumed exports from both its\northern and southern outlets after lengthy disruption, despite\fierce fighting in the holy city of Najaf.&lt;/p&gt;"
2,Change on the money,One day after National Hockey League executive vice president and chief legal officer Bill Daly accused the NHL Players Association of engaging  quot;in a charade quot; with regards to negotiating a collective bargaining agreement -- and believes the start of the 2004-05 season is in jeopardy because the union wants to keep status quo -- Bruins owner Jeremy Jacobs said there's ...
1,Toshiba claims Hollywood backing in war for next DVD standard (AFP),"AFP - Toshiba said four major Hollywood studios had thrown their crucial weight behind High Definition DVD (HD-DVD), one of two disc formats contending to be the standard in next-generation DVDs."
3,CVS Same-Store Sales Up 5.4 Percent," NEW YORK (Reuters) - Drugstore chain CVS Corp. &lt;A HREF=""http://www.investor.reuters.com/FullQuote.aspx?ticker=CVS.N target=/stocks/quickinfo/fullquote""&gt;CVS.N&lt;/A&gt; on  Tuesday said October sales at stores open at least a year rose  5.4 percent on higher demand for prescriptions and other  merchandise at its CVS stores."
1,Karzai heading for Afghan victory,"Supporters of Afghan President Hamid Karzai say he is on course to win the presidential elections, with about one-quarter of the votes counted."
3,PeopleSoft gets closer to IBM,"As the threat of a hostile takeover by Oracle rumbles on, PeopleSoft has announced a \$1bn partnership with IBM. Speaking at PeopleSoft #39;s user conference in San Francisco yesterday, the company #39;s chief executive "
4,Suse warns of hole in Linux kernel,"OCTOBER 27, 2004 (TECHWORLD.COM) - Linux distributor Suse has warned of one of the most serious security holes to date in version 2.6 of the Linux kernel, which could allow attackers to shut down a system running 2.6-based software."
3,Vornado Buys 4.3 Pct. Sears Stake,"Vornado Realty Trust said on Friday it has acquired a 4.3 percent stake in the retailer Sears, Roebuck  amp; Co.. Sears #39; stock rose as high as \$45."
2,Warren warned following threat,"CLEVELAND - The NFL gave a warning to Browns defensive tackle Gerard Warren on Friday, a day after he said he would try to hit Pittsburgh quarterback Ben Roethlisberger in the head Sunday."
3,Some Dire Talk From Yukos Lifts Oil Prices,"OSCOW, Sept. 2- World oil prices rose on Thursday after Russia #39;s largest oil producer, Yukos, said a court ruling  quot;paralyzes #39; #39; the company #39;s operations."
1,Pinochet loses immunity: Your reaction,The Supreme Court in Chile has ruled that the former dictator General Pinochet should have his immunity from prosecution removed. A lawsuit was brought by relatives of alleged victims of the military regime Operation Condor.
3,Thomson to Sell Media Group for  #36;350 Mln (Reuters),Reuters - Thomson Corp.  said on Friday it\will sell its media division to investment group Investcorp in\a  #36;350 million cash deal that will tighten its focus on\electronic publishing.
2,Streaking Astros Clock Reds 11-5 (AP),"AP - Astros pitcher Brandon Backe hit his first career homer, a two-run shot, and allowed one run in seven innings to keep Houston in the thick of the NL wild-card chase with an 11-5 rout of the Cincinnati Reds on Monday."
4,"Hurricane center #39;s projection on Charley not far off, data show","FORT LAUDERDALE, Fla. - (KRT) - Despite criticism that it should have better anticipated Hurricane Charley #39;s rapid intensification and quick turn, the National Hurricane Center #39;s forecast wasn #39;t that far off, a preliminary post-mortem shows. "
2,Delaney keen to  quot;put things right quot;,Mark Delaney wants Aston Villa to  quot;stamp their authority on midlands football quot; by finally overcoming Birmingham in Sunday #39;s derby.
1,Iraq commission examines request to delay polls,"BAGHDAD (AFP) - Iraq #39;s electoral commission was due to study a call by top leaders to delay the January 30 polls because of violence gripping the country, as US-led troops continued their anti-insurgency crackdown."
4,Cassini Space Probe Spots Two New Saturn Moons (Reuters),"Reuters - Two new moons were spotted around\Saturn by the Cassini space probe, raising the total to 33\moons for the ringed planet, NASA said on Monday."
1,Restive Maldives eases curfew after rounding up dissidents (AFP),"AFP - A curfew in the capital of the Maldives was eased but parliament sessions were put off indefinitely and emergency rule continued following last week's riots, officials and residents said."
2,Federer back in Open #39;s fourth round with masterful performance,"For most tennis players, having about the same number of clean winners as unforced errors translates into a pretty good performance."
2,Kidd #39;s lack of playing time hurting Nets,Having Jason Kidd available for roughly 20 minutes a night is costing the New Jersey Nets. The New York Knicks took advantage of Kidd #39;s rationed minutes to get back in the game early and then capitalized on 
4,Dell AC Adaptors Recalled,"October 8, 2004 - Dell Inc. is recalling about 2.9 million AC adapters nationwide_ 4.4 million worldwide_ used with notebook personal computers because they can overheat and cause a fire and electrical shock "
3,Southwest makes strong bid for Midway gates,"Southwest Airlines has offered more than \$100 million for part of ATA #39;s operations at Chicago #39;s Midway Airport. If successful, it could torpedo AirTran Airway #39;s efforts to create a hub there."
2,Murphy Acquitted of Sexual Abuse Charges,"Basketball Hall of Fame member Calvin Murphy, left, sits in a courtroom as he waits for the start of closing arguments in his trial Monday, Dec. 6, 2004, in Houston."
4,Success For Spaceship One,MOJAVE -- Burt Rutan #39;s space ship one made its first trip into sub-orbital outer space in pursuit of the \$10 million Ansari X Prize.
1,Ivory Coast facing UN sanctions,"France is pushing to win passage of a UN resolution that seeks an arms embargo and other penalties against the Ivory Coast. France #39;s UN ambassador, Jean-Marc de la Sabliere, hopes for a vote early this week."
1,\$70 Billion Increase in War Funding Sought,"The Bush administration intends to seek the emergency funding for the wars in Iraq and Afghanistan early next year, officials said on Monday."
3,W.T.O. Authorizes Trade Sanctions Against the United States,The World Trade Organization authorized about \$150 million in trade sanctions on the U.S. in retaliation for an import duties law that has been ruled illegal.
2,ALL EYES ON WOODS #39; FITNESS,"With world number one Vijay Singh missing because of Hurricane Jeanne and Masters champion Phil Mickelson another no-show, there was even more attention than usual on Tiger Woods at Mount Juliet in County Kilkenny this afternoon."
1,PM Promotes His Image of Mostly Safe Iraq (AP),AP - It may have seemed odd that interim Iraqi Prime Minister Ayad Allawi felt compelled to spend a few of his precious first minutes at the White House giving reporters a geography lesson.
4,Google takes the competition to school,"While rivals scramble to catch up on the desktop, Google plans to digitize famous libraries. Its official. Google is the most dangerous media company on the planet."
2,Els still has Major ambitions,Ernie Els has another 1.4m and a World Match Play record all to himself. But he wants more. And top of the South Africans agenda for 2005 is to try to win the Masters and US PGA titles.
4,AOL drops Microsoft antispam technology,"com September 16, 2004, 1:15 PM PT. This fourth priority #39;s main focus has been improving or obtaining CRM and ERP software for the past year and a half."
2,Rockets' McGrady Puts on Memorable Finish (AP),AP - Tracy McGrady needed only 35 seconds to turn a sure loss into an improbable win and a listless 20-point night into one of the league's most memorable clutch performances.
4,Stocky Monkey in Himalayas Is a Shy Rarity: A New Species,"Scientists from India working in the Himalayas have discovered a new species of monkey, a stocky, short-tailed, brown-haired creature they have named the Macaca munzala, or Arunachal macaque."
4,Press review,0850CET--The seizure of fake Nike sportswear by the Customs Department was one of the main stories on Wednesday #39;s newspapers. L-Orizzont published 
3,Aisin finishes deal for Michigan land,HANDY TOWNSHIP -- A Japanese auto supplier said Thursday it completed the purchase of about 750 acres of Michigan land for a proving ground.
1,Diverted London Airliner Given All-Clear,"A police search concluded there was no threat to a New York-bound Greek airliner forced to make an emergency landing in Britain following a bomb threat that mentioned Iraq, officers said Monday."
2,Don King Productions Presents:  quot;Battle For Supremacy quot;,"On Saturday November 13th, ten misfits, nomads and upstarts seek to wage war or settle the score at the famed Madison Square Garden in New York, New York."
2,Donald Leads by Two in Dunhill Links (AP),AP - Luke Donald shot a 4-under-par 68 Saturday for a two-stroke lead after three rounds of the Dunhill Links Championship.
4,Fujitsu Siemens profit grows 60 percent,"Fujitsu Siemens Computers (Holding) BV, Europe #39;s largest remaining computer manufacturer, posted a 60 percent leap in profit for the first half of its fiscal year on higher sales of laptops and servers to business customers, the company said Wednesday."
1,Top Senate Dem Calls for Bipartisanship (AP),"AP - Rallying a party stung by presidential and congressional losses, the incoming Senate Democratic leader reminded fellow lawmakers on Saturday of their shared commitment to help the nation."
1,Japanese Utility Plans IPO in October (AP),"AP - Electric Power Development Co., a former state-run utility, said Friday it is planning an initial public offering on the Tokyo Stock Exchange in October, a deal that could be the country's biggest new stock listing in six years."
3,Stronger Sales Boost JC Penney Earnings (Reuters),"Reuters - Department store operator J.C. Penney\Co. Inc.  on Tuesday said third-quarter profit rose 86.3\percent, helped by stronger sales and fewer markdowns."
3,Iraq to spend \$1 billion to expand oil production,"Iraq is planning to spend more than \$1 billion in 2005 to boost its oil production capacity by about 15 percent to 3.25 million barrels a day, an Iraqi official said."
2,Hendrick Motorsports Plane Crash Kills 10 (AP),"AP - A plane owned by the Hendrick Motorsports organization crashed Sunday on its way to a NASCAR race, killing all 10 people aboard, federal officials said. A spokesman for a funeral home where the bodies were being taken said the dead included the son, brother and two nieces of Rick Hendrick, owner of one of the most successful organizations in NASCAR history."
3,Treasuries Slip as Stocks Rally," NEW YORK (Reuters) - U.S. Treasury debt prices slipped on  Monday, though traders characterized the move as profit-taking  rather than any fundamental change in sentiment."
1,Palestinians do not need another tyrant,YASSER Arafat is dead. A so-called moderate is now chairman of the Palestine Liberation Organization. Elections to choose a Palestinian Authority president are scheduled in the West Bank and Gaza for early January.
2,UPDATE 1-Bayern rein in Wolfsburg with Pizarro double,"Bayern Munich reined in Bundesliga leaders Wolfsburg on Tuesday with a 2-0 victory, courtesy of a double strike from Peruvian striker Claudio Pizarro in his first match in a month."
2,A man with a plan,"ATHENS -- Four years ago in Sydney, after the US gymnasts had gone medal-free at the Olympics for the first time in 28 years, federation president Bob Colarossi was sitting at a table, explaining that the turnaround already had begun. The women had moved from sixth to fourth in the world in one year, the men from sixth to fifth. ..."
3,Stocks up in midst of mixed signs,Stocks edged higher Friday as another drop in oil prices helped Wall Street withstand the effects of a disappointing jobs creation report.
2,Defense is chief problem again,The Tampa Bay Buccaneers found a way to beat the Kansas City Chiefs. They simply outscored them.
3,Ford to Repair Faulty Heated Seats in Focus Cars,"Ford Motor Co. said on Wednesday it will fix malfunctioning heated seats in 33,000 Focus cars, two-thirds of which were sold in Canada."
4,Apple offers 2004 financial details,"Apple's latest Form 10-K filing with the Securities and Exchange Commission offers a look at how the company did this past year, how it thinks it's doing and what's to come."
1,Bomb Explosion in Nepali Capital Wounds 38," KATHMANDU (Reuters) - A bomb tore through a government  building under construction in the Nepali capital on Tuesday,  wounding at least 38 people in an attack police suspect was  carried out by Maoist rebels."
4,IBM To Amp Integration with Venetica Buy (NewsFactor),"NewsFactor - IBM (NYSE: IBM) has said it will purchase Venetica, a privately held firm that provides content-integration software to unstructured data sources."
1,Bush Says U.S. Will Push Hard on Peace Plan,"At a news conference with Prime Minister Tony Blair, President Bush said there was a ""great chance"" to create a Palestinian state."
2,NHL Must Determine if It Is Certain About Cost Certainty,"After Gary Bettman was introduced as the commissioner of the National Hockey League 12 years ago, he was handed a fax from Bob Goodenow, the executive director of the players association."
2,American Champion Tim Mack Wins Pole Vault Gold,American champion Tim Mack won the Olympic pole vault title on Friday with a Games record 5.95 meters after an engrossing duel with teammate Toby Stevenson.
2,No. 12 Virginia loses key defensive player,"Charlottesville, VA (Sports Network) - The No. 12 ranked Virginia Cavaliers will be without defensive end Chris Canty for the remainder of the season."
1,Abdullah conveys concerns over violence to Thaksin,KUALA LUMPUR: Malaysia has conveyed to Thai Prime Minister Thaksin Shinawatra its concern over the latest incident of violence in southern Thailand.
3,Gold Fields hit by Q3 rand strength,"JOHANNESBURG (Mineweb.com) -- Gold Fields, the takeover target of smaller rival Harmony, contained its costs on its South African mines during the September quarter."
3,Chavez victory confirmed,"Caracas, Venezuela - The results of an audit support the official vote count showing that President Hugo Chavez won this month #39;s recall referendum in Venezuela, the head of the Organization of American States said Saturday."
2,"Sonics sign Turkish captain, adding veteran leadership","The Sonics signed guard Ibrahim Kutluay yesterday. Terms of the contract were not disclosed, but it is expected to be a two-year deal worth about \$3."
2,Carly Patterson Wins Gymnastics All-Around Gold, ATHENS (Reuters) - Carly Patterson upstaged Russian diva  Svetlana Khorkina to become the first American in 20 years to  win the women's Olympic gymnastics all-round gold medal on  Thursday.
3,Wi-Fi successor is called high-speed hype -- for now,"SAN FRANCISCO -- At virtually every turn, Intel Corp. executives are heaping praise on an emerging long-range wireless technology known as WiMAX, which can blanket entire cities with high-speed Internet access."
4,Date with destiny for private rocketeers,LAS VEGAS - A three-seat rocket plane with stubby wings and a nose studded with round windows will try to blast out of Earth #39;s atmosphere above the Mojave Desert today to qualify for a US\$10 million (\$15.
2,Raiders notes: Gallery appreciates the silence,"Because his name is called infrequently, he is having a solid season as a rookie. By Gregg Bell -- Bee Staff Writer. It #39;s not too late to get into a Fantasy Sports League."
2,Auburn's Obomanu Recalls 'The Drop' (AP),"AP - Ben Obomanu used to be curious about the goats of the sports world, the guys who had the game in their hands and failed. ""Wow, I wonder how that guy feels,"" he'd ask himself. He doesn't have to ask anymore. Not since ""The Drop,"" his own moment of infamy when a chance to beat Mississippi last season slipped through his hands in the end zone, turning his dream game into a nightmare."
3,Social Security Reform a Boon for Funds? (Reuters),"Reuters - The bonanza many believe President\Bush has handed the mutual fund industry with his plans to\reform Social Security may be a mirage, industry leaders said\on Friday."
3,Nikkei Up 2.5 Pct in Afternoon,Tokyo #39;s Nikkei average jumped 2.5 percent by mid-afternoon on Monday as semiconductor-related stocks such as Advantest Corp. mirrored a rally by their US peers while banks and brokerages extended last week #39;s gains.
3,Auto sales rise; Asians gain share,Consumers shrugged off higher gasoline prices and weaker economic conditions to lift new car and truck sales up 2.2 percent in October.
3,Report: Sprint/Nextel reach tentative \$36B deal,A Wall Street Journal report Friday afternoon citing sources on both sides indicated No. 3 Sprint Corp. and No. 5 Nextel Communications Inc.
4,Modified mice help explain nicotine addiction,"WASHINGTON - Researchers in California, using genetically modified mice, say they #39;re closing in on understanding exactly what makes nicotine in tobacco so addictive."
3,"Microsoft plays up growth, dividend","They were preaching to the choir, but Bill Gates and Steve Ballmer still did their best to sell the virtues of Microsoft stock at the company #39;s annual shareholder meeting yesterday in Bellevue."
1,Powell backpedals on Taiwan remarks,US Secretary of State Colin Powell yesterday carefully avoided repeating a suggestion he made earlier this week of an eventual reunification of China and Taiwan.
3,Challenger disappoints with writedown,"The Kerry Packer-backed Challenger Financial Services Group has reported its first net loss since incorporating, impacted by a massive writedown of goodwill."
3,A Painful Mistake,"In a world in which the fortune OF a pharmaceutical company can rise and fall on the strength of a handful of blockbuster drugs, Vioxx was a giant."
3,BT sells off stake in Eutelsat,BRITISH Telecom today announced the sale of its stake in one of the worlds largest satellite companies for 363 million. The telecoms giant said it was offloading its 15.8 per cent holding in Paris-based 
3,"New trade war erupts over Boeing, Airbus","A decades-long struggle between the world #39;s two largest aircraft makers escalated into a new trade war between the United States and Europe, just as France-based Airbus stepped "
3,"Eisner Continues Defense of Hiring, Firing","GEORGETOWN, Del., Nov. 18 -- When Walt Disney Co. chief executive Michael D. Eisner and Disney President Michael S. Ovitz appeared on ""Larry King Live"" on Sept. 30, 1996, their corporate partnership was dissolving into an acrimonious disaster."
2,Australian Bookies Gutted After Betting Splurge,AUSTRALIA - As reported by the Sydney Morning Herald:  quot;The biggest betting plunge in recent memory ensured bookmakers at Randwick were  #39;stripped out #39; of more than \$3 million by Makybe Diva #39;s Melbourne Cup romp yesterday.
2,New Englanders greet the day with wings on their heels,"In a Framingham coffee shop yesterday morning, an elderly man softly asked a customer if he could see her newspaper. When the woman held up the front page, emblazoned with news of the Red Sox victory, the man stared in silence, touched his eyes, and began to cry."
4,More Evidence for Past Water on Mars,"Summary - (Aug 22, 2004) NASA #39;s Spirit rover has dug up plenty of evidence on slopes of  quot;Columbia Hills quot; that water once covered the area."
3,Pickup in US insurance sector sends stocks surging despite higher &lt;b&gt;...&lt;/b&gt;,TORONTO (CP) - A rally in the insurance sector helped take stock markets up sharply - and drove New York #39;s blue chip index to a triple-digit runup - despite higher oil prices and a further slowdown in US consumer confidence.
1,Ivory Coast arms embargo backed,"ABIDJAN, Ivory Coast -- African leaders backed an arms embargo and other immediate UN sanctions against Ivory Coast yesterday, isolating President Laurent Gbagbo's hard-line government even further in its deadly confrontation with its former colonial ruler, France."
1,"Ken Caminiti, 1996 NL MVP, Dies at Age 41","NEW YORK - Ken Caminiti, the 1996 National League MVP who later admitted using steroids during his major league career, died Sunday. He was 41..."
4,U.S. Genetically Modified Corn Is Assailed,A scientific panel of international experts has concluded that the unintended spread of  U.S. genetically modified corn in Mexico poses a potential threat that should be limited or stopped.
3,SBC calling on cable,SBC is teaming up with Microsoft to provide consumers with a new way to view television -- a move that puts it in direct competition with the cable TV industry.
2,Spielman Defends Decisions With Dolphins (AP),"AP - Miami Dolphins general manager Rick Spielman watches home games from the owner's box, which would be the best seat in the house if the team was better."
2,Paterno #39;s real tragedy may be not knowing when to go,"Joe Paterno often has talked about the profound impact that a piece of classic literature has had on his life. While a student at Brooklyn Prep in the early 1940s, he devoured TheAeneid, written by the Roman poet Virgil."
4,"Speak to my right ear, sing to my left",Researchers at the University of California find that the right and left human ears process sound differently: The right ear is better at picking up speech-like sounds and the left is more attuned to music.
3,PepsiCo Reaffirms Its 2005 Outlook,"PepsiCo Inc., the world #39;s second-largest carbonated soft-drink maker, reaffirmed its outlook for 2005 Thursday after rival Coca-Cola Co."
3,American Express sues credit card rivals,"American Express is suing Visa and MasterCard plus eight US banks, claiming anti-competitive tactics kept it out of the market. The litigation is the latest setback for Visa and MasterCard, which last month "
2,RIJKAARD SAVOURS BARCA WIN,Barcelona coach Frank Rijkaard savoured his side #39;s battling qualities after the Catalan giants fought back to beat Deportivo La Coruna 2-1 at the Nou Camp and open up a nine-point lead in the Primera Liga.
3,Telekom Austria taps the Bulgarian market,"Telekom Austria, Austrias largest telecoms operator, obtained access to the relatively underdeveloped East European mobile services market by winning the right to purchase the Bulgarian mobile operator MobilTel for 1.6billion (\$2.12billion)."
3,"Maker of Twinkies Delays Filing Annual Report, Hires Turnaround &lt;b&gt;...&lt;/b&gt;","KANSAS CITY, Mo., Aug. 30 -- Twinkie maker Interstate Bakeries Corp. on Monday delayed filing its annual report for the second time, a move that dragged shares lower by more than 42 percent on speculation about the company #39;s ongoing viability."
2,Browns' Dawson got feet wet with Vinatieri,"The Patriots' Adam Vinatieri and Cleveland's Phil Dawson formed a productive practice pair in 1998. Vinatieri scored a personal-high 127 points in '98, his third NFL season, while Dawson performed as a practice squad player."
3,Rogers Wireless Whistles and Fido Responds,"Its official. Microcell Telecommunications Fido wireless service will be the new dog in Rogers Wireless Communications Canadian kennel, and that puppy wasnt cheap."
4,IBM Says Swamps Rivals in Key UNIX Computer Test,"IBM (IBM.N: Quote, Profile, Research) said on Thursday its workhorse commercial computers have smashed the industry #39;s most demanding tests, which analysts said creates "
2,This silence can't be golden,"What does Larry Bird think of Ron Artest's recent sabbatical? He's not saying. But given that this was a guy who came out of traction to play a game, we can pretty much assume what he has said behind closed doors."
2,Bulls Stomp Cavaliers,Eddy Curry scores 20 points and rookie Ben Gordon adds 21 to lead Chicago to a rare 113-85 lopsided win over Cleveland on Wednesday.
4,Microsoft to launch new search engine,"Software giant, Microsoft Corp., has decided to release beta versions of its updated MSN search engine earlier today. The company hopes to compete against leading search engines such as Google and Yahoo by "
2,"New York Unveils Last, Best Bid to Gain the Olympics in 2012","Leaders of the NYC2012 committee highlighted New York's advantages in multiculturalism, money and media power."
4,Google Debuts Desktop-Search Tool,"It enables people to retrieve E-mail from Outlook and Outlook Express, documents from Microsoft Office, chat sessions from AOL IM, and Web pages viewed with Internet Explorer."
3,Oil Firm After 4 Percent Jump,Oil prices held firm on Friday after leaping almost \$2 a day earlier on news US crude stocks sank to a five-month low last week and distillate fuels barely grew ahead of winter.
2,Security scare as intruder dives in,A CANADIAN husband #39;s love for his wife has led to a tightening of security at all Olympic venues in Athens. 
1,Serb denies siege terror charges,A Bosnian Serb general accused of organising the siege of Sarajevo pleads not guilty to war crimes charges.
2,Jags Turnaround Gives Them AFC South Lead (AP),AP - There are several reasons the Jacksonville Jaguars have gone from 1-6 at this time a year ago to their current 5-2 record. The answer given by most players is just one word: confidence.
2,Indy 500 qualifying changes aimed at regaining interest,"INDIANAPOLIS - The Indianapolis 500 will return to four days of qualifying for next year #39;s race, but with a new format of bumping on each day."
3,Before-the Bell; Rouse Co. Shares Jump," &lt;A HREF=""http://www.investor.reuters.com/FullQuote.aspx?ticker=RSE.N target=/stocks/quickinfo/fullquote""&gt;RSE.N&lt;/A&gt; jumped before the bell after General Growth  Properties Inc. &lt;A HREF=""http://www.investor.reuters.com/FullQuote.aspx?ticker=GGP.N target=/stocks/quickinfo/fullquote""&gt;GGP.N&lt;/A&gt;, the No. 2 U.S. shopping mall owner, on  Friday said it would buy Rouse for \$7.2 billion."
4,AOL Shuns Microsoft Anti-Spam Technology,"Add America Online Inc. to the growing list of companies and organizations shunning a spam-fighting proposal from Microsoft Corp. AOL cited  quot;tepid support quot; for Microsoft #39;s so-called Sender ID technology, which "
2,Canadian Driving Champion Jacques Villeneuve to Join Swiss Team,Former world driving champion Jacques Villeneuve of Canada has signed a deal to drive for the Swiss-based Sauber Petronas Formula One team next season.
2,"Redskins lose, Kerry hopes for win","TAMPA. Fla. First it was the Boston Red Sox World Series win that had John Kerry grinning, now another sports event has him feeling good."
2,"Roundup: Illini men rise to top of AP poll, win game",There was little celebrating when Illinois men #39;s players found out they were ranked No. 1 in the nation yesterday afternoon. There was a game to play at night.
3,"Despite Scandals, Boeing Still Charms Wall Street","Boeing's bottom line continues to fatten, even as its image tarnishes, thanks in part to the consolidation of the defense industry, which has left the Pentagon with few choices for buying weapons, industry analysts said."
3,Sanpaolo and Dexia in merger talks By Reuters - November 18 2004 &lt;b&gt;...&lt;/b&gt;,"Italian bank Sanpaolo and Dexia, the Franco-Belgian group, confirmed they were in preliminary talks after a report that they were considering a merger to create a major cross-border lender."
4,Partnership Connects Wi-Fi Users In The Sky,"Wi-Fi is going sky-high thanks to a deal forged between enterprise Internet service provider iPass and Connexion by Boeing. Under the deal, iPass #39;s 528,000-plus Wi-Fi enterprise customers will "
2,San Antonio (15-3) at Chicago (2-12) 8:30 pm EST,CHICAGO (Ticker) -- Two teams heading in opposite directions meet Monday at the United Center when the San Antonio Spurs visit the Chicago Bulls.
2,Beijing gears up for 2008,"Although the Beijing Olympics is still four years away, the Chinese capital is already gearing up to host the event. The city of over 12 million is refurbishing ancient landmarks in "
2,Red Sox ready to end jinx,"The New York Yankees hold the Curse of the Bambino, the Boston Massacre and their acquisition of Alex Rodriguez in their longstanding dominance over the Red Sox, but recent history suggests changes are coming."
4,Invading Bullfrogs Appear Nearly Unstoppable,"The North American bullfrog population is booming. That may sound like good news, but it isn't #151;not when the frog has leaped far beyond its native habitat."
2,Keane hits two to put Spurs back on track,"Tottenham, in disarray last weekend following the shock resignation of manager Jacques Santini, got their troubled campaign back on the rails last night by putting Championship opponents "
1,"Darfur Rebels Urge Nigeria To Intervene, Kickstart Sudan Peace &lt;b&gt;...&lt;/b&gt;",Rebel leaders from Sudan #39;s Darfur region called on Thursday on Nigeria to intervene and kickstart African Union-sponsored talks on the crisis in the west of Sudan 
2,Time to step up,Charlie Garner didn #39;t come to Tampa to watch the Tampa Bay Bucs offense stumble around like it has in the first two games of this season.
4,All the world #39;s a web page as the Bard goes online,"The earliest editions of Shakespeare #39;s plays provide a fascinating insight into how the playwright reworked his masterpieces over time, but until now, due to their age and "
4,Porn producers face severe punishment,"Those who are engaged in the profit-oriented production and dissemination of pornographic materials through the Internet, mobile communication terminals and  quot;phone-sex quot; services in China are subject to punishment as severe as life imprisonment, according "
3,Cingular Planning Major 3G Wireless Rollout,"Just as the AT amp;T buy helped Cingular move ahead of Verizon Wireless to the top of the industry in terms of size, the new network would likely give it an overall faster network, a distinction most say Verizon can now boast."
3,Saudi setback hurts BAE Systems,"BAE Systems shares slid more than 4 per dcent in early trade after the company, while announcing  quot;good progress quot; on its Eurofighter contracts, admitted further troubles in the controversial al-Yamamah programme."
2,Guyanese Batsmen Lead Windies Into Semis Of ICC Champions Trophy,"LONDON, England, Monday, Sept. 20: The West Indies Cricket squad has secured a place in Wednesdays semi-finals of the ICC Champions Trophy; thanks in large part to Guyanese-born cricketers, Ramnaresh Sarwan and Shivnarine Chanderpaul."
2,"AL Wrap: Indians, Twins Split Unique Doubleheader", NEW YORK (Reuters) - Ben Broussard belted a two-run homer  to give the Cleveland Indians a 5-2 win over the Minnesota  Twins to salvage a split of a unique doubleheader on the final  day of the regular season on Sunday.
4,Scammers Could Hijack Pop-Ups,Security researchers warned this week of a vulnerability in most Web browsers which could potentially allow scammers to launch phishing attacks from pop-up windows on trusted Web sites.
4,Trapeze Software Eases Services Delivery (Ziff Davis),Ziff Davis - Trapeze Networks this week will announce upgrades to its wireless LAN switch software.
1,Sinn Fein Says N.Irish Deal Nears; No Bush Call (Reuters),"Reuters - The leader of Sinn Fein, Northern\Ireland's main Catholic party and the political ally of the\Irish Republican Army (IRA), said Sunday he believed his\Protestant rivals were ready to agree to a peace deal."
3,US unemployment claims slip but picture still murky,NEW YORKFewer Americans lined up to claim first-time jobless benefits last week but analysts said the modest decline said very little about the current state of the labour market. 
2,Brown in line after Livingston sack Preston,"LIVINGSTON have sacked Allan Preston as manager. The former Hearts and St Johnstone defender and his assistant, Alan Kernaghan, were dismissed after a run of seven defeats left the club "
4,IBM embraces grid converts,"On the eve of a grid-computing conference, Big Blue says five companies and the EPA have plans to build grids."
3,Toy Safety Report Released,"checking for them by hand before buying -- because children could choke on them, consumer advocates said in an annual warning on toy safety."
4,New Version Of Google Groups Launched,"Shannon Bauman, Associate Product Manager of Google Groups announced the launch of a new and improved Google Groups. Whether your interests run to knitting or brain surgery, chances are good other people out there share them."
1,"Australia 362-7 v India, third test - close (Reuters)",Reuters - Australia were 362 for seven wickets at the close of play on the first day of their third cricket test against India on Tuesday.
4,SEO #39;s Multiplying Effect on Paid Inclusion,Paid inclusion (PI) has always been a hot potato. It #39;s not quite SEO (define) and not quite search advertising. No one wants to touch it.
3,Pension accounting," In finance, a process that requires a company to estimate the expected future value of a company #39;s pension assets and the expected cost of fulfilling pension and health care obligations to current and retired employees."
4,"SpaceShipOne,take two","The SpaceShipOne team will attempt to win the \$10 million Ansari X Prize on Monday, the 47th anniversary of the start of the first space race when the Soviet Union launched its Sputnik satellite."
1,'Tensions high' in Nigeria state,"Anambra state in Nigeria is tense after gangs set fire to the governor's office and other buildings, local officials say."
2,Mauresmo cruises to straight-set victory,"NEW YORK  No. 2 women #39;s seed Amelie Mauresmo of France advanced to the fourth round of the US Open, defeating No. 31 seed Maria Vento-Kabchi 6-2, 6-0 Friday."
2,Florida Linebacker Charles Charged (AP),AP - Florida linebacker Taurean Charles was charged with aggravated battery and culpable negligence-infliction of injury Wednesday from a fight at an off-campus party in June.
3,"PeopleSoft gives in to Oracle, takes bid","PeopleSoft Inc. capitulated to Oracle Corp., accepting a sweetened \$10.3 billion takeover offer to end an 18-month battle that pitted PeopleSoft against its investors and led to the ouster of its chief executive."
2,Miller Wins Giant Slalom After Maier Falters,Bode Miller won his fifth victory of the World Cup season in a giant slalom on Sunday after the three men ahead of him all faltered.
4,Chicken Genome Should Boost DNA Research,"A red jungle fowl is seen in this undated handout photo. Researchers have assembled the genome sequence of the Red Jungle Fowl, the ancestor of all domestic chickens."
3,A Pair of Dethroned Kings,"In the early 1980s, Sears and Kmart were American retail giants, with gobs of money, huge portfolios of real estate and loyal customer bases that should have made them fast-growing fulfillers of Americans #39; insatiable demand for more stuff."
3,MCI Reports \$3.4 Bln Third-Quarter Loss,"MCI Inc. #39;s (MCIP.O: Quote, Profile, Research) quarterly loss ballooned to \$3.4 billion as the No. 2 US long-distance company wrote down the value of its assets due to "
3,UPDATE: NZ Auckland Airport FY Net Surges On Travel Boom,"WELLINGTON (Dow Jones)--New Zealand #39;s Auckland International Airport Ltd. (AIA.NZ) Thursday posted double digit annual profit growth, buoyed by a surge in passenger travel, and said it expects to meet market consensus for the 2005 fiscal year earnings."
2,"Sutton Adds Haas, Cink to Ryder Cup Team", MILWAUKEE (Sports Network) - U.S. Ryder Cup captain Hal  Sutton finalized his team on Monday when he announced the  selections of Jay Haas and Stewart Cink as his captain's picks.
4,Examining Earth's Primordial Soup,How did the first amino acids form the first peptides? It is the important question that may point the pathway towards understanding the primordial soup. Researchers now suggest that the binder for linking together building blocks may have been volcanic gases -- or carbonyl sulfide.
1,"UN, ending mission, says some human rights improvement Sudan's Darfur region (Canadian Press)","Canadian Press - AL-FASHER, Sudan (AP) - Security has improved inside camps in Sudan's violence-torn Darfur region, but displaced villagers still face attacks and abuse when leave the camps, a United Nations team said Saturday, wrapping up a mission that could determine whether Sudan is hit with international sanctions."
2,Rehhagel runs into adoring Greeks in Germany,"Otto Rehhagel, the German who led Greece to an upset win at Euro 2004, is amazed how many adoring Greeks there are in every corner of the world and how hard it is to pay for anything when he meets the grateful fans."
1,Weah returns to Liberia,Liberian legend George Weah returns to Liberia to launch his bid for the country's presidency.
1,Halliburton leading contender in construction of British aircraft carriers: report (AFP),"AFP - Halliburton, the oil services giant once run by US Vice President Dick Cheney, has emerged as a leading contender to manage the construction of two British aircraft carriers, The Sunday Telegraph said."
1,British Re-Enact Charge of Light Brigade (AP),"AP - Britain's Prince Philip and saber-waving cavalry re-enactors commemorated the charge of the Light Brigade on Monday, 150 years after the doomed British assault against Russian cannons in a Crimean War battle immortalized by the poet Alfred Lord Tennyson."
4,PeopleSoft goes a bundle on IBM,"'Most Significant Enterprise Applications Alliance in History,'it sez here..."
3,Virgin wishing for Melbourne,"Sir Richard said yesterday Melbourne was on his wish list, with flights to London possibly through Hong Kong or Bangkok. The British billionaire landed in Sydney yesterday aboard Virgin Atlantic #39;s inaugural Australian flight."
3,Time warner in \$600m setttlement,"Time Warner is to announce today that it will pay between \$500 and \$600 million to settle federal investigations into irregularities at America Online, according to reports in the American press."
3,Ex-WorldCom CEO Wants Witness Immunity (Reuters),"Reuters - Lawyers for former WorldCom  Chief\Executive Bernard Ebbers are seeking immunity for two witnesses\who they believe could clear their client of fraud charges\related to the company's  #36;11 billion accounting scandal,\according to court papers filed on Wednesday."
2,Glazer could bid for Manchester United this week: reports,"LONDON : US sports tycoon Malcolm Glazer could launch a takeover bid for English football giants Manchester United this week after securing financing and making contact with the club #39;s largest shareholders, newspapers here reported."
1,Sharon acknowledges ignoring road map,"Prime Minister Ariel Sharon acknowledged that Israel was not following the moribund Mideast peace plan, and said an Israeli pullout from the Gaza Strip was unlikely to revive it, according "
3,Monti gives Abbey takeover green light,European Competition Commissioner Mario Monti has given the green light to the UK8.75bn takeover bid by Spain #39;s Santander for the UK #39;s Abbey National.
2,"Brand, Clippers Clobber Pacers","INDIANAPOLIS, Nov. 10 (Ticker) -- The Indiana Pacers were looking for a first. The Los Angeles Clippers accomplished one. Elton Brand had 19 points and a season-high 16 rebounds as the Clippers pounded the Pacers, 102-68."
2,"NFL Fines Saints' Gleason  #36;5,000 for Punch (AP)","AP - Steve Gleason of the New Orleans Saints was fined  #36;5,000 by the NFL on Wednesday after being thrown out of last week's game with Carolina for punching the Panthers' Kemp Rasmussen at the end of a kickoff return."
4,Sony Burner For Mac Users,Sony has introduced a Mac compatible external double-layer dual-format DVD drive. The DRX-710UL-T comes with Roxio #39;s Toast 6 Lite software and will be available next month.
4,Adobe Services Now Via Yahoo!,"Adobe Systems and Internet provider Yahoo! have announced a tie-up aimed at providing consumer services to Internet users. The two companies will introduce integrated products that feature Adobe services, increase the reach of Yahoo!"
2,Efficient Germany Sweep Past Japan,Two goals from Miroslav Klose helped Jrgen Klinsmann #39;s experimental Germany side breeze to a 3-0 win over Japan in Yokohama this afternoon.
2,Silvestre #39;s double goals help Man. United beat Liverpool,Silvestre became Man. United #39;s hero as he scored twice to lift a 2-1 victory over Liverpool for home side when all eyes were on Rio Ferdinand as he returned after an eight-match ban on Monday.
2,Living legends left their marks,"PASADENA, Calif. -- The first football meeting between Michigan and Texas in yesterday's Rose Bowl brought together two coaching legends -- Bo Schembechler and Darrell Royal ."
4,Drive maker files counterclaims in patent suit,Cornice blasts Seagate's suit over patents for tiny hard drives used in portable gadgets.
1,UN #39;s Kofe Annan Calls Iraq War Illegal,United Nations Secretary General Kofi Annan said this week that the US war in Iraq is illegal and questioned whether the country could hold credible 
3,US commercial crude oil reserves rise slightly,"US commercial crude oil inventories increased 800,000 barrels to 292.3 million in the week ending Nov. 12, the Energy Department reported Wednesday."
3,Guilty Plea Seen in Computer Associates Case,"Steven Woghin, the former general counsel of Computer Associates, will plead guilty to criminal charges."
3,"Seattle Times business columnist admits plagiarism, resigns","A business columnist has resigned from the Seattle Times after admitting he plagiarized the work of other journalists, said the newspaper."
3,US Treasuries slip lower ahead of new supply,Treasuries slipped lower on Monday as investors positioned themselves to absorb \$51 billion of new supply this week ahead of an expected Federal Reserve increase in official interest rates.
4,News: US cracks down on spam mountain,"John Ashcroft, the attorney General of the US, is expected to announce on Thursday dozens of lawsuits against alleged spammers following a low key campaign against the practise across the US.\"
3,A Taste of Yum! Wins the World Over,Strong international sales growth and solid U.S. comps propel the company's stock to its highest price ever.
2,Woman drops sexual assault suit vs. Colorado,One of the three women suing the University of Colorado for what they said was the school #39;s failure to protect them against sexual assault by football players has dropped her federal lawsuit.
1,Suicide Bomber Kills 21 Iraqi Troops," BAGHDAD (Reuters) - A suicide car bomb hit a bus carrying  Iraqi National Guards on Sunday, killing 22 people in the  deadliest attack of its kind in nearly four months on Iraqis  cooperating with U.S. forces to secure a Jan. 30 election."
1,Gangs on Prowl in Storm-Wracked Haiti (AP),"AP - Victims who lost relatives, homes and belongings in Tropical Storm Jeanne are now tormented by street gangs who attack food convoys, raid homes at night and shoot those who get in their way."
4,"Gates, Ballmer pay holds at about \$900,000","Paychecks stay the same for the top two, but compensation changes for other Microsoft workers as stock grants replace options."
1,LIVE: prime minister #39;s questions,"Despite Alan Milburn holding his first press conference as Labour #39;s election strategist yesterday, it #39;s unlikely Tony Blair will be able to escape the shadow of Iraq at today #39;s session of PMQs."
3,Philippine President Says Country Faces Fiscal Crisis,Philippine president Gloria Arroyo warned that her country is in the midst of a fiscal crisis. A report by economists at the University of the Philippines said the country faces economic collapse 
4,Action Game 'Halo 2' Sold Early on EBay (AP),"AP - Advance copies of the aliens-versus-space marines video game ""Halo 2"" have already fetched as much as  #36;265 on Internet auction site eBay, days before the official launch."
1,Row over Australian army photo,A picture of Australian troops dressed as members of the Ku Klux Klan stirs accusations of racism.
4,Is Google working on a web browser!,"After coming up with Gmail and Google News, rumours are rife that search engine Google is now working on a web browser, reports BBC."
2,Track heads in the right direction,RENAULT #39;S Formula One team boss Flavio Briatore paid the Shanghai International Circuit the greatest compliment when he said yesterday:  #39;It #39;s going to be difficult to beat this one.
1,Rebel Attacks Hit Baghdad as Rumsfeld Visits Iraq,A rocket attack and suicide car bombing killed at least four people in Baghdad Sunday as Defense Secretary Donald Rumsfeld began an unannounced visit to Iraq to gauge efforts to calm violence before January elections.
4,Astronaut Candidates Practice Survival Skills,"By SARA LEITCH     BRUNSWICK, Maine (AP) -- Astronauts spend years training before they can lift off into space. They learn to operate shuttles, perform experiments in zero-gravity, and eat bugs if they must..."
1,Cricket: Dubai global academy,The International Cricket Council are to open a global cricket academy designed to improve standards of lesser nations.
4,Texas Instruments Plans Buyback (Reuters),"Reuters - Texas Instruments Inc., the\largest maker of chips for cellular phones, on Thursday said it\plans to buy back  #36;1 billion in stock and boost its quarterly\dividend by more than 17 percent, becoming the latest\technology company to return extra cash to investors."
2,Golovin and Dechy lead France into Fed Cup final,MOSCOW (AFP) - Tatiana Golovin and Nathalie Dechy led holders France to a 5-0 mauling of Spain to set up a Fed Cup final clash against Russia.
4,NASA confident of debris solution,"Six months before NASA plans to return the shuttle to space, officials think they #39;ve essentially solved the problem that doomed Columbia in 2003 -- debris coming off its fuel "
4,Google's New PC Search Tool Poses Risks (AP),"AP - People who use public or workplace computers for e-mail, instant messaging and Web searching have a new privacy risk to worry about: Google's free new tool that indexes a PC's contents for quickly locating data."
2,Smith saves United,"LONDON, Aug. 28. - Alan Smith scored a late equaliser for Manchester United today as the side tied 1-1 at Blackburn. Sir Alex Fergusons side looked headed for their second Premier League defeat of the "
2,Schumacher escapes high-speed practice crash,"SAO PAULO, Oct 23 (AFP) - World champion Michael Schumacher was involved in a high-speed crash in Saturday #39;s practice for the Brazilian Grand Prix."
4,Survey finds  #39;web withdrawal #39;,"NEW YORK: Nearly half of US Internet users say they could not go without the Web for more than two weeks, with many suffering  quot;withdrawal quot; symptoms while offline, according to a recent survey."
1,450 Colombian Paramilitaries Disarm (AP),"AP - Some 450 right-wing paramilitary fighters left Colombia's crowded battlefields, turning in their weapons and asking society to let them back into its fold."
3,"Alcoa Profit Hurt by Labor, Storm Costs","Alcoa Inc. (AA.N: Quote, Profile, Research) , the world #39;s biggest aluminum producer, posted only slightly better quarterly earnings on Thursday, as higher metal prices were "
3,Casino owners team up in Macao,MACAO Publishing  amp; Broadcasting said Tuesday that it had bought a stake in Stanley Ho #39;s latest gambling project in Macao as Asia #39;s two leading casino operators team up to expand in the region.
4,Google launches mobile messaging service,"Putting some truth to the rampant rumours that Google was getting into the instant messaging business, the company has announced the beta test release of Google SMS, the mobile phone equivalent of IM."
1,Iraqi Leader Thanks U.S. in Speech to Congress,"Offering a simple, ""Thank you America,"" Iraqi interim Prime Minister Ayad Allawi declared Thursday that his country is succeeding in its effort to move past the war that ousted Saddam Hussein."
1,Iran official warns of NPT pull-out if West presses,"Iran will pull out of the nuclear Non-Proliferation Treaty (NPT) and develop its atomic programme in secret if Western nations threaten or put pressure on Tehran, a senior Iran diplomat was quoted as saying on Wednesday."
2,"No. 13 LSU 51, Mississippi State 0",Alley Broussard ran for a career-high three touchdowns in the first 17 minutes and No. 13 LSU held Mississippi State to seven first downs and 130 yards in a 51-0 victory Saturday.
1,Death bell tolls for Russia's Yukos oil giant (AFP),"AFP - Russia's Yukos does not begin the week teetering on the edge of ruin where it has been for months now. The oil giant is flat on its back, gasping for its last breaths of air."
1,Second Prisoner Abuse Report Expected,"WASHINGTON - Inattention to prisoner issues by senior U.S. military leaders in Iraq and at the Pentagon was a key factor in the abuse scandal at Abu Ghraib prison, but there is no evidence they ordered any mistreatment, an independent panel concluded..."
4,SmartPhones Get Smart,"In an attempt to become more useful, US researchers are developing new smartphone software which watches users calling and usage patterns and tries to learn how best to help."
1,Security Council group named,"The UN has chosen Argentina, Denmark, Greece, Japan and Tanzania as the five states to become non-permanent members of the Security Council next year."
1,Football: Spanish FA apologises,The Spanish FA apologises to its English counterparts following racist chanting.
4,Nonnative Goats Bunking at Yellowstone (AP),"AP - A new study shows mountain goats are taking hold in Yellowstone National Park, but park officials aren't sure how to handle the presence of the nonnative animals."
3,"Independent directors demanded Black #39;s resignation, investor says","Catalyst Fund General Partner I Inc., a disgruntled shareholder of Hollinger Inc., claimed yesterday that the company #39;s independent board members have demanded the resignations of Conrad Black, his wife and other insiders -- a charge disputed by the "
3,Fed Raises Interest Rate to 2.25 Percent (Reuters),Reuters - The Federal Reserve raised U.S.\interest rates on Tuesday by a quarter-percentage point for the\fifth time this year and said it will keep gradually lifting\them from rock-bottom levels to forestall inflation.
4,Vonage Awash in Venture Capital,VoIP (define) upstart Vonage has quickly amassed another \$105 million from venture capitalists and is looking to Latin America and Asia to accelerate an already torrid growth rate.
3,"Eurozone data to confirm slumping confidence, easing inflation","BRUSSELS (AFP) - Eurozone figures due out this week will confirm that confidence is slumping due to high oil prices and the rise of the euro, and that inflation is easing, economists said."
1,5 dead in Dubai airport accident,"DUBAI - A steel mesh wall collapsed on workers building a multi-billion-dollar extension to Dubai #39;s international airport yesterday, leaving five dead and 12 injured, authorities said."
2,Singh rules world that is yet to embrace him,"On Monday, the newly crowned No. 1 walked into a room to face the world #39;s golfing media, having just shot down Tiger Woods in the final round of the Deutsche Bank Championship near Boston."
1,Iran Seeks to Amend Nuclear Freeze Deal (AP),"AP - Iran sought on Wednesday to partially roll back its commitment to freeze all uranium enrichment programs, demanding the right to run some equipment that can be used to produce nuclear arms."
4,Launcher eyes shuttle succession,"Boeing's huge Delta 4-Heavy rocket, set for lift-off on Saturday, may play a role in life after the space shuttle."
3,Parts pinch shuts down Ford plant,"Workers at the Ford plant in Hapeville are getting a second unexpected day off during the dog days of summer. The company has stopped assembly-line production at the plant today because of a continued parts shortage, a Ford official said."
2,Socceroos lead at break,The Socceroos lead the Solomon Islands 4-0 at half-time in their Confederations Cup qualifier in Honiara. A double from midfielder Josip Skoko and strikes to Ante Milicic and the impressive Brett Emerton have 
1,Changes to Nigeria union bill,"The Nigerian senate passes a bill  to curb the power of the trade unions, but amends the no-strike clause."
3,Final edition for a respected Asian newsweekly,"HONG KONG The Far Eastern Economic Review, an often incisive newsweekly for more than half a century, will become a monthly opinion magazine in December, and virtually all of its employees will lose their jobs, Dow Jones announced on Thursday."
4,mmO2: i-mode launch looks certain,"mmO2 and NTT DoCoMo are reportedly planning to launch a UK i-mode mobile service. November 26, 2004 4:35 PM GMT (Datamonitor) - The much-touted tie-up between NTT DoCoMo and mmO2 to bring i-mode mobile content to the UK looks to be a done deal."
4,Disney takes sides in battle for next generation DVD (AFP),"AFP - Hollywood movie powerhouse Walt Disney has taken sides with Japan's Sony Corp. in a bitter battle between studios to define a technical standard for next generation DVDs, it said."
4,"Infocus: Detecting Worms and Abnormal Activities with NetFlow, Part 2","This paper discusses the use of NetFlow, a traffic profile monitoring technology available on many routers, for use in the early detection of worms, spammers, and other abnormal network activity in large enterprise networks and service providers. Part 2 of 2."
1,"Pakistan Says Militants on the Run, Despite Blast"," NANO, Pakistan (Reuters) - Pakistani forces are driving al  Qaeda-linked militants out of mountains near the Afghan border  but attacks such as a bomb that wounded soldiers on Saturday  could not be ruled out, a commander said."
4,New I.B.M. Report Will Warn of Computer Security Threats,I.B.M. plans to begin releasing a monthly report of threats to computer networks in an effort to establish an indicator similar to the federal governments Homeland Security Advisory System.
3,Shares of Large Drug Makers Fall, NEW YORK (Reuters) - Shares of large drug makers fell on  Thursday after a top U.S. cardiologist questioned the safety of  new arthritis drugs and the performance of U.S. regulators in  monitoring drug safety.
3,Setback for asbestos settlement at ABB,"ABB said it was aware of the ruling, but remained confident that a settlement would be reached. ABB is naturally surprised and disappointed at todays decision, but remains confident that it can resolve."
4,Hall of Shame   Hall of Fame,We spotlight people and products that pester us...and the heroes saving us from annoyances.
1,"For Many Airline Pilots, the Thrill Is Gone","While pilots still feel in command in the air, they increasingly are feeling slighted on the ground, as airlines extract salary and benefits concessions from them."
1,Cowboys Defeat Redskins 21-18,"LANDOVER, Md. - Bill Parcells celebrated the touchdown with a big smile and his fist thrust high in the air..."
3,"Dollar #39;s Fall Is a Wake Up Call #39; for Nations, IMF #39;s Rajan Says","The decline of the US dollar is a signal that policy makers need to do more to ensure the currency #39;s depreciation won #39;t hurt global growth, International Monetary Fund chief economist Raghuram Rajan said."
4,Teenage T. rex's monster growth,Tyrannosaurus rex achieved its massive size due to an enormous growth spurt during its adolescent years.
3,IBM  #39;to sell PC business #39;,IBM is reportedly in talks to sell its personal computer business. It would mark the end of an era for the company that brought the computer into the mainstream when it began selling its desktop PC to corporations and consumers in 1981.
4,One in four servers to run Linux by 2008,"In a report, the research firm painted a bright future for the open source operating system, claiming that shipments of servers running Linux -- and revenues from those shipments -- will rise significantly over the next five years."
4,Mammoth toxic algae bloom sighted off Washington state coast,"SEATTLE - A toxic algae bloom 30 miles wide has been detected 15 miles off the northwest coast of Washington state, the largest and most potentially lethal yet found by scientists in the region."
4,PeopleSoft revises third-quarter profit,Oracle target adds \$2.6 million to bottom line after tax adjustment related to ex-CEO's severance package.
2,Yankees' Brown Has Successful Surgery,Kevin Brown had successful surgery on his broken left hand Sunday and vowed to pitch again for the Yankees this season.
1,Japanese rescuers grapple with rocks to retrieve girl from quake &lt;b&gt;...&lt;/b&gt;,TOKYO - Rescuers grappled through mud and rocks for a second day Thursday in the hope of finding a three-year-old girl trapped in a crushed car since Japans killer earthquake last weekend.
4,JBoss 4.0 Released,"JBoss, the self-proclaimed Professional Open Source company, released JBoss Application Server 4.0 today. The announcement follows closely behind the announcements of JBossCache 1.1 and the company #39;s new partnership with Sleepycat Software."
2,A win worth a Calypso or two,"London, September 26: Just the way the Brazil is synonymous with soccer and Tom with Jerry, West Indies cricket has always been synonymous with fast bowlers, with batsmen who had more flair than wood in their willows; and with calypso."
2,SportsNetwork Game Preview,(Sports Network) - Tim Wakefield tries for his first win in three starts this evening when the Boston Red Sox continue their three-game series with the Tampa Bay Devil Rays at Fenway Park.
2,Dream team,"In March, when his free agency tour stopped here, five-time Pro Bowl safety John Lynch got a glimpse of the formula that has the New England Patriots poised to establish an NFL record for consecutive victories and become just the second team to win three Super Bowls in four years. Lynch ultimately signed a few days later with ..."
3,Rules for Overtime Pay To Take Effect Monday,Employers and workers are confused by eligibility and classification of the new regulations.
2,"Red Sox, Schilling roll on",BOSTON - The Boston Red Sox put themselves in great position for a run at the AL East-leading New York Yankees with a great homestand.
4,ICANN Gives Preliminary OK to 2 Domains,"NEW YORK Dec 13, 2004 - The Internet #39;s key oversight agency gave a preliminary nod Monday to new domain names targeting mobile services and the jobs market."
2,Cardinals to Play Broncos,"Boise State accepts a bid Tuesday to play Louisville in the Liberty Bowl on Dec. 31, in a matchup of the nation's top two offenses."
2,Seattle Sunset,"The Seattle Storm raced to hot starts in both the first and second halves and never looked back, using the momentum to win their first WNBA world championship."
4,Getting with the program,"Microsoft, the behemoth Redmond, Wash., software company lurking over the computing world, Nov. 11 released a  quot;beta, quot; or test, version of its online search service."
4,Echoes Repeats Success,"Don't junk that GameCube: Metroid Prime 2 provides gorgeous atmosphere, a sweet score and fun gameplay to create a winner. By Chris Kohler."
2,France surges into Fed Cup final,"Defending champion France surged into the Fed Cup final, completing a 5-0 sweep of Spain on Thursday behind singles victories by Nathalie Dechy and Tatiana Golovin."
2,"Couch, Gildon, Levens Among NFL Cuts (AP)",AP - Tim Couch's stay in Green Bay was short and unproductive.
1,Study: Few Americans Buy Drugs Online,"NEW YORK - Only 4 percent of Americans have ever used the Internet to buy prescription drugs - and even fewer do so through foreign pharmacies - despite Web sites maintained by a handful of states to help citizens import medicines more cheaply from Canada, a new study finds.    A majority - 62 percent - believe drugs bought online are less safe than those purchased from a local pharmacy, accepting the federal government's stated concerns in opposing drug imports, the Pew Internet and American Life Project said in a report Sunday..."
3,WR Grace Is Likely to Face Indictment in Montana Case,"By Bloomberg News. WR Grace  amp; Company, a producer of chemicals and building material that filed for bankruptcy protection in 2001 amid thousands of asbestos-related claims, said yesterday "
1,Thirteen people killed in power plant explosion in Hebei,Thirteen people were killed and one seriously injured in an explosion at a power plant in Wu #39;an City in north China #39;s Hebei Province when the plant began trialoperation on Thursday afternoon.
2,Reeling Pack sends McKenzie to New Orleans,"Green Bay #39;s front office apparently had seen enough of cornerback Mike McKenzie. His holdout and mystery hamstring injury, which had kept him out of the past "
2,Astros Beat Rockies to Keep Wild-Card Lead (AP),"AP - Jeff Bagwell hit a two-run homer and the Houston Astros overcame a sloppy start, remaining atop the NL wild-card standings with a 4-2 victory over the Colorado Rockies on Friday night."
2,NFL Game Summary - Detroit at Jacksonville,"Jacksonville, FL (Sports Network) - David Garrard hooked up with Jimmy Smith for a 36-yard touchdown pass 5:28 into overtime to lift Jacksonville over Detroit, 23-17, in a wild affair at Alltel Stadium."
3,Stocks Flat After Greenspan Testimony, NEW YORK (Reuters) - U.S. stocks were flat on Wednesday  after Federal Reserve Chairman Alan Greenspan said the economy  had recovered from its soft patch and a number of companies  warned about their earnings.
4,U.S. to Allow Some Telemarketing 'Robo Calls'," WASHINGTON (Reuters) - Telemarketers will be able to use  prerecorded ""robo calls"" to stay in touch with established  customers starting next week -- at least for the short term,  U.S. regulators said Friday."
1,US Hostage Apparently Beheaded,(CBS/AP) A video posted on an Islamic Web site Monday shows the apparent beheading of a man identified in the tape as American construction contractor Eugene Armstrong.
1,Next Big Hit at the Modern: Its Reopening,The buzz over the greatly enlarged museum is expected to turn into a cacophony on Saturday.
2,Kim Captures 1-Shot Win at Longs Drugs (AP),"AP - Christina Kim made a charge on the back nine Sunday, shooting a 6-under 65 at the Longs Drugs Challenge for a one-shot victory over Karrie Webb and her first LPGA win."
2,Marshall carries W. Va. to victory,"The senior quarterback rushed for 110 yards, threw for a touchdown and even punted a quick kick in the Mountaineers #39; 31-19 victory over Connecticut last night."
1,Second Beheading Reported (Los Angeles Times),"Los Angeles Times - BAGHDAD  #8212; Militants said Tuesday that they had beheaded a second American hostage in as many days and threatened to kill a British captive, increasing pressure on President Bush and British Prime Minister Tony Blair to confront a recent wave of kidnappings of foreigners in the Iraqi capital."
3,Hit animated films boost Pixar,"Pixar Animation Studio reported on Thursday strong third-quarter results that were lifted by solid home video sales of its older blockbuster hits  quot;Finding Nemo #39; #39; and  quot;Monsters, Inc."
1,Car Crashes Into Japan Parliament Gate -Jiji (Reuters),"Reuters - A car crashed into a gate of Japan's\parliament building in central Tokyo on Thursday and caught\fire, Jiji news agency said."
3,Nortel Downsizes Again,"Aug. 23, 2004 (TheDeal.com) Problem-plagued Nortel Networks Corp. announced plans Thursday, Aug. 19, to eliminate an additional 3,500 jobs and fire seven more senior executives as the company labors to reinvent "
2,Times to Scrap Broadsheet Edition,"The Times is to scrap its broadsheet edition and go tabloid from Monday, it was confirmed today. The decision was made after a trial run of the compact edition proved a success, said editor Robert Thomson."
1,French Students Face New Head Scarf Ban,"PARIS - Millions of French students returned to school Thursday as a new law that bans Islamic head scarves from classrooms went into effect amid demands by Islamic radicals holding two French hostages in Iraq that the law be scrapped.    Muslim leaders in France, who had largely opposed the law, urged calm for the return to class..."
3,Update 2: Oracle Poised to Pounce on PeopleSoft,"Bolstered by investors, Oracle Corp. appears destined to complete its long-sought takeover of PeopleSoft Inc. unless its rival becomes more profitable and proves it #39;s worth more than the \$9.2 billion bid currently on the table."
4,Hope Fades for Saving 2 Boys Stuck in Mexico Cave (Reuters),Reuters - Hopes of rescuing two small boys\trapped for five days in a jungle cave faded fast on Friday\after contact was lost with the brothers and as the cavern\flooded in overnight rains.
1,Bereft Indian pilots leaving Andamans are saluted by air force (AFP),AFP - The Indian air force saluted pilots who rescued hundreds on the remote Nicobar islands despite losing family and colleagues when their base was destroyed by last week's deadly tsunami.
3,Cardinal Picks a Lilly,Cardinal Health's deal with Lilly suggests the new fee-for-service model is gaining traction.
2,Dissecting the NHLPA #39;s proposal for a new CBA,A closer look at the new offer from the NHL Players #39; Association: Rollback: The whopping 24 pay cut on all existing player contracts is a monstrous concession.
4,How to take the perfect penalty,A sports psychologist says how footballers should prepare themselves for the high-pressure penalties.
1,Israel strikes before Gaza vote,ISRAEL killed two Islamic Jihad militants in the Gaza Strip yesterday as Ariel Sharon and his cabinet finalised a bill to withdraw from Gaza.
1,Mexican columnist murdered,A prominent Mexican journalist known for his reports on organised  crime is killed on the US border.
4,"Search providers seek video, find challenges","Internet search providers are reacting to users #39; rising interest in finding video content on the Web, while acknowledging that there are steep challenges that need to be overcome."
4,Longhorn announcements barely a blimp on IT radar,"While developers are naturally curious over tweaks to the Longhorn road map, many IT administrators barely take notice. Enterprise IT customers typically lag at least "
2,"Serena Williams, Sharapova reach quarterfinals",Serena Williams struggled before finding her game Wednesday and reached the China Open quarterfinals with Wimbledon champion Maria Sharapova.
2,Jacobson Lifts Ryder Cup Hopes with Sparkling 65, MUNICH (Reuters) - Sweden's Fredrik Jacobson made his bid  for a last-gasp Ryder Cup spot with a spectacular  seven-under-par 65 in the BMW International Open second round  on Friday.
2,Careening Indians Fall,"Slumping Cleveland lost a three-run lead while Derek Jeter homered and stole two ninth-inning bases as New York sent the Indians to their ninth consecutive loss, 5-4, Tuesday."
4,Verizon Wireless Offers AOL Mail,"Verizon Wireless has launched AOL Mail, a move that will give its Get It Now customers, who are AOL members, wireless access to their e-mail."
3,Lowe #39;s Forecast Hammers Stock,"Home improvement retailer Lowe #39;s Cos. (LOW.N: Quote, Profile, Research) on Monday reported a 15 percent rise in third-quarter profit, aided by its expansion to New York "
4,Web Sites Keep Tabs on Campaign Giving,"As a Washington journalist during the 90s, I made frequent treks to the Federal Election Commission to inspect cabinets full of campaign-finance reports to find out who was giving to whom."
3,Nigerian Senate approves \$1.5 bln claim on Shell,"LAGOS - Nigeria #39;s Senate has passed a resolution asking Shell #39;s Nigerian unit to pay \$1.5 billion in compensation to oilfield communities for pollution, a Senate spokesman said."
1,Explosions Echo Throughout Najaf,"NAJAF, Iraq - Explosions and gunfire rattled through the city of Najaf as U.S. troops in armored vehicles and tanks rolled back into the streets here Sunday, a day after the collapse of talks - and with them a temporary cease-fire - intended to end the fighting in this holy city..."
4,It #39;s Time for Tech Firms to Bet on Growth,Industry leaders have been offering too few innovations and too many marginal upgradesat not-so-marginal prices. There #39;s a joke going around that our lives have become so boring that we #39;ve taken up watching people play cards on TV.
2,Drew Out of Braves' Lineup After Injury (AP),AP - Outfielder J.D. Drew missed the Atlanta Braves' game against the St. Louis Cardinals on Sunday night with a sore right quadriceps.
4,Video game leaked on Internet,"Halo 2, one of the most anticipated video games of the year, got an early release date, but not the way fans or its publisher, Microsoft, had hoped."
1,Turkey Faces Long Road to EU Membership,The European Commission #39;s cautious recommendation that Turkey begin membership negotiations puts the country a step closer to realizing its dream of joining Europe -- but 
2,NL Wrap: Edmonds Double Strike Lifts Cards Over Padres, NEW YORK (Reuters) - Jim Edmonds belted two solo homers to  lead the host St Louis Cardinals to an easy 9-3 win over the  San Diego Padres in National League action at Busch Stadium  Tuesday.
4,Measures Aim to Stem Middle East Bird Slaughter (Reuters),Reuters - Conservationists launched a\three-year project on Tuesday to protect millions of migrating\birds which are indiscriminately targeted by hunters in North\Africa and the Middle East.
2,Junqueira beats Bourdais to take Lexmark Indy 300,"The race for the Champ Car drivers #39; title is going to Mexico City in two weeks. Bruno Junqueira won yesterday #39;s Lexmark Indy 300 ahead of teammate Sebastien Bourdais, stalling Bourdais #39; run to the 2004 championship "
2,Bettman stands firm in dispute,NHL commissioner Gary Bettman has again dismissed proposals by the players #39; union for a luxury tax as the sport #39;s lockout continues.
2,SC to hear Zee petition tommorrow,Five judges of the top court will hear a petition filed by Zee Telefilms on Tuesday. A three-judge panel of the Supreme Court said a five-judge bench would hear the dispute that threatens the rights of India #39;s 
1,Family make plea for Iraq Briton,The family of a Briton held hostage in Iraq have issued an emotional plea for his release as the deadline approaches. Philip Bigley said his brother Ken regarded the Arab world as his  quot;home from home quot; and 
1,Stability Control Systems Can Save Lives (AP),"AP - Stability control systems could save up to 7,000 lives each year if they were standard equipment on all vehicles, according to a study by the insurance industry."
1,Haiti Moves on Pro-Aristide Militants,"Haitian police and U.N. troops moved into a slum that has become a flashpoint for unrest, using bulldozers to remove a barricade of torched cars that had blocked traffic in the capital."
2,Europe Take Charge at Oakland Hills," BLOOMFIELD HILLS, Michigan (Reuters) - Colin Montgomerie  inspired an early charge by holders Europe as they led the  United States in three of the four opening fourball matches at  the 35th Ryder Cup on Friday."
2,Nedved to rejoin Czech national team after injury healed,"Czech captain Pavel Nedved will return to the national soccer team once his knee is completely healed, he said in a statement which his manager Zdenek Nehoda provided Tuesday."
2,Beckham returns to England squad for Spain game,"David Beckham, out for a month with broken ribs, was named by Sven-Goran Eriksson to England #39;s team for its friendly match on Wednesday against Spain at Real Madrid #39;s Santiago Bernabeu Stadium."
2,CU Athletic Director Dick Tharp Resigns (AP),"AP - Colorado athletic director Dick Tharp resigned Monday, ending a nine-year tenure sullied by accusations of recruiting violations and fiscal mismanagement."
4,SpaceShipOne's 2nd Shot at X Prize Slated for Monday (SPACE.com),"SPACE.com - The second attempt by the rocketplane SpaceShipOne to soar into space and snag \  the  #36;10 million Ansari X Prize is planned for Monday, officials announced last \  night."
2,Tougher rules won't soften Law's game,"FOXBOROUGH -- Looking at his ridiculously developed upper body, with huge biceps and hardly an ounce of fat, it's easy to see why Ty Law, arguably the best cornerback in football, chooses physical play over finesse. That's not to imply that he's lacking a finesse component, because he can shut down his side of the field much as Deion Sanders ..."
1,Soldier to Plead Guilty in Iraq Abuse Case (AP),"AP - An Army reservist charged with abusing Iraqi prisoners plans to plead guilty at a court martial to four counts arising from the Abu Ghraib prison abuse scandal in a plea deal in which eight other counts will be dropped, his lawyer has said."
1,"Hurricane Survivors Wait for Water, Gas","PUNTA GORDA, Fla. - Urban rescue teams, insurance adjusters and National Guard troops scattered across Florida Monday to help victims of Hurricane Charley and deliver water and other supplies to thousands of people left homeless..."
3,US Airways shares up on possible pilots pact,Shares of US Airways Group Inc. rose more than 9 Thursday morning after the airline #39;s pilots union said it may agree on a plan to cut wages and benefits.
2,Tennis: Leading Brits go marching on,"TIM HENMAN showed he was on top form despite being diagnosed as suffering from magnesium deficiency, with a straight-sets win over Antony Dupuis in the first round of the Davidoff Swiss Masters."
1,Bush Tries to Mend Ties With Latin America,"President Bush, trying to mend relations with Latin America, pledged Sunday to make a fresh push for stalled immigration reforms and defended the U.S. invasion of Iraq, saying that ""history will prove it right."""
2,"Ichiro with 260 hits, Writes First New Chapter in 84 Years","Japans  quot;Baseball talent quot; Suzuki Ichiro (31,Seattle Mariners) has leapfrogged 84 years of outdated records of most hits in a season and stepped into the 260-hit peak."
4,Oracle's Wish Comes True (washingtonpost.com),"washingtonpost.com - Oracle is one step closer to taking over rival PeopleSoft now that a federal judge has ruled against the federal government's effort to thwart the  #36;7.7 billion hostile bid over antitrust concerns, a decision that could spark a rash of tech-sector acquisition attempts."
3,Justices to debate mail-order wine,"Being freelance wine critics may sound like a sweet gig, but Ray and Eleanor Heald have soured on it. Because their home state, Michigan, blocks direct shipments from out-of-state "
3,BlueGene sneaks past Earth Simulator,"The Earth Simulator, an NEC supercomputer, is surpassed, at last. IBM announced yesterday that its Blue Gene/L supercomputer had achieved a sustained performance of 36."
2,"Yanks shock Twins, earn date with Sox: Another late rally erases 4 &lt;b&gt;...&lt;/b&gt;","Just when you think you #39;ve seen it all, the Yankees devise a new way to win a game and torture their opponents. Last night, they somehow landed a spot in the American League "
3,Wall Street Set for a Flat Start (Reuters),"Reuters - Wall Street was set for a flat start on\Tuesday as investors braced themselves for a slew of data, with\a steadier dollar helping to offset the impact of firmer crude\oil prices."
1,Israel would not bar Arafat return after overseas treatment,"JERUSALEM, Oct 28 (AFP) - Israel will not bar ailing Palestinian leader Yasser Arafat from returning to the West Bank if he were to leave for medical treatment, senior government spokesman Raanan Gissin told AFP Thursday."
2,McCartney to headline Super Bowl halftime in  #39;05,"JACKSONVILLE, Fla. - Paul McCartney will headline the 2005 Super Bowl halftime show as the National Football League goes mainstream after the controversy over this year #39;s show."
3,Coca-Cola closer to settling EU antitrust case,"NEW YORK, September 3 (New Ratings) - The European Union has reportedly made significant progress in settling its prolonged antitrust case against The Coca-Cola Co (KO."
1,Passing of Arafat Draws Mixed Reactions (AP),"AP - Tears and gunshots, praise and condemnation marked the death of Yasser Arafat, whose fight for the Palestinian cause made him a towering and controversial figure on the world stage."
2,Mariners riding the Ichiro wave,Ichiro Suzuki singled three times last night to etch out a spot in history and to send the Toronto Blue Jays a little deeper into oblivion.
3,Singapore Shares End Up on Wall St. Gains,"Singapore shares ended higher Tuesday boosted by modest overnight gains on Wall Street and easing oil prices, traders said. The United States is a major trading partner and the local stock market traditionally "
1,Goss Gets Senate Panel's OK for CIA Post (AP),"AP - A Senate panel on Tuesday approved the nomination of Rep. Porter Goss, R-Fla., to head the CIA, overcoming Democrats' objections that Goss was too political for the job."
2,Packers lose Flanagan for the season,"Green Bay Packers Pro Bowl center Mike Flanagan will undergo surgery on his left knee and miss the rest of the season. Coach Mike Sherman made the announcement after practice Friday, meaning for the second "
2,Not exactly an idiotic idea,This should give pause to anyone who thought the Red Sox might be interested in toning down their image as idiots: They've made a serious contract offer to David Wells.
4,IBM unveils notebook with fingerprint reader,"IBM on Monday introduced a biometric notebook computer with an integrated fingerprint reader,which it says can recognize the user of the computer."
2,Nalbandian Is Stunned at the Chica Open," BEIJING (Reuters) - Resurgent Finn Jarkko Nieminen  overpowered David Nalbandian 6-2, 2-6, 6-2 at the China Open on  Friday as the seeds continued to tumble in Beijing."
4,AMD signs up for extra 64-bit production capacity,"Advanced Micro Devices Inc. will use Chartered Semiconductor Manufacturing Ltd.'s manufacturing services to produce AMD's Opteron and Athlon 64 processors starting in 2006, adding production capacity as the company starts building chips at its second Dresden, Germany, plant, the companies said Monday."
1,Pakistan arrests key Al-Qaeda operative (AFP),"AFP - Pakistani security forces have arrested a key Al-Qaeda operative wanted in connection with attacks on Christian targets and a failed bid to kill President Pervez Musharraf, an official said."
3,Google Stock Falls on Outlook - Analyst, NEW YORK/CHICAGO (Reuters) - Shares of Google Inc. fell  almost 9 percent on Friday after an analyst forecast a sharp  drop in the price over the next 12 months as the Internet  search company grows more slowly.
4,"2004 Signals More Global Warming, Extreme Weather: UN (Reuters)","Reuters - Global warming is set to continue, and\bring with it an increase in extreme weather such as hurricanes\and droughts, scientists from the United Nations' World\Meteorological Organization warned on Wednesday."
1,"Typhoon Tokage Claims 25 Lives; 43 Missing, NHK TV Reports","Twenty-five people were confirmed dead and 43 missing as of 5 am after typhoon Tokage passed through Japan, NHK television said on its Web site."
3, #39;Enron of Kansas #39; Trial Begins,"In the recent annals of corporate fraud, the names Enron, Tyco and WorldCom ring the loudest. But for residents of Topeka, Kan., the former leaders of the local utility company have become just as infamous."
3,Treasuries Mirror Oil's Climb (Reuters),Reuters - U.S. Treasury yields hit their lowest\level in almost seven months on Monday as record high oil\prices clouded the outlook for global economic growth.
3,Kmart and Sears announce merger,"Kmart Holding Corp and Sears, Roebuck and Co said Wednesday that they are merging to form a new retail company called Sears Holdings Corp that will be the US #39; third-largest retailer with about US\$55 billion in annual revenues."
1,Karzai Travels North on First Domestic Trip Since Rocket Attack,"Afghan President Hamid Karzai Sunday made his first domestic trip outside the capital, Kabul, since a trip cut short by a rocket attack 10 days ago."
2,American Aaron Peirsol Wins Gold on Appeal, ATHENS (Reuters) - Aaron Peirsol won his second gold medal  at the Athens Olympics Thursday after winning an appeal against  his disqualification from the men's 200 meter backstroke.
2,Cubs brushed back Chicago loses wild-card lead after ninth-inning &lt;b&gt;...&lt;/b&gt;,"Austin Kearns knows he #39;ll be back home in Louisville, Ky., once the regular season ends on Sunday. The Cincinnati Reds outfielder did his best Wednesday to keep the Chicago Cubs "
4,Microsoft Takes on Google,"Early Thursday, Microsoft will begin revving its engines squarely in Googles direction with the Beta launch of the new MSN Search engine."
4,Personal Tech,Fast Forward columnist Rob Pegoraro discusses his latest column on Windows Media Player 10 and answer your personal tech questions.
3,Infineon admits conspiracy in DRAM cartel,GIANT MEMORY company Infineon will plead guilty to price fixing of DRAM chips and will pay \$160 million in fines to the US government.
1,Britons still prefer fish n'chips (AFP),AFP - Traditional fish-and-chips along with cherished pub grub remain the dishes of choice for Britons outstripping Chinese or Indian take-aways.
2,Safin Clinches Third Paris Masters, PARIS (Reuters) - Marat Safin won the Paris Masters for a  record-equaling third time when he beat Czech qualifier Radek  Stepanek 6-3 7-6 6-3 on Sunday.
2,US moves on to final round,The United States national soccer team revealed both its immediate and long-term future in a 6-0 victory over Panama last night.
3,US Airways to Alter Flights,"US Airways said it will change its flight schedules in February to increase departures at its Charlotte and Philadelphia hubs and create a mini-hub in Fort Lauderdale, Fla."
2,Valencia accept Angulo ban,Valencia say they do not plan to appeal against the seven-match ban given to midfielder Miguel Angel Angulo by UEFA for his behaviour during last week #39;s Champions League match against Werder Bremen.
1,British tourists killed in Jordan bus crash,"Nine British tourists, two Jordanians and an Egyptian have been killed in a bus accident in southern Jordan, civil defence sources and diplomats say."
3,Wal-Mart Keeps Same-Store Sales Outlook," CHICAGO (Reuters) - Wal-Mart Stores Inc. &lt;A HREF=""http://www.investor.reuters.com/FullQuote.aspx?ticker=WMT.N target=/stocks/quickinfo/fullquote""&gt;WMT.N&lt;/A&gt;, the  world's largest retailer, said on Saturday it still anticipates  a 2 percent to 4 percent increase in November sales at its  stores open at least a year."
3,Markets Celebrate Bush Victory,"Wall Street threw a victory rally for President Bush today, driving up the entire market -- especially the stocks that investors believe will benefit from even more dominant Republican control of the federal government."
1,Two Aid Workers Killed in Attack on Darfur Aid Convoy," KHARTOUM (Reuters) - Two employees of a British charity  were killed in Sudan's troubled Darfur region on Sunday when  their convoy came under fire, the aid agency said on Monday."
1,Hot debate on Gaza pullout in Knesset,"JERUSALEM Israel #39;s Parliament appeared poised Tuesday to approve Prime Minister Ariel Sharon #39;s Gaza pullout plan, clearing the way for a withdrawal of Jewish settlers from Palestinian territory for the first time in history."
4,Vendors Upgrade Development Tools,"OCTOBER 18, 2004 (COMPUTERWORLD) - IBM and Borland Software Corp. last week separately brought out upgrades to their development tool lines that executives said add support for heterogeneous environments and "
1,Disappearance of baby Azaria to remain Australia's greatest mystery (AFP),AFP - The disappearance of baby Azaria Chamberlain 24 years ago is expected to remain one of Australia's most celebrated mysteries after the coroner's office ruled here that there was no new evidence to justify reopening the case.
2,Carter finishes fourth in 400 hurdles,"James Carter of Baltimore finished fourth in the finals of the 400-meter hurdles today, missing out on a medal. Felix Sanchez, of the Dominican Republic, won the gold medal."
3,Hilfiger tumbles on grand jury probe,CHICAGO (CBS.MW) -- Shares of Tommy Hilfiger Corp. tumbled Monday after the company disclosed that a grand jury was looking into the buying-office commissions the retailer pays to a non-US subsidiary.
3,Oil Eases Again as Fuel Costs Hit Economy (Reuters),Reuters - Oil prices ended lower on Tuesday on\signs that high energy costs are slowing the economic growth\that has fueled this year's sharp increase in world oil\consumption.
3,Bush signs \$136 billion tax-cut bill with no fanfare,"WASHINGTON President Bush has signed into law the most sweeping rewrite of corporate tax law in nearly two decades. Bush signed the bill today with no fanfare, during a flight on Air Force One to a campaign stop in Pennsylvania."
3,"Stocks Edge Up, Goldman Earns Give Lift"," NEW YORK (Reuters) - U.S. stocks edged up on Tuesday as  investors expected the Federal Reserve to stay on a course of  ""measured"" interest-rate increases, while major Wall Street  investment banks rose on higher profits."
2,Ravens' Offensive Coordinator Resigns (AP),"AP - Baltimore Ravens offensive coordinator Matt Cavanaugh resigned under pressure Monday after meeting with head coach Brian Billick, who finally lost patience with the team's sputtering attack."
2,Don #39;t expect Tiger to relinquish his top ranking without a fight,"They #39;re calling Ohio a  quot;battleground state, quot; one of the two or three places likely to decide November #39;s presidential election. On local TV, the Bush and Kerry ads air so frequently that it #39;s easy to forget it #39;s Bob Costas who actually runs the country. "
2,"French Take Gold, Bronze in Single Kayak","ATHENS, Greece - Winning on whitewater runs in the family for Frenchman Benoit Peschier, though an Olympic gold is something new. Peschier paddled his one-man kayak aggressively but penalty free in both his semifinal and final runs on the manmade Olympic ..."
1,Sudan Reportedly Hiding Arab Fighters in Southern Sudan,"Under international pressure to disarm and disband Arab militias in troubled Darfur, Sudan #39;s government is instead reportedly moving hundreds, possibly thousands, of the fighters from Darfur to remote areas of southern Sudan."
1,Flight From Hong Kong Diverted in UK,"LONDON Oct. 14, 2004 - A Virgin Atlantic plane heading from Hong Kong to London was diverted to an airport north of London on Thursday after receiving a bomb threat, police said."
2,Lions are suddenly road warriors,"One road victory was nice, but the Lions #39; true road test came Sunday against the previously unbeaten Atlanta Falcons at the Georgia Dome."
1,Mounties left in dark by U.S. on deportation of Syrian-born Canadian (Canadian Press),"Canadian Press - OTTAWA (CP) - The Mounties provided information on Maher Arar to American authorities but were left in the dark when the U.S. deported the Canadian citizen to Syria, newly released documents show."
3,"Wonder Bread, Twinkies maker files for bankruptcy","Interstate Bakeries Corp. , the purveyor of lunch box staples Wonder Bread and Twinkies, filed for bankruptcy protection yesterday, felled by the combination of a more health conscious public and smothering operational costs."
4,Microsoft Patches for ISA Server 2000 and Proxy Server 2.0,"Microsoft has released bulletin MS04-039 reporting a security vulnerability in Internet Security and Acceleration (ISA) Server 2000 and in Proxy Server 2.0, and has also announced the availability of the patches to resolve these issues."
1,Breast scans 'fail' in some women,"Some women with breast cancer are less likely to have their tumours picked up by scans, say experts."
2,"Cricket-Lillee a victim of generational change, says spin guru","MELBOURNE, Australia (AFP) - Cricket Australia said it was better off hiring full-time coaches than employing bowling great Dennis Lillee, who has abruptly ended his long coaching involvement with the body."
4,Desktop Search Avalanche Set to Hit,"Yahoo, Ask Jeeves, and Microsoft all plan to follow Google to the desktop."
4,Verizon Wireless Buys NextWave Licenses (NewsFactor),"NewsFactor - Verizon Wireless is adding to its considerable spectrum holdings with the proposed acquisition of airwaves owned by NextWave Telecom. Under terms of the agreement, Verizon will pay US #36;3 billion for NextWave's PCS spectrum licenses in 23 U.S. markets."
3,Update 1: United Needs to Cut \$500M More in Costs,"United Airlines, in a bankruptcy court filing in advance of a status hearing Friday, has revealed it needs to cut \$500 million more in costs than previously stated."
3,Ryanair agrees to repay 4M in an escrow account for the Walloon &lt;b&gt;...&lt;/b&gt;,vueling writes  quot;Ryanair confirmed it had written to the Walloon authorities and agreed to repay 4M in an escrow account until Ryanairs appeal is heard and the European Courts make a definitive decision on this matter.
4,Bluetooth flying bot creates buzz,The latest tiny flying robot that could help in search and rescue or surveillance has been unveiled in Japan.
3,"Health Highlights: Aug. 28, 2004","A new drug that fights a form of age-related macular degeneration (AMD), a leading cause of blindness in the elderly, won applause if not approval from a panel of advisors to the US Food and Drug Administration."
2,"Bonds's Excuse Has the Scent of Snake Oil, Not Arthritis Balm","Barry Bonds's ignorance of the substances obtained by his trainer from Balco is more childish than a youngster's excuse that ""the dog ate my homework."""
1,Hague Court Imposes Defense Counsel on Milosevic, THE HAGUE (Reuters) - Judges at The Hague tribunal on  Thursday imposed a defense counsel on former Yugoslav President  Slobodan Milosevic to avoid further delays in his war crimes  trial.
4,Webmaster Worlds World of Search Conference Features 70 Speakers,"Webmaster World's World of Search Conference Features 70 Speakers\\The WebmasterWorld of Search Conference scheduled for November 16-18 in Las Vegas has published a final speaker roster and announced over 24 sessions with more than 70 industry-leading speakers. The line up features speakers from such companies as Google, Yahoo, Kanoodle, Ask ..."
1,Suicide bomber kills at least 10 in Moscow,"MOSCOW -- A woman strapped with explosives blew herself up outside a busy Moscow subway station yesterday night, killing at least 10 people and wounding more than 50 in the second terrorist attack to hit Russia in a week."
1,"Spilled Oil, Gas Ignite in Iraq's South Rumaila Field"," BASRA, Iraq (Reuters) - Oil and gas spilled during recent  sabotage attacks on Iraq's southern oil pipelines ignited  Sunday and firefighters battled to douse the flames."
2,Mauresmo Rallies to Take Advanta Title," NEW YORK (Reuters) - Top seed Amelie Mauresmo rallied to  beat Russia's sixth-seeded Vera Zvonareva 3-6, 6-2, 6-2 to  complete a successful defense of her Advanta championship title  in Philadelphia on Sunday."
4,Child Abuse Leads to Adult Heart Disease,"By Ed Edelson, HealthDay Reporter    HealthDayNews -- Children who are abused or neglected grow up to be adults with a significantly greater risk of heart disease, a new study says.    It's the first study to show a direct link between a wide range of childhood problems and ischemic heart disease -- blockage of the arteries that leads to heart attacks and other major problems, said Maxia Dong, a medical epidemiologist at the U.S..."
4,"Groups Eager to Meet With Bush, Kerry (AP)","AP - Organizations representing the nation's 3 million scientists, engineers and doctors have invited both presidential candidates to have a word with them  #151; online."
2,My 50 random musings on the final major championship of the year,So the last major of 2004 is in the books. Herewith 50 random ruminations on the US Open that was. ... 1. Imagine how good Roger Federer will be once he learns to move around the court a little.
1,GOP Sharpens Attacks As Convention Opens,"NEW YORK (AP) -- Sen. John McCain said Monday it was fair game to criticize Democrat John Kerry's anti-war protests three decades ago, firing an opening salvo as Republicans at their national convention sought to portray President Bush as a strong wartime leader."
4,Red Hat opens office in China,"The Linux firm said it will be collaborating with Hewlett-Packard, IBM, Intel and Oracle, as well as with Chinese companies."
1,Pakistan's Musharraf to Retain Army Post,"Pakistani President Pervez Musharraf will stay on as chief of the army staff beyond the date he promised to give up the post, the information minister said on Wednesday."
2,"No. 3 Georgia Tech Rolls Over James Madison, 72-47","ATLANTA (Sports Network) - Isma #39;il Muhammad scored a team-high 14 points, Jarrett Jack added 13 and third-ranked Georgia Tech rolled over James Madison, 72-47, in a non-league tilt at the Alexander Memorial Coliseum."
1,Africa must move away from conflicts: Mbeki,"LUSAKA: Africa must move away from conflicts and begin to pool its resources to develop the impoverished continent and reduce poverty, South African President Thabo Mbeki said on Sunday."
1,Sudan to Stop Fighting if Rebels Withdraw (AP),"AP - Sudan is prepared to halt military operations in the Darfur region if rebels withdraw from some positions they captured earlier this year, government negotiators said Wednesday."
1,Seven suspected terrorists arrested in Spain,"Spain #39;s Interior Minister says police have broken up a radical Muslim cell, plotting to bomb the country #39;s National Court."
4,Sony launches music players with MP3 support,"The company has just announced the release of two flash-memory-based devices, the Walkman NW-E99 and NW-E95, in Europe. The music players can play songs in MP3 and Sony #39;s own Atrac file format."
3,"Dropping Hyphen, Some Great Old Stores Become Just Macy #39;s","n the not-so-distant past, the names Burdines, Rich #39;s, Goldsmith #39;s, Bon March and Lazarus had a local glory as the emporiums where customers bought their back-to-school clothes and discovered their Mother #39;s Day presents."
2,Howard Wins Big,"The Bison win their second straight game with a 53-7 domination of nonconference Savannah State before 5,205 at Greene Stadium."
4,Sony looks under the Christmas tree,"Americans will go gadget shopping this holiday season even if oil prices go up, Sony execs say."
1,China wary at Taiwan poll result,China's media responds cautiously to the election setback suffered by Taiwan's pro-independence DPP.
1,European Abortion Debate Turns Divisive (AP),AP - European Parliament legislators on Thursday turned a fight over abortion rights in Portugal into an emotional and divisive debate on women's rights and the division between church and state.
3,Cancer drug blow for AstraZeneca,DRUGS group AstraZeneca today suffered a massive setback after tests showed its blockbuster Iressa cancer treatment did not allow patients to live longer.
1,UN Refugee Chief Backs Autonomy for Sudan #39;s Darfur Region,The United Nations High Commissioner for Refugees says granting more autonomy to southern Sudan could help end the bloody conflict there.
1,"Six Iraqi national guards, 10 civilians wounded in Mosul attacks","MOSUL, Iraq, Dec 9 (AFP) - Six Iraqi national guardsmen and 10 civilians were wounded in two bomb attacks in the northern city of Mosul on Thursday, police said."
2,Lehmann may have played last Test,The 34-year-old tore his right hamstring on day one of the third Test against India at the VCA Ground just as he was presenting a very good case to be retained when captain Ricky Ponting returns from injury next week.
2,Wind-Aided Delay May Be Plus for Pitt (AP),AP - The rainy remnants of Hurricane Frances forced Pittsburgh to practice inside in advance of its delayed season opener.
1,Basayev Claims Responsibility for Beslan School Hostage Siege,"A Chechen rebel commander has claimed responsibility for the school hostage siege in southern Russia earlier this month, during which more than 320 hostages were killed, half of them children."
4,Signs of a Glut and Lower Prices on Thin TV's,Dont buy that high-definition TV yet. Competition may force the prices down further.
3,A wandering Congress trips over the US Constitution,That is the one-word message of advice that citizens wanted to send to members of Congress at the end of last week. Both the House of Representatives and the Senate looked as if they are having trouble seizing 
2,Veterans face quandary with Pistons,Antonio McDyess and Derrick Coleman understood that coming to the defending NBA champion Detroit Pistons offered the best and worst scenarios for a veteran player.
1,Rioters firebomb police station,"TERRIFIED police have told how they feared they would die as a rampaging mob burnt down the police station in which they were trapped on Palm Island, off north Queensland."
1,Israeli Labour party could clinch coalition deal with Sharon  #39;in &lt;b&gt;...&lt;/b&gt;,Israel #39;s opposition Labour party began talks with Prime Minister Ariel Sharon #39;s Likud party yesterday about joining its coalition - a partnership aimed at promoting a military withdrawal from Gaza.
2,Olympics-Five sports on shortlist for possible Games inclusion,"Golf, rugby and squash are on a shortlist of five sports to be assessed for possible inclusion in the 2012 Olympics. The International Olympic Committee is reviewing "
1,Orthodox patriarch killed in Greek air crash,"ATHENSEgypt #39;s Patriarch of Alexandria, whose post traces its lineage to one of Christ #39;s disciples, was killed with his Greek Orthodox retinue yesterday in a helicopter crash, Greek authorities confirmed."
2,UPDATE 1-Singh takes lead at Chrysler,World number one Vijay Singh shot a four-under-par 67 on Saturday and took the lead of the Chrysler Championship after three rounds.
3,"Odyssey Warns of Weak Quarter, CEO Quits"," CHICAGO (Reuters) - Odyssey Healthcare Inc.  &lt;A HREF=""http://www.investor.reuters.com/FullQuote.aspx?ticker=ODSY.O target=/stocks/quickinfo/fullquote""&gt;ODSY.O&lt;/A&gt; on  Monday warned of an earnings shortfall, announced the  resignation of its chief executive and said it was the subject  of a Justice Department probe, sending shares of the hospice  care provider plummeting 42 percent."
4,Dark Echoes from Titan,"Microwave brightness of Titan reveals surface properties such as temperature composition and roughness. Image Credit: NASA/JPL. Looking at radar reflections of Titan, scientists are puzzled by what they see "
3,Rumors Suggest Photo Ability To Be Added to iPod, quot;Apple has invested heavily in technology to edit pictures. Not having a portable device to show them seemed an obvious oversight that would be corrected once the price of the displays 
3,Will High Oil Prices Lead to Recession? (AP),"AP - High oil prices, which have been a factor in virtually all U.S. recessions over the past three decades, are surging again this year. And the higher crude oil prices climb, the more risk energy costs pose to what, until recently, many expected to be a banner year for the U.S. economy."
4,Mobile phone network reaches last of China's ethnic minorities (AFP),"AFP - China has brought its mobile phone network to the last of its ethnic minority regions previously cut off from communication with the outside world, state media reported."
3,Martha Stewart Is Allowed to Start Prison Term Early,"A federal judge ordered Martha Stewart today to surrender for prison by Oct. 8, granting the Ms. Stewart's request to begin serving her sentence for lying about a stock sale."
2,NASCAR mourns plane crash victims,Crews on all-terrain vehicles yesterday recovered the bodies of all 10 people killed in the crash of a Hendrick Motorsports plane that was carrying family and friends of one of NASCAR's top syndicates.
4,Regulators Let Cingular Buy AT amp;T Wireless,"The \$41 billion merger between Cingular Wireless LLC and AT amp;T Wireless Services Inc. won approval from the Federal Communications Commission yesterday, according to federal sources close to "
2,They've caught his eye,"In  quot;helping themselves, quot; Ricky Bryant, Chas Gessner, Michael Jennings, and David Patten did nothing Friday night to make Bill Belichick's decision on what to do with his receivers any easier."
3,Divided S.E.C. Likely to Ask Hedge Funds for More Data,A deeply divided S.E.C. is expected to approve rules requiring all but the smallest hedge funds to register with the S.E.C. and make their records available.
4,Microsoft #39;s low-cost operating system,"Aimed at making cheaper PCs, Microsoft on Wednesday unveiled low-cost Windows XP Starter Edition operating systems in India in Hindi targetting the first-time home users."
2,Millwall to complain to UEFA,The Lions lost 3-1 to Ferencvaros - failing to progress to the next round of the UEFA Cup - on a night that saw four visiting fans suffering stab wounds and numerous other incidents of inter-fan violence.
1,New Bomb Blast Wounds 15 in India,"Suspected separatists bombed a power line, a gas pipeline, a tea plantation and a crowded marketplace in northeastern India on Sunday, intensifying a campaign of violence "
2,"LSU, Oklahoma play openers on Saturday",Louisiana State beat Oklahoma in the Bowl Championship Series title game in the Sugar Bowl last January. Both teams play their openers on Saturday in the first full weekend of the college football season.
1,Pakistan on back foot in four dayer (AFP),AFP - Pakistan was still struggling at lunch on the second day of their four-day tour match against Western Australia here despite claiming two wickets in the morning session.
2,UPI NewsTrack Sports,"-- The United States men #39;s basketball team capped off a big day for the USA by fighting off Greece for a vital win, 77-71.  quot;They played with heart, quot; said Coach Larry Brown.  quot;That #39;s all you can ask. quot; ..."
4,Another homicide in Holland," It is a sad day.      In what seems to be another politically inspired homicide in Holland, Dutch filmmaker, and controversial columnist Theo van Gogh was brutally murdered in the streets of Amsterdam this morning."
2,Agent:  #39;It #39;s going to be a love-in #39;,"As many as 60 National Hockey League agents, including those representing the top players in the game, will descend on a Chicago hotel meeting room Wednesday for a tte--tte with executives "
4,DNA map of elephants to net Africa #39;s ivory poachers,"Scientists say a DNA map of Africa #39;s elephant herds will help combat the illegal trade in ivory. The map is a genetic profile of elephant groupings across the continent, from the dense forests of western and central Africa to the vast eastern savanna."
3,Comcast Posts Smaller 3Q Profit,"Cable giant Comcast Corp. on Wednesday posted a smaller third-quarter profit that missed Wall Street expectations, but said digital cable and high-speed Internet subscriptions continued to grow during the period."
3,PeopleSofts big bash,"See you next year in Las Vegas , proclaimed a marquee at the PeopleSoft user conference in San Francisco in late September. It was one of many not-so-subtle attempts by the company to reassure its customers "
3,Sprint to Buy Nextel in \$36 Billion Deal," NEW YORK/WASHINGTON (Reuters) - Sprint Corp. said Wednesday  it would buy mobile telephone company Nextel Communications  Inc. for about \$36 billion, creating a U.S. wireless carrier  with nearly 40 million subscribers."
2,Serena Ends Mauresmo's Year-End No. 1 Bid (AP),AP - Serena Williams is in love  #151; with her new attacking game and herself.
3,Let a Thousand Ideas Flower: China Is a New Hotbed of Research,"In recent years, hundreds of multinational companies have set up research laboratories in China."
1,Princess Diana Fountain to Close Again (AP),"AP - It has been fenced in, clogged with leaves, overrun with visitors and even used as a dog bath. Now the Princess Diana memorial fountain is to close again to replace surrounding grass that has become sodden with splashing water, park officials said Tuesday."
2,Millar and Ramirez homers highlight big Boston inning,The Red Sox thought they were going to have to earn all their runs against the Angels the hard way. Anaheim allowed the fewest numbest of unearned runs in the Majors all season (36).
3,An insurer sees the light,"Snoopy has left the building. Well, almost. MetLife Inc. , the insurance giant that employs Charlie Brown's dog in ads, is close to completing a deal to sell its State Street Research and Management investment arm to BlackRock Inc. for about \$400 million. Everyone involved will be better off for it."
1,Last American defector in North Korea agrees to tell story (AFP),"AFP - The last surviving American defector to communist North Korea wants to tell his story to put a human face on the Stalinist state which he believes is unfairly vilified abroad, British film-makers said."
2,England stars refuse to face media despite World Cup soccer &lt;b&gt;...&lt;/b&gt;,England #39;s soccer team refused to face the media after their 2-1 World Cup qualifying victory in Poland on Wednesday in protest at negative publicity they received after Saturday #39;s 2-2 tie with Austria.
1,Bin Laden Deputy: U.S. Will Be Defeated (AP),AP - Osama bin Laden's chief deputy proclaimed the United States will ultimately be defeated in Iraq and Afghanistan in a videotape broadcast Thursday that appeared to be a rallying call for al-Qaida ahead of the anniversary of the Sept. 11 attacks.
2,Soccer: Matuzalem brace ends Celtic #39;s Champions League hopes,"DONETSK, Ukraine: Brazilian midfielder Matuzalem defied the chilly temperatures to score a double for Shakhtar Donetsk on Wednesday in a 3-0 win which virtually ended Celtic #39;s Champions League ambitions this season."
4,Firefox - Ready To Take On Internet Explorer? (NewsFactor),"NewsFactor - While Firefox wins rave reviews for its browser technology and appears ready to chip away at Microsoft's (Nasdaq: MSFT) dominant Internet Explorer market share, the open-source browser is probably a long way off from unseating IE in the enterprise."
2,Orioles to get paid off for Expos #39; move to DC,"In this crevice of the baseball globe, as the season heads to the bottom of the ninth, nothing has changed. It #39;s an annual rite for both teams by the bay to be in prime playoff position with a week to go, and "
3,Bad Day for Drug Companies - and Patients," LONDON (Reuters) - Investors in pharmaceuticals were dealt  a triple whammy on Friday as Pfizer Inc, AstraZeneca Plc and  Eli Lilly and Co all shocked the market with bad news about key  products."
4,Venus and Jupiter witnessed in dawn rendezvous,"WITH no planets on view, and with large areas of the southern sky devoid of bright stars, the evening sky at our star map times may not be the most exciting of the year."
2,NBA Star Pippen Announces Retirement,"National Basketball Association star Scottie Pippen has announced his retirement from the game, leaving the Chicago Bulls team he helped lead to six NBA titles."
1,MEPs threaten to sink commission over Buttiglione,"MEPs threatened last night to bring down the new European Commission before it even takes office, as a row sparked by controversial comments about homosexuality escalated into an unprecedented crisis."
1,Google Lowers Its IPO Price Range,"SAN JOSE, Calif. - In a sign that Google Inc.'s initial public offering isn't as popular as expected, the company lowered its estimated price range to between \$85 and \$95 per share, down from the earlier prediction of \$108 and \$135 per share..."
4,LIVE: Launch of Expedition Ten Crew to the ISS / ESA TV Live / 14 &lt;b&gt;...&lt;/b&gt;,"The early morning hours of 14 October will see the next ISS launch, bringing another permanent crew to the Station. Expedition 10 crew is made of Commander Leroy Chiao and Flight Engineer Salizhan Sharipov."
3,Japanese automaker to boost production capacity in India,Major Japanese automaker Suzuki Motor Corp. said Monday it has decided to set up a vehicle assembly plant and a new diesel engine factory in India to boost production in the country #39;s growing market.
4,"Science ; As ice thaws, arctic peoples at loss for words","Science News, Iceland, What are the words used by indigenous peoples in the Arctic for  quot;hornet, quot;  quot;robin, quot;  quot;elk, quot;  quot;barn owl quot; or  quot;salmon?"
1,Panama-Cuba 'pardon' row worsens,Panama recalls its Havana ambassador after Cuba threatened to cut ties if jailed anti-Castro activists are pardoned.
1,Princess Di's Ex-Bodyguard Disputes Claim (AP),"AP - A former bodyguard of Princess Diana on Tuesday dismissed her claim that one of her lovers was ""bumped off."""
3,Hutchison cuts IPO size by 7 pct,"HONG KONG: Hutchison Telecommunications International Ltd (HTIL) cut the size of its IPO for a second time to bolster interest in its shares, reducing the sale #39;s value by about 7 percent to between US\$890 million and US\$1."
4,Students crazy about iPod follow the music to Apple laptops (USATODAY.com),"USATODAY.com - Apple's trendy iPod digital music player, which has revitalized the company, is giving laptop sales a boost during back-to-school season."
2,F1 debuts in China,Formula One made its long-awaited debut in the People #39;s Republic of China today as the stunning new Shanghai International Circuit echoed to the banshee wail of Formula One engines being used in anger for the first time.
1,"French Govt., Muslims Appeal for Reporters' Release", PARIS (Reuters) - France's government and leaders of its  Muslim minority urged Iraqi militants Sunday to free two French  journalists they were holding hostage in a bid to force Paris  to revoke its ban on Muslim headscarves in schools.
3,"Disney Profit Up, TV Outshines Studio"," LOS ANGELES (Reuters) - Walt Disney Co. &lt;A HREF=""http://www.investor.reuters.com/FullQuote.aspx?ticker=DIS.N target=/stocks/quickinfo/fullquote""&gt;DIS.N&lt;/A&gt; posted a 24  percent rise in profit on Thursday as advertising gains at ESPN  and ABC television networks more than made up for a sharp  slowdown at Disney's movie studio."
2,California Ace for Rose,Justin Rose had his first-ever professional hole-in-one at the tough par-three 17th at Forest Oaks and then confessed that it was his only decent shot of the day.
2,Disgraced Greek Sprinters Drug Tested by WADA," ATHENS (Reuters) - Greek sprinters Costas Kenteris and  Katerina Thanou have been dope tested by doctors from the World  Anti-Doping Agency, an official said Tuesday."
4,Computer Users Warned of  #39;David Beckham Zombie Trap #39;,"Hackers are trying to trick computer users into downloading damaging software by claiming to have sleazy photographs of football star David Beckham, experts warned today."
3,Stocks dip after Intel cuts forecast,STOCKS in the United States fell - led by technology shares - after the world #39;s biggest semiconductor maker Intel cut its revenue forecast because of slowing demand for personal computers and mobile phones.
4,Creators of private spaceship announce plans for second launch &lt;b&gt;...&lt;/b&gt;,"The creators of a private rocket plane will go ahead with plans for another launch next week in a quest to claim a multimillion-dollar prize, despite a harrowing flight in which the spacecraft rolled dramatically while hurtling toward "
1,"Conn. Man, 70, Oldest to Swim Channel","LONDON - A retired Connecticut pilot has become the oldest person to swim the English Channel. George Brunstad, 70, left Dover, England, Saturday morning heading for the French Coast..."
4,Sony NW-E95 and NW-E99 Network Walkman,"Sony Europe has launched two tiny 512MB and 1GB MP3 players, the NW-E95 and NW-E99 Network Walkman. Both play MP3 (Sony has officially bit the mp3 bullet) and ATRAC3plus compressed files and have a small blue backlit LCD screen."
3,Judge orders inspector to look at Hollinger dealings,"A Canadian judge has ordered that a court-appointed inspector be assigned to take a close look at the business dealings of Hollinger Inc, the Conrad Black-controlled company said on Friday."
2,"Hewitt, Davenport Top US Open Standings (AP)","AP - Lleyton Hewitt and Lindsay Davenport could earn up to  #36;500,000 extra at the U.S. Open because they finished atop the inaugural US Open Series standings."
3,Hummer going smaller for share of big market,General Motors hopes to make its hulking Hummer lineup  quot;more approachable quot; with a new midsize sport utility vehicle scheduled to go on sale next spring.
1,Iraq election delay  #39;considered #39;,Iraq #39;s electoral commission has said it will consider a request from leading political parties to delay general elections scheduled for 30 January.
4,SMART-1 makes lunar orbit,"The SMART-1 probe has entered its lunar orbit, and the history books as the first European mission to have done so. Professor David Southwood, director of science for the European Space Agency (ESA), said:  quot;Europe "
4,Lockheed to Launch Rocket; Boeing Gets New Date (Reuters),"Reuters - Lockheed Martin Corp. on Monday\announced that it will launch its Atlas V rocket on Dec. 17 as\planned, while Boeing Co. waited to reschedule a launch of its\Delta IV heavy-lift rocket that it was forced to abandon on\Sunday."
4,AT T Builds VoIP Alliance (NewsFactor),"NewsFactor - With its Internet-based phone service well established, AT T (NYSE: T) now is \focusing on establishing common ground among the broad array of technology\providers that help the operator deliver VoIP to businesses and\consumers."
3,"Summer Box Office Hits a High, Despite Lows","In a summer when many of the studios' biggest bets failed to pay off, it was familiarity in the form of sequels and low-budget comedies that resonated with movie audiences."
1,Blast kills seven US Marines in Iraq,"A massive car bomb exploded on the outskirts of the Iraqi city of Fallujah, killing seven United States Marines and wounding several others, a US military official said."
2,Spurs accuse liar Santini,"FORMER Tottenham Hotspur manager Jacques Santini sparked a war of words last night after claiming that he had resigned nine days ago because of a rift with director of football, Frank Arnesen, and not as previously stated for personal reasons."
1,Cricket: Tendulkar to miss test,Sachin Tendulkar is almost certain to miss Thursday's second Test against Australia in Madras.
1,Nigerian oil flows despite rebel threat-companies,"Oil should continue to flow from Nigeria, the world #39;s seventh largest exporter, despite a rebel threat to attack foreign oil workers in an  quot;all-out war quot; due to start on Friday, multinational energy companies said."
1,Abbas Escapes Gaza Shooting Unharmed (AP),"AP - Mahmoud Abbas, the temporary successor to Yasser Arafat, escaped unharmed Sunday when militants firing assault rifles burst into a mourning tent for the deceased Palestinian leader, killing two security guards and wounding six other people."
2,One-Two Economic Punch,"Proposals for two major league sports stadiums that would face each other across the Anacostia River evolved independently, D.C. officials said Friday."
1,Ballots Pour Into Afghan Counting Centers,"KABUL, Afghanistan - Ballot boxes poured into counting centers Monday for a tally of the disputed presidential election in Afghanistan amid signs an opposition boycott was wavering after at least two candidates agreed to accept the ruling of an independent panel's inquiry.    Election organizers hope their decision, announced late Sunday, to establish a panel of about three foreign election experts to investigate the balloting will end the boycott, which many fear could seriously undermine the winner's ability to rule this war-ravaged nation..."
2,Harrington tied for first at Valderrama,"Padraig Harrington is tied for first at the Volvo Masters in Valderrama, at two under after 14 holes. Joining him at the top of the leaderbaod are Angel Cabrera, Brian Davis, and Alastair Forsyth."
4,Nokia wins 115-million-dollar network deal from Brazil's Oi Celular (AFP),"AFP - Nokia, the world's largest mobile phone maker, said it had received a 115-million-dollar (90-million-euro) order to expand Oi Celular's second-generation GSM network in Brazil."
1,Sports Court Hears Hamm Gold Medal Appeal,"LAUSANNE, Switzerland - Paul Hamm appeared before the sports world's highest court Monday to argue why he should he keep his Olympic gymnastics gold medal.    The Court of Arbitration for Sport convened to hear the appeal from a South Korean gymnast who believes he was unfairly deprived of the gold in the men's all-around event in Athens last month because of a scoring error..."
4,Bush Scraps Most U.S. Sanctions on Libya (Reuters),Reuters - President Bush on Monday formally\ended the U.S. trade embargo on Libya to reward it for giving\up weapons of mass destruction but left in place U.S.\terrorism-related sanctions.
3,Ellison: Data Hubs Could #39;ve Prevented 9/11,"SAN FRANCISCO -- Oracle CEO Larry Ellison is convinced that had the intelligence community used a unified database from Oracle, the terrorist attacks on 9/11 would never have happened."
2,Even Longer: Red Sox Win in 14 Innings,"Boston's David Ortiz drilled a pitch into center field, a clean single that brought home Johnny Damon with the winning run in a marathon Game 5 in the A.L.C.S."
1,Israeli forces raid Gaza refugee camp,"Israeli forces destroyed two five-story apartment buildings in a Gaza refugee camp early Thursday after evacuating thousands of Palestinians from a neighborhood, said residents and the military."
3,"ONGC, Cairn Energy decide to team up",Mumbai: Oil and Natural Gas Corporation (ONGC) and Scottish oil firm Cairn Energy Ltd have decided to team up for oil exploration and production (E amp;P) in the domestic as well as international markets.
2,No. 17 Rutgers Stops South Dakota State (AP),AP - Freshman guard Matee Ajavon scored 29 points to lead Rutgers over South Dakota State 68-50 on Thursday in the opening game of the Paradise Jam tournament in the U.S. Virgin Islands.
4,Sony goes OLED with Japanese CLIE PEG-VZ90,"Despite pulling out of the US and European markets, Sony #39;s CLIE line is still kicking in Japan, and is now kicking with an OLED display."
1,Poland to Reduce Force In Iraq,"Poland will significantly reduce its number of troops in Iraq by the end of 2005, the country #39;s defense minister said on Monday."
2,Admirers look to 2008,"But as far as swim greats Rowdy Gaines and John Naber are concerned, what Phelps did in Athens exceeded what Spitz did in Munich in 1972."
2,Marathon meltdown,"THE winner smiled and then vomited. The roaring favourite collapsed and couldn #39;t finish. The Australian contemplated surrender, staggered on and didn #39;t regret it."
1,Thatcher case twist as list of alleged coup backers vanishes,"THE Thatcher saga took a dramatic twist last night when it emerged a key witness in the police investigation has disappeared, taking with him a list of wealthy individuals who supposedly bankrolled an alleged coup attempt in oil-rich Equatorial Guinea."
2,Olympics: Emotional Zijlaard-van Moorsel defends time trial title,ATHENS : Dutch cycling great Leontien Zijlaard-van Moorsel emotionally defended her Olympic time trial gold medal here. 
4,Indiana University suffers during PeopleSoft rollout,"Problems during the rollout of a PeopleSoft financial aid software module at the Indiana University system caused problems for about 3,000 students just as classes were set to start."
1,EU transport chief hails Alitalia accord (AFP),AFP - EU transport and energy commissioner Loyola de Palacio hailed the accord reached between Alitalia management and staff on a major restructuring plan aimed at keeping the struggling airline in the air.
1,Football: Brazil legend's UK debut,Brazil football great Socrates is set to make his debut for non-league Garforth Town on Saturday.
2,Novak Captures First Indoor Title,"BASEL, Switzerland Oct 31, 2004 - Jiri Novak of the Czech Republic won the Swiss Indoors for his first indoor title, defeating David Nalbandian in five sets Sunday in a final in which the Argentine smashed two rackets."
3,Students Pay More for Beer Than Books,"British students spend about \$1.8 billion on drink every year, nearly three times as much as they cough up for books, a survey released on Monday showed."
4,Intel Sheds Light on 2005 Desktop Strategy,"Intel #39;s products for the digital home and digital office in 2005 will give consumers and IT managers more capabilities than just raw performance, and the company plans to highlight those products as it did with its Centrino mobile technology, Intel "
3,Judge: MCI may have violated court order on certain fees,NEW YORK A federal judge in Manhattan says MCI may have violated a court order by paying more than 25 (m) million dollars in professional services fees as part of its bankruptcy proceedings in excess of caps on such fees.
3,Slovaks and Czechs reject French minister #39;s suggestion over EU &lt;b&gt;...&lt;/b&gt;,The Slovak and Czech governments Monday rejected a proposal by French Finance Minister Nicolas Sarkozy to axe structural funds for new EU members whose taxes were lower than the European average.
3,UPDATE:Sinopec 1H Pft Up 51; To Raise Refining Capacity,"HONG KONG (Dow Jones)--China Petroleum  amp; Chemical Corp. (SNP), the country #39;s second-largest oil and gas producer, Monday reported a 51 jump in first-half earnings and said it plans to boost its refining capacity by about one-fifth over three years."
3,US consumer confidence down for second month as job woes deepen (AFP),"AFP - US consumer confidence fell for the second straight month in September as the outlook for jobs deteriorated, the Conference Board said."
3,Drug makers target counterfeits,Big pharmaceutical companies are testing new tracking technology they hope will help them spot counterfeit drugs before they reach consumers' medicine cabinets.
4,"Cisco, Microsoft shake hands on security",Cisco and Microsoft have gotten the word: IT managers are tired of constantly plugging security holes in their networks.
3,Local group joins suit to de-list endangered species,"Bob Briggs wifes family has owned about 1,000 acres of redwood forest off Waddell Creek since 1913. He doesnt clearcut, and logs about once a decade."
4,Kenyan Laureate Urges Rich Nations to Ratify Kyoto (Reuters),"Reuters - Kenya's Nobel Peace Prize winner,\Wangari Maathai, on Monday urged wealthy nations to ratify the\Kyoto protocol on climate change to ease the burden of\pollution on poor countries."
2,Unhappy Robinson Rejoins 76ers (AP),"AP - Unhappy he hasn't been traded, Glenn Robinson rejoined the Philadelphia 76ers on Tuesday."
1,"Sharon, with Party Backing, Invites Labour Into Govt"," JERUSALEM (Reuters) - Israeli Prime Minister Ariel Sharon  on Friday invited the opposition Labour Party to begin talks to  form a unity government, a move that would avoid early  elections and pave the way for a withdrawal from Gaza."
2,Vikings RB Onterrio Smith suspended,"Minneapolis, MN (Sports Network) - Minnesota Vikings running back Onterrio Smith, who has been suspended four games for violating the NFL #39;s substance abuse policy, will begin serving that suspension Sunday."
1,Stocks Climb on Drop in Consumer Prices,"NEW YORK - Stocks rose for a second straight session Tuesday as a drop in consumer prices allowed investors to put aside worries about inflation, at least for the short term.    With gasoline prices falling to eight-month lows, the Consumer Price Index registered a small drop in July, giving consumers a respite from soaring energy prices..."
3,"Bombardier, DaimlerChrysler Settle","Bombardier Inc. (BBDb.TO: Quote, Profile, Research) and DaimlerChrysler AG (DCXGn.DE: Quote, Profile, Research) ended a three-year dispute over the Montreal company #39;s acquisition of train "
1,Henman Sails at the Swiss Indoors,"&lt;p&gt;&lt;/p&gt;&lt;p&gt; By Mark Ledsom&lt;/p&gt;&lt;p&gt; BASEL (Reuters) - Britain's world number four Tim Henmanwon his opening match at the Swiss Indoors tennis tournamentwith little difficulty on Wednesday, beating Frenchman AntonyDupuis 6-3, 6-4.&lt;/p&gt;"
1,US mounts fresh attack on Taliban,The US-led militarycoalition in Afghanistan has beguna big offensive against militants loyal to the ousted Taliban regime in an attempt to quash any attempt to disrupt parliamentary elections next spring.
4,Feds Make A Strike Against Spyware Companies,"WASHINGTON -- In what regulators are calling a first, the federal government has asked for a court order to shut down a spyware operation."
2,Mass. court denies new trial for convict,BOSTON -- The state appeals court on Thursday declined to allow a new trial for a father convicted of beating a man to death at their sons #39; hockey practice.
1,Hussein Beat Sanctions With Bribes,"Saddam Hussein made \$11 billion in illegal income and eroded the world's toughest economic embargo during his final years as Iraq's leader through shrewd schemes to secretly buy off dozens of countries, top foreign officials and major international figures,  said a new report by the chief U.S. weapons inspector released yesterday."
3,FDA OKs Kit Used with Hemophilia Therapy, CHICAGO (Reuters) - Wyeth Pharmaceuticals said on Monday it  received U.S. regulatory approval for a kit designed to help  patients with the blood disorder hemophilia get regular  treatments more quickly and safely.
3,Important Rules for Phone Market Face F.C.C. Vote,"Next week, the FCC will likely change the rules on unbundled networks largely in ways favorable to the Regional bells."
1,Low Turnout Sinks Macedonian Bid to Kill Rights Bill," SKOPJE (Reuters) - A referendum bid to block a law that  gives Macedonia's Albanian minority more rights failed on  Sunday, upholding a Western-brokered peace plan which ended  ethnic fighting in 2001."
4,Radeon X850 Released,VisionTek announced today the official launch of its XTASY RADEON X850 XT PCI Express Graphics Accelerator card.  quot;We #39;ve been overwhelmed by customer requests for a top of the line VisionTek 16X PCI Express 
3,Nevadans to benefit from sales tax deduction #39;s return,WASHINGTON -- Gaylyn Spriggs can remember two decades back when she would keep every grocery and department store receipt in a shoebox on a closet shelf.
4,GoldenEye: Rogue Agent golden,"EA #39;s James Bond-baddie shooter has left its secret headquarters and taken over the factory. Like an evil genius announcing his demands, Electronic Arts has let the world know that GoldenEye: Rogue Agent has gone gold."
1,France defends itself against accusations of excessive force in &lt;b&gt;...&lt;/b&gt;,"ABIDJAN, Ivory Coast (CP) - France defended itself Friday against accusations by Ivory Coast authorities, and some western evacuees, that it used excessive force to protect foreigners against violent mobs during five days of upheaval in its former West "
2,So. Cal Player Investigated in Sex Assault (AP),"AP - At least one member of the top-ranked Southern California football team is under investigation for sexual assault, the Los Angeles Police Department said Tuesday."
3,How the credit policy will affect you,"The Reserve Bank of India announced the mid-term review of its monetary policy on Tuesday. Though the central Bank kept away from the much expected interest rate hike, the policy contained recommendations "
2,Robertson emerges with time,"A debate on draft day 2003 was whether the Patriots should have moved up to take Kentucky defensive lineman Dewayne Robertson , who was picked fourth overall by the Jets. After he had a subpar rookie season, the feeling was the Patriots made the right choice, though they took Ty Warren 13th overall that year and he also ..."
2,Royals pain for Tigers; KC wins season series,"For all their rejuvenation, the Tigers have lost the season series to the Kansas City Royals, who own the American League #39;s worst record and don #39;t have a winning mark against another AL club."
4,Iraq's Neighbors to Get Little for Environment Loss (Reuters),"Reuters - Iraq's neighbors want tens of billions\of dollars for environmental damage done in the 1990-1 Gulf\conflict, but are set to get only paltry funds from the United"
